segmento,fecha,estrategia,cluster,n_agentes,mediana_margen_cop_kwh,media_margen_cop_kwh,puesto_del_dia
GRANDE,2026-01-01,Integrado/regional regulado,1,5,-43.4,-43.05,2
GRANDE,2026-01-01,Trader no regulado,0,1,-37.06,-37.06,1
GRANDE,2026-01-01,Trader con sobrecobertura de contratos,4,1,-358.02,-358.02,3
GRANDE,2026-01-02,Integrado/regional regulado,1,5,-48.36,-53.05,1
GRANDE,2026-01-02,Trader no regulado,0,1,-51.15,-51.15,2
GRANDE,2026-01-02,Trader con sobrecobertura de contratos,4,1,-282.02,-282.02,3
GRANDE,2026-01-03,Integrado/regional regulado,1,5,-47.74,-46.79,1
GRANDE,2026-01-03,Trader no regulado,0,1,-51.76,-51.76,2
GRANDE,2026-01-03,Trader con sobrecobertura de contratos,4,1,-220.66,-220.66,3
GRANDE,2026-01-04,Integrado/regional regulado,1,5,-47.1,-45.97,2
GRANDE,2026-01-04,Trader no regulado,0,1,-40.14,-40.14,1
GRANDE,2026-01-04,Trader con sobrecobertura de contratos,4,1,-217.27,-217.27,3
GRANDE,2026-01-05,Integrado/regional regulado,1,5,-51.99,-50.93,2
GRANDE,2026-01-05,Trader no regulado,0,1,-47.85,-47.85,1
GRANDE,2026-01-05,Trader con sobrecobertura de contratos,4,1,-170.82,-170.82,3
GRANDE,2026-01-06,Integrado/regional regulado,1,5,-49.29,-48.8,2
GRANDE,2026-01-06,Trader no regulado,0,1,-45.52,-45.52,1
GRANDE,2026-01-06,Trader con sobrecobertura de contratos,4,1,-145.63,-145.63,3
GRANDE,2026-01-07,Integrado/regional regulado,1,5,-45.95,-44.73,2
GRANDE,2026-01-07,Trader no regulado,0,1,-32.27,-32.27,1
GRANDE,2026-01-07,Trader con sobrecobertura de contratos,4,1,-123.64,-123.64,3
GRANDE,2026-01-08,Integrado/regional regulado,1,5,-44.32,-38.17,2
GRANDE,2026-01-08,Trader no regulado,0,1,-9.93,-9.93,1
GRANDE,2026-01-08,Trader con sobrecobertura de contratos,4,1,-126.57,-126.57,3
GRANDE,2026-01-09,Integrado/regional regulado,1,5,-39.14,-36.85,2
GRANDE,2026-01-09,Trader no regulado,0,1,-9.12,-9.12,1
GRANDE,2026-01-09,Trader con sobrecobertura de contratos,4,1,-144.49,-144.49,3
GRANDE,2026-01-10,Integrado/regional regulado,1,5,-41.53,-37.24,2
GRANDE,2026-01-10,Trader no regulado,0,1,-7.81,-7.81,1
GRANDE,2026-01-10,Trader con sobrecobertura de contratos,4,1,-143.5,-143.5,3
GRANDE,2026-01-11,Integrado/regional regulado,1,5,-35.94,-32.47,2
GRANDE,2026-01-11,Trader no regulado,0,1,7.5,7.5,1
GRANDE,2026-01-11,Trader con sobrecobertura de contratos,4,1,-147.51,-147.51,3
GRANDE,2026-01-12,Integrado/regional regulado,1,5,-34.73,-36.08,2
GRANDE,2026-01-12,Trader no regulado,0,1,-0.06,-0.06,1
GRANDE,2026-01-12,Trader con sobrecobertura de contratos,4,1,-138.51,-138.51,3
GRANDE,2026-01-13,Integrado/regional regulado,1,5,-38.58,-35.83,2
GRANDE,2026-01-13,Trader no regulado,0,1,0.88,0.88,1
GRANDE,2026-01-13,Trader con sobrecobertura de contratos,4,1,-144.54,-144.54,3
GRANDE,2026-01-14,Integrado/regional regulado,1,5,-35.71,-33.58,2
GRANDE,2026-01-14,Trader no regulado,0,1,2.29,2.29,1
GRANDE,2026-01-14,Trader con sobrecobertura de contratos,4,1,-120.42,-120.42,3
GRANDE,2026-01-15,Integrado/regional regulado,1,5,-35.44,-33.58,2
GRANDE,2026-01-15,Trader no regulado,0,1,3.69,3.69,1
GRANDE,2026-01-15,Trader con sobrecobertura de contratos,4,1,-103.88,-103.88,3
GRANDE,2026-01-16,Integrado/regional regulado,1,5,-33.76,-29.83,2
GRANDE,2026-01-16,Trader no regulado,0,1,6.59,6.59,1
GRANDE,2026-01-16,Trader con sobrecobertura de contratos,4,1,-126.15,-126.15,3
GRANDE,2026-01-17,Integrado/regional regulado,1,5,-31.34,-28.81,2
GRANDE,2026-01-17,Trader no regulado,0,1,8.12,8.12,1
GRANDE,2026-01-17,Trader con sobrecobertura de contratos,4,1,-127.48,-127.48,3
GRANDE,2026-01-18,Integrado/regional regulado,1,5,-29.33,-28.76,2
GRANDE,2026-01-18,Trader no regulado,0,1,7.69,7.69,1
GRANDE,2026-01-18,Trader con sobrecobertura de contratos,4,1,-166.7,-166.7,3
GRANDE,2026-01-19,Integrado/regional regulado,1,5,-33.92,-29.68,2
GRANDE,2026-01-19,Trader no regulado,0,1,0.62,0.62,1
GRANDE,2026-01-19,Trader con sobrecobertura de contratos,4,1,-189.13,-189.13,3
GRANDE,2026-01-20,Integrado/regional regulado,1,5,-34.52,-32.45,2
GRANDE,2026-01-20,Trader no regulado,0,1,-12.64,-12.64,1
GRANDE,2026-01-20,Trader con sobrecobertura de contratos,4,1,-157.38,-157.38,3
GRANDE,2026-01-21,Integrado/regional regulado,1,5,-34.09,-33.0,2
GRANDE,2026-01-21,Trader no regulado,0,1,-8.1,-8.1,1
GRANDE,2026-01-21,Trader con sobrecobertura de contratos,4,1,-134.4,-134.4,3
GRANDE,2026-01-22,Integrado/regional regulado,1,5,-34.58,-33.62,2
GRANDE,2026-01-22,Trader no regulado,0,1,-4.29,-4.29,1
GRANDE,2026-01-22,Trader con sobrecobertura de contratos,4,1,-125.0,-125.0,3
GRANDE,2026-01-23,Integrado/regional regulado,1,5,-34.63,-34.41,2
GRANDE,2026-01-23,Trader no regulado,0,1,-10.74,-10.74,1
GRANDE,2026-01-23,Trader con sobrecobertura de contratos,4,1,-123.98,-123.98,3
GRANDE,2026-01-24,Integrado/regional regulado,1,5,-35.13,-35.86,2
GRANDE,2026-01-24,Trader no regulado,0,1,-11.92,-11.92,1
GRANDE,2026-01-24,Trader con sobrecobertura de contratos,4,1,-136.18,-136.18,3
GRANDE,2026-01-25,Integrado/regional regulado,1,5,-30.69,-34.08,2
GRANDE,2026-01-25,Trader no regulado,0,1,-19.19,-19.19,1
GRANDE,2026-01-25,Trader con sobrecobertura de contratos,4,1,-180.7,-180.7,3
GRANDE,2026-01-26,Integrado/regional regulado,1,5,-36.7,-37.26,2
GRANDE,2026-01-26,Trader no regulado,0,1,-26.13,-26.13,1
GRANDE,2026-01-26,Trader con sobrecobertura de contratos,4,1,-172.08,-172.08,3
GRANDE,2026-01-27,Integrado/regional regulado,1,5,-39.06,-39.67,2
GRANDE,2026-01-27,Trader no regulado,0,1,-28.73,-28.73,1
GRANDE,2026-01-27,Trader con sobrecobertura de contratos,4,1,-128.46,-128.46,3
GRANDE,2026-01-28,Integrado/regional regulado,1,5,-39.12,-40.49,2
GRANDE,2026-01-28,Trader no regulado,0,1,-26.54,-26.54,1
GRANDE,2026-01-28,Trader con sobrecobertura de contratos,4,1,-134.93,-134.93,3
GRANDE,2026-01-29,Integrado/regional regulado,1,5,-34.42,-35.01,2
GRANDE,2026-01-29,Trader no regulado,0,1,-22.4,-22.4,1
GRANDE,2026-01-29,Trader con sobrecobertura de contratos,4,1,-135.27,-135.27,3
GRANDE,2026-01-30,Integrado/regional regulado,1,5,-36.02,-36.09,2
GRANDE,2026-01-30,Trader no regulado,0,1,-12.65,-12.65,1
GRANDE,2026-01-30,Trader con sobrecobertura de contratos,4,1,-127.23,-127.23,3
GRANDE,2026-01-31,Integrado/regional regulado,1,5,-36.29,-37.67,2
GRANDE,2026-01-31,Trader no regulado,0,1,-20.99,-20.99,1
GRANDE,2026-01-31,Trader con sobrecobertura de contratos,4,1,-160.56,-160.56,3
GRANDE,2026-02-01,Integrado/regional regulado,1,5,-32.06,-48.78,2
GRANDE,2026-02-01,Trader no regulado,0,1,-5.63,-5.63,1
GRANDE,2026-02-01,Trader con sobrecobertura de contratos,4,1,-186.96,-186.96,3
GRANDE,2026-02-02,Integrado/regional regulado,1,5,-39.05,-53.69,2
GRANDE,2026-02-02,Trader no regulado,0,1,-1.34,-1.34,1
GRANDE,2026-02-02,Trader con sobrecobertura de contratos,4,1,-205.89,-205.89,3
GRANDE,2026-02-03,Integrado/regional regulado,1,5,-24.04,-43.86,2
GRANDE,2026-02-03,Trader no regulado,0,1,1.89,1.89,1
GRANDE,2026-02-03,Trader con sobrecobertura de contratos,4,1,-159.94,-159.94,3
GRANDE,2026-02-04,Integrado/regional regulado,1,5,-18.62,-34.52,2
GRANDE,2026-02-04,Trader no regulado,0,1,-1.58,-1.58,1
GRANDE,2026-02-04,Trader con sobrecobertura de contratos,4,1,-124.54,-124.54,3
GRANDE,2026-02-05,Integrado/regional regulado,1,5,-10.85,-24.55,2
GRANDE,2026-02-05,Trader no regulado,0,1,2.25,2.25,1
GRANDE,2026-02-05,Trader con sobrecobertura de contratos,4,1,-124.98,-124.98,3
GRANDE,2026-02-06,Integrado/regional regulado,1,5,-13.21,-31.65,2
GRANDE,2026-02-06,Trader no regulado,0,1,3.12,3.12,1
GRANDE,2026-02-06,Trader con sobrecobertura de contratos,4,1,-111.52,-111.52,3
GRANDE,2026-02-07,Integrado/regional regulado,1,5,-13.64,-30.71,2
GRANDE,2026-02-07,Trader no regulado,0,1,1.11,1.11,1
GRANDE,2026-02-07,Trader con sobrecobertura de contratos,4,1,-140.61,-140.61,3
GRANDE,2026-02-08,Integrado/regional regulado,1,5,-19.83,-35.02,2
GRANDE,2026-02-08,Trader no regulado,0,1,-0.91,-0.91,1
GRANDE,2026-02-08,Trader con sobrecobertura de contratos,4,1,-163.72,-163.72,3
GRANDE,2026-02-09,Integrado/regional regulado,1,5,-7.29,-22.12,2
GRANDE,2026-02-09,Trader no regulado,0,1,5.94,5.94,1
GRANDE,2026-02-09,Trader con sobrecobertura de contratos,4,1,-146.4,-146.4,3
GRANDE,2026-02-10,Integrado/regional regulado,1,5,-7.81,-19.08,2
GRANDE,2026-02-10,Trader no regulado,0,1,1.7,1.7,1
GRANDE,2026-02-10,Trader con sobrecobertura de contratos,4,1,-126.53,-126.53,3
GRANDE,2026-02-11,Integrado/regional regulado,1,5,-9.03,-21.4,2
GRANDE,2026-02-11,Trader no regulado,0,1,-2.41,-2.41,1
GRANDE,2026-02-11,Trader con sobrecobertura de contratos,4,1,-122.66,-122.66,3
GRANDE,2026-02-12,Integrado/regional regulado,1,5,-8.11,-21.39,2
GRANDE,2026-02-12,Trader no regulado,0,1,1.13,1.13,1
GRANDE,2026-02-12,Trader con sobrecobertura de contratos,4,1,-122.88,-122.88,3
GRANDE,2026-02-13,Integrado/regional regulado,1,5,-9.81,-22.39,2
GRANDE,2026-02-13,Trader no regulado,0,1,6.65,6.65,1
GRANDE,2026-02-13,Trader con sobrecobertura de contratos,4,1,-111.39,-111.39,3
GRANDE,2026-02-14,Integrado/regional regulado,1,5,-8.71,-20.29,2
GRANDE,2026-02-14,Trader no regulado,0,1,5.91,5.91,1
GRANDE,2026-02-14,Trader con sobrecobertura de contratos,4,1,-141.34,-141.34,3
GRANDE,2026-02-15,Integrado/regional regulado,1,5,-11.8,-22.71,2
GRANDE,2026-02-15,Trader no regulado,0,1,4.32,4.32,1
GRANDE,2026-02-15,Trader con sobrecobertura de contratos,4,1,-134.14,-134.14,3
GRANDE,2026-02-16,Integrado/regional regulado,1,5,-8.41,-20.06,2
GRANDE,2026-02-16,Trader no regulado,0,1,7.73,7.73,1
GRANDE,2026-02-16,Trader con sobrecobertura de contratos,4,1,-165.79,-165.79,3
GRANDE,2026-02-17,Integrado/regional regulado,1,5,-11.43,-22.72,2
GRANDE,2026-02-17,Trader no regulado,0,1,5.44,5.44,1
GRANDE,2026-02-17,Trader con sobrecobertura de contratos,4,1,-137.76,-137.76,3
GRANDE,2026-02-18,Integrado/regional regulado,1,5,-12.36,-24.14,2
GRANDE,2026-02-18,Trader no regulado,0,1,0.11,0.11,1
GRANDE,2026-02-18,Trader con sobrecobertura de contratos,4,1,-121.7,-121.7,3
GRANDE,2026-02-19,Integrado/regional regulado,1,5,-9.64,-20.93,2
GRANDE,2026-02-19,Trader no regulado,0,1,0.34,0.34,1
GRANDE,2026-02-19,Trader con sobrecobertura de contratos,4,1,-107.0,-107.0,3
GRANDE,2026-02-20,Integrado/regional regulado,1,5,-6.85,-18.43,2
GRANDE,2026-02-20,Trader no regulado,0,1,2.37,2.37,1
GRANDE,2026-02-20,Trader con sobrecobertura de contratos,4,1,-96.97,-96.97,3
GRANDE,2026-02-21,Integrado/regional regulado,1,5,-5.96,-15.73,2
GRANDE,2026-02-21,Trader no regulado,0,1,3.64,3.64,1
GRANDE,2026-02-21,Trader con sobrecobertura de contratos,4,1,-113.42,-113.42,3
GRANDE,2026-02-22,Integrado/regional regulado,1,5,-8.13,-16.96,2
GRANDE,2026-02-22,Trader no regulado,0,1,4.24,4.24,1
GRANDE,2026-02-22,Trader con sobrecobertura de contratos,4,1,-114.92,-114.92,3
GRANDE,2026-02-23,Integrado/regional regulado,1,5,-7.09,-19.93,2
GRANDE,2026-02-23,Trader no regulado,0,1,10.52,10.52,1
GRANDE,2026-02-23,Trader con sobrecobertura de contratos,4,1,-111.35,-111.35,3
GRANDE,2026-02-24,Integrado/regional regulado,1,5,-9.45,-22.59,2
GRANDE,2026-02-24,Trader no regulado,0,1,12.06,12.06,1
GRANDE,2026-02-24,Trader con sobrecobertura de contratos,4,1,-106.06,-106.06,3
GRANDE,2026-02-25,Integrado/regional regulado,1,5,-9.49,-23.54,2
GRANDE,2026-02-25,Trader no regulado,0,1,6.31,6.31,1
GRANDE,2026-02-25,Trader con sobrecobertura de contratos,4,1,-109.05,-109.05,3
GRANDE,2026-02-26,Integrado/regional regulado,1,5,-7.42,-19.75,2
GRANDE,2026-02-26,Trader no regulado,0,1,2.58,2.58,1
GRANDE,2026-02-26,Trader con sobrecobertura de contratos,4,1,-102.11,-102.11,3
GRANDE,2026-02-27,Integrado/regional regulado,1,5,-6.94,-18.82,2
GRANDE,2026-02-27,Trader no regulado,0,1,4.73,4.73,1
GRANDE,2026-02-27,Trader con sobrecobertura de contratos,4,1,-113.63,-113.63,3
GRANDE,2026-02-28,Integrado/regional regulado,1,5,-7.97,-19.37,2
GRANDE,2026-02-28,Trader no regulado,0,1,5.93,5.93,1
GRANDE,2026-02-28,Trader con sobrecobertura de contratos,4,1,-124.29,-124.29,3
GRANDE,2026-03-01,Integrado/regional regulado,1,5,-13.5,-15.05,2
GRANDE,2026-03-01,Trader no regulado,0,1,11.91,11.91,1
GRANDE,2026-03-01,Trader con sobrecobertura de contratos,4,1,-158.63,-158.63,3
GRANDE,2026-03-02,Integrado/regional regulado,1,5,-6.95,-13.6,2
GRANDE,2026-03-02,Trader no regulado,0,1,10.62,10.62,1
GRANDE,2026-03-02,Trader con sobrecobertura de contratos,4,1,-173.41,-173.41,3
GRANDE,2026-03-03,Integrado/regional regulado,1,5,-15.02,-19.53,2
GRANDE,2026-03-03,Trader no regulado,0,1,7.32,7.32,1
GRANDE,2026-03-03,Trader con sobrecobertura de contratos,4,1,-125.34,-125.34,3
GRANDE,2026-03-04,Integrado/regional regulado,1,5,-13.97,-17.93,2
GRANDE,2026-03-04,Trader no regulado,0,1,8.16,8.16,1
GRANDE,2026-03-04,Trader con sobrecobertura de contratos,4,1,-110.62,-110.62,3
GRANDE,2026-03-05,Integrado/regional regulado,1,5,-14.08,-14.36,2
GRANDE,2026-03-05,Trader no regulado,0,1,11.66,11.66,1
GRANDE,2026-03-05,Trader con sobrecobertura de contratos,4,1,-108.13,-108.13,3
GRANDE,2026-03-06,Integrado/regional regulado,1,5,-9.72,-10.09,2
GRANDE,2026-03-06,Trader no regulado,0,1,16.71,16.71,1
GRANDE,2026-03-06,Trader con sobrecobertura de contratos,4,1,-104.62,-104.62,3
GRANDE,2026-03-07,Integrado/regional regulado,1,5,-9.53,-12.25,2
GRANDE,2026-03-07,Trader no regulado,0,1,13.25,13.25,1
GRANDE,2026-03-07,Trader con sobrecobertura de contratos,4,1,-112.89,-112.89,3
GRANDE,2026-03-08,Integrado/regional regulado,1,5,-17.92,-16.03,2
GRANDE,2026-03-08,Trader no regulado,0,1,15.0,15.0,1
GRANDE,2026-03-08,Trader con sobrecobertura de contratos,4,1,-147.65,-147.65,3
GRANDE,2026-03-09,Integrado/regional regulado,1,5,-12.93,-12.77,2
GRANDE,2026-03-09,Trader no regulado,0,1,17.34,17.34,1
GRANDE,2026-03-09,Trader con sobrecobertura de contratos,4,1,-127.12,-127.12,3
GRANDE,2026-03-10,Integrado/regional regulado,1,5,-25.1,-25.44,2
GRANDE,2026-03-10,Trader no regulado,0,1,-11.07,-11.07,1
GRANDE,2026-03-10,Trader con sobrecobertura de contratos,4,1,-119.95,-119.95,3
GRANDE,2026-03-11,Integrado/regional regulado,1,5,-32.33,-33.77,2
GRANDE,2026-03-11,Trader no regulado,0,1,-21.4,-21.4,1
GRANDE,2026-03-11,Trader con sobrecobertura de contratos,4,1,-103.41,-103.41,3
GRANDE,2026-03-12,Integrado/regional regulado,1,5,-31.88,-33.99,2
GRANDE,2026-03-12,Trader no regulado,0,1,-17.59,-17.59,1
GRANDE,2026-03-12,Trader con sobrecobertura de contratos,4,1,-110.41,-110.41,3
GRANDE,2026-03-13,Integrado/regional regulado,1,5,-28.09,-31.03,2
GRANDE,2026-03-13,Trader no regulado,0,1,-13.09,-13.09,1
GRANDE,2026-03-13,Trader con sobrecobertura de contratos,4,1,-117.69,-117.69,3
GRANDE,2026-03-14,Integrado/regional regulado,1,5,-30.92,-32.76,2
GRANDE,2026-03-14,Trader no regulado,0,1,-21.74,-21.74,1
GRANDE,2026-03-14,Trader con sobrecobertura de contratos,4,1,-121.93,-121.93,3
GRANDE,2026-03-15,Integrado/regional regulado,1,5,-34.09,-34.67,2
GRANDE,2026-03-15,Trader no regulado,0,1,-23.67,-23.67,1
GRANDE,2026-03-15,Trader con sobrecobertura de contratos,4,1,-138.15,-138.15,3
GRANDE,2026-03-16,Integrado/regional regulado,1,5,-47.85,-48.89,1
GRANDE,2026-03-16,Trader no regulado,0,1,-47.88,-47.88,2
GRANDE,2026-03-16,Trader con sobrecobertura de contratos,4,1,-132.35,-132.35,3
GRANDE,2026-03-17,Integrado/regional regulado,1,5,-52.3,-52.41,1
GRANDE,2026-03-17,Trader no regulado,0,1,-53.65,-53.65,2
GRANDE,2026-03-17,Trader con sobrecobertura de contratos,4,1,-142.61,-142.61,3
GRANDE,2026-03-18,Integrado/regional regulado,1,5,-52.69,-52.66,1
GRANDE,2026-03-18,Trader no regulado,0,1,-53.21,-53.21,2
GRANDE,2026-03-18,Trader con sobrecobertura de contratos,4,1,-135.75,-135.75,3
GRANDE,2026-03-19,Integrado/regional regulado,1,5,-56.59,-57.51,1
GRANDE,2026-03-19,Trader no regulado,0,1,-57.4,-57.4,2
GRANDE,2026-03-19,Trader con sobrecobertura de contratos,4,1,-138.45,-138.45,3
GRANDE,2026-03-20,Integrado/regional regulado,1,5,-55.16,-56.05,1
GRANDE,2026-03-20,Trader no regulado,0,1,-57.41,-57.41,2
GRANDE,2026-03-20,Trader con sobrecobertura de contratos,4,1,-127.63,-127.63,3
GRANDE,2026-03-21,Integrado/regional regulado,1,5,-50.69,-51.73,1
GRANDE,2026-03-21,Trader no regulado,0,1,-51.38,-51.38,2
GRANDE,2026-03-21,Trader con sobrecobertura de contratos,4,1,-126.32,-126.32,3
GRANDE,2026-03-22,Integrado/regional regulado,1,5,-47.54,-51.59,2
GRANDE,2026-03-22,Trader no regulado,0,1,-46.53,-46.53,1
GRANDE,2026-03-22,Trader con sobrecobertura de contratos,4,1,-150.02,-150.02,3
GRANDE,2026-03-23,Integrado/regional regulado,1,5,-50.2,-51.78,1
GRANDE,2026-03-23,Trader no regulado,0,1,-50.42,-50.42,2
GRANDE,2026-03-23,Trader con sobrecobertura de contratos,4,1,-132.24,-132.24,3
GRANDE,2026-03-24,Integrado/regional regulado,1,5,-46.54,-47.63,2
GRANDE,2026-03-24,Trader no regulado,0,1,-44.99,-44.99,1
GRANDE,2026-03-24,Trader con sobrecobertura de contratos,4,1,-133.84,-133.84,3
GRANDE,2026-03-25,Integrado/regional regulado,1,5,-49.29,-49.92,1
GRANDE,2026-03-25,Trader no regulado,0,1,-49.6,-49.6,2
GRANDE,2026-03-25,Trader con sobrecobertura de contratos,4,1,-108.39,-108.39,3
GRANDE,2026-03-26,Integrado/regional regulado,1,5,-48.41,-49.18,1
GRANDE,2026-03-26,Trader no regulado,0,1,-48.42,-48.42,2
GRANDE,2026-03-26,Trader con sobrecobertura de contratos,4,1,-120.35,-120.35,3
GRANDE,2026-03-27,Integrado/regional regulado,1,5,-43.08,-43.52,2
GRANDE,2026-03-27,Trader no regulado,0,1,-39.34,-39.34,1
GRANDE,2026-03-27,Trader con sobrecobertura de contratos,4,1,-125.98,-125.98,3
GRANDE,2026-03-28,Integrado/regional regulado,1,5,-30.24,-31.1,2
GRANDE,2026-03-28,Trader no regulado,0,1,-20.22,-20.22,1
GRANDE,2026-03-28,Trader con sobrecobertura de contratos,4,1,-118.19,-118.19,3
GRANDE,2026-03-29,Integrado/regional regulado,1,5,-22.69,-24.27,2
GRANDE,2026-03-29,Trader no regulado,0,1,-7.28,-7.28,1
GRANDE,2026-03-29,Trader con sobrecobertura de contratos,4,1,-149.6,-149.6,3
GRANDE,2026-03-30,Integrado/regional regulado,1,5,-29.72,-30.84,2
GRANDE,2026-03-30,Trader no regulado,0,1,-17.03,-17.03,1
GRANDE,2026-03-30,Trader con sobrecobertura de contratos,4,1,-138.71,-138.71,3
GRANDE,2026-03-31,Integrado/regional regulado,1,5,-30.66,-32.1,2
GRANDE,2026-03-31,Trader no regulado,0,1,-22.27,-22.27,1
GRANDE,2026-03-31,Trader con sobrecobertura de contratos,4,1,-135.57,-135.57,3
GRANDE,2026-04-01,Integrado/regional regulado,1,5,-31.08,-33.81,2
GRANDE,2026-04-01,Trader no regulado,0,1,-18.95,-18.95,1
GRANDE,2026-04-01,Trader con sobrecobertura de contratos,4,1,-181.65,-181.65,3
GRANDE,2026-04-02,Integrado/regional regulado,1,5,-27.32,-33.33,2
GRANDE,2026-04-02,Trader no regulado,0,1,-6.51,-6.51,1
GRANDE,2026-04-02,Trader con sobrecobertura de contratos,4,1,-179.13,-179.13,3
GRANDE,2026-04-03,Integrado/regional regulado,1,5,-31.18,-34.39,2
GRANDE,2026-04-03,Trader no regulado,0,1,-3.2,-3.2,1
GRANDE,2026-04-03,Trader con sobrecobertura de contratos,4,1,-212.66,-212.66,3
GRANDE,2026-04-04,Integrado/regional regulado,1,5,-31.92,-32.28,2
GRANDE,2026-04-04,Trader no regulado,0,1,-7.06,-7.06,1
GRANDE,2026-04-04,Trader con sobrecobertura de contratos,4,1,-229.83,-229.83,3
GRANDE,2026-04-05,Integrado/regional regulado,1,5,-22.81,-27.48,2
GRANDE,2026-04-05,Trader no regulado,0,1,-12.64,-12.64,1
GRANDE,2026-04-05,Trader con sobrecobertura de contratos,4,1,-206.65,-206.65,3
GRANDE,2026-04-06,Integrado/regional regulado,1,5,-37.39,-38.77,2
GRANDE,2026-04-06,Trader no regulado,0,1,-29.45,-29.45,1
GRANDE,2026-04-06,Trader con sobrecobertura de contratos,4,1,-203.87,-203.87,3
GRANDE,2026-04-07,Integrado/regional regulado,1,5,-43.57,-44.35,2
GRANDE,2026-04-07,Trader no regulado,0,1,-38.11,-38.11,1
GRANDE,2026-04-07,Trader con sobrecobertura de contratos,4,1,-142.83,-142.83,3
GRANDE,2026-04-08,Integrado/regional regulado,1,5,-46.19,-47.3,2
GRANDE,2026-04-08,Trader no regulado,0,1,-42.09,-42.09,1
GRANDE,2026-04-08,Trader con sobrecobertura de contratos,4,1,-127.18,-127.18,3
GRANDE,2026-04-09,Integrado/regional regulado,1,5,-48.41,-49.15,2
GRANDE,2026-04-09,Trader no regulado,0,1,-46.08,-46.08,1
GRANDE,2026-04-09,Trader con sobrecobertura de contratos,4,1,-133.73,-133.73,3
GRANDE,2026-04-10,Integrado/regional regulado,1,5,-51.61,-52.25,2
GRANDE,2026-04-10,Trader no regulado,0,1,-51.23,-51.23,1
GRANDE,2026-04-10,Trader con sobrecobertura de contratos,4,1,-140.9,-140.9,3
GRANDE,2026-04-11,Integrado/regional regulado,1,5,-47.26,-48.69,2
GRANDE,2026-04-11,Trader no regulado,0,1,-45.53,-45.53,1
GRANDE,2026-04-11,Trader con sobrecobertura de contratos,4,1,-130.43,-130.43,3
GRANDE,2026-04-12,Integrado/regional regulado,1,5,-47.29,-48.32,2
GRANDE,2026-04-12,Trader no regulado,0,1,-44.09,-44.09,1
GRANDE,2026-04-12,Trader con sobrecobertura de contratos,4,1,-168.22,-168.22,3
GRANDE,2026-04-13,Integrado/regional regulado,1,5,-64.13,-63.83,1
GRANDE,2026-04-13,Trader no regulado,0,1,-72.4,-72.4,2
GRANDE,2026-04-13,Trader con sobrecobertura de contratos,4,1,-179.3,-179.3,3
GRANDE,2026-04-14,Integrado/regional regulado,1,5,-69.8,-67.26,1
GRANDE,2026-04-14,Trader no regulado,0,1,-77.17,-77.17,2
GRANDE,2026-04-14,Trader con sobrecobertura de contratos,4,1,-178.78,-178.78,3
GRANDE,2026-04-15,Integrado/regional regulado,1,5,-64.72,-64.48,1
GRANDE,2026-04-15,Trader no regulado,0,1,-74.91,-74.91,2
GRANDE,2026-04-15,Trader con sobrecobertura de contratos,4,1,-170.17,-170.17,3
GRANDE,2026-04-16,Integrado/regional regulado,1,5,-66.25,-66.2,1
GRANDE,2026-04-16,Trader no regulado,0,1,-83.49,-83.49,2
GRANDE,2026-04-16,Trader con sobrecobertura de contratos,4,1,-154.36,-154.36,3
GRANDE,2026-04-17,Integrado/regional regulado,1,5,-62.95,-63.38,1
GRANDE,2026-04-17,Trader no regulado,0,1,-74.64,-74.64,2
GRANDE,2026-04-17,Trader con sobrecobertura de contratos,4,1,-130.74,-130.74,3
GRANDE,2026-04-18,Integrado/regional regulado,1,5,-53.48,-53.81,1
GRANDE,2026-04-18,Trader no regulado,0,1,-54.22,-54.22,2
GRANDE,2026-04-18,Trader con sobrecobertura de contratos,4,1,-123.69,-123.69,3
GRANDE,2026-04-19,Integrado/regional regulado,1,5,-37.22,-40.48,2
GRANDE,2026-04-19,Trader no regulado,0,1,-23.79,-23.79,1
GRANDE,2026-04-19,Trader con sobrecobertura de contratos,4,1,-135.73,-135.73,3
GRANDE,2026-04-20,Integrado/regional regulado,1,5,-47.18,-47.92,2
GRANDE,2026-04-20,Trader no regulado,0,1,-41.66,-41.66,1
GRANDE,2026-04-20,Trader con sobrecobertura de contratos,4,1,-155.75,-155.75,3
GRANDE,2026-04-21,Integrado/regional regulado,1,5,-49.47,-49.95,2
GRANDE,2026-04-21,Trader no regulado,0,1,-47.24,-47.24,1
GRANDE,2026-04-21,Trader con sobrecobertura de contratos,4,1,-135.95,-135.95,3
GRANDE,2026-04-22,Integrado/regional regulado,1,5,-46.53,-47.41,2
GRANDE,2026-04-22,Trader no regulado,0,1,-42.43,-42.43,1
GRANDE,2026-04-22,Trader con sobrecobertura de contratos,4,1,-116.35,-116.35,3
GRANDE,2026-04-23,Integrado/regional regulado,1,5,-45.86,-47.4,2
GRANDE,2026-04-23,Trader no regulado,0,1,-40.95,-40.95,1
GRANDE,2026-04-23,Trader con sobrecobertura de contratos,4,1,-106.14,-106.14,3
GRANDE,2026-04-24,Integrado/regional regulado,1,5,-49.02,-51.96,2
GRANDE,2026-04-24,Trader no regulado,0,1,-45.96,-45.96,1
GRANDE,2026-04-24,Trader con sobrecobertura de contratos,4,1,-124.2,-124.2,3
GRANDE,2026-04-25,Integrado/regional regulado,1,5,-44.17,-45.9,2
GRANDE,2026-04-25,Trader no regulado,0,1,-37.64,-37.64,1
GRANDE,2026-04-25,Trader con sobrecobertura de contratos,4,1,-121.44,-121.44,3
GRANDE,2026-04-26,Integrado/regional regulado,1,5,-42.65,-45.12,2
GRANDE,2026-04-26,Trader no regulado,0,1,-37.87,-37.87,1
GRANDE,2026-04-26,Trader con sobrecobertura de contratos,4,1,-152.62,-152.62,3
GRANDE,2026-04-27,Integrado/regional regulado,1,5,-47.45,-48.2,2
GRANDE,2026-04-27,Trader no regulado,0,1,-43.66,-43.66,1
GRANDE,2026-04-27,Trader con sobrecobertura de contratos,4,1,-154.41,-154.41,3
GRANDE,2026-04-28,Integrado/regional regulado,1,5,-43.39,-44.53,2
GRANDE,2026-04-28,Trader no regulado,0,1,-37.03,-37.03,1
GRANDE,2026-04-28,Trader con sobrecobertura de contratos,4,1,-119.87,-119.87,3
GRANDE,2026-04-29,Integrado/regional regulado,1,5,-39.6,-40.89,2
GRANDE,2026-04-29,Trader no regulado,0,1,-28.55,-28.55,1
GRANDE,2026-04-29,Trader con sobrecobertura de contratos,4,1,-136.81,-136.81,3
GRANDE,2026-04-30,Integrado/regional regulado,1,5,-37.5,-37.22,2
GRANDE,2026-04-30,Trader no regulado,0,1,-21.67,-21.67,1
GRANDE,2026-04-30,Trader con sobrecobertura de contratos,4,1,-141.94,-141.94,3
GRANDE,2026-05-01,Integrado/regional regulado,1,5,-42.46,-43.67,2
GRANDE,2026-05-01,Trader no regulado,0,1,-11.35,-11.35,1
GRANDE,2026-05-01,Trader con sobrecobertura de contratos,4,1,-145.99,-145.99,3
GRANDE,2026-05-02,Integrado/regional regulado,1,5,-47.53,-48.96,2
GRANDE,2026-05-02,Trader no regulado,0,1,-3.81,-3.81,1
GRANDE,2026-05-02,Trader con sobrecobertura de contratos,4,1,-179.1,-179.1,3
GRANDE,2026-05-03,Integrado/regional regulado,1,5,-52.74,-51.83,2
GRANDE,2026-05-03,Trader no regulado,0,1,-16.63,-16.63,1
GRANDE,2026-05-03,Trader con sobrecobertura de contratos,4,1,-175.8,-175.8,3
GRANDE,2026-05-04,Integrado/regional regulado,1,5,-55.97,-55.57,2
GRANDE,2026-05-04,Trader no regulado,0,1,-47.67,-47.67,1
GRANDE,2026-05-04,Trader con sobrecobertura de contratos,4,1,-174.93,-174.93,3
GRANDE,2026-05-05,Integrado/regional regulado,1,5,-58.68,-58.81,1
GRANDE,2026-05-05,Trader no regulado,0,1,-61.81,-61.81,2
GRANDE,2026-05-05,Trader con sobrecobertura de contratos,4,1,-135.87,-135.87,3
GRANDE,2026-05-06,Integrado/regional regulado,1,5,-56.6,-57.38,1
GRANDE,2026-05-06,Trader no regulado,0,1,-57.05,-57.05,2
GRANDE,2026-05-06,Trader con sobrecobertura de contratos,4,1,-145.4,-145.4,3
GRANDE,2026-05-07,Integrado/regional regulado,1,5,-56.21,-56.53,2
GRANDE,2026-05-07,Trader no regulado,0,1,-54.94,-54.94,1
GRANDE,2026-05-07,Trader con sobrecobertura de contratos,4,1,-141.81,-141.81,3
GRANDE,2026-05-08,Integrado/regional regulado,1,5,-59.13,-59.48,1
GRANDE,2026-05-08,Trader no regulado,0,1,-63.53,-63.53,2
GRANDE,2026-05-08,Trader con sobrecobertura de contratos,4,1,-129.43,-129.43,3
GRANDE,2026-05-09,Integrado/regional regulado,1,5,-45.02,-46.1,2
GRANDE,2026-05-09,Trader no regulado,0,1,-32.96,-32.96,1
GRANDE,2026-05-09,Trader con sobrecobertura de contratos,4,1,-134.89,-134.89,3
GRANDE,2026-05-10,Integrado/regional regulado,1,5,-52.69,-50.25,2
GRANDE,2026-05-10,Trader no regulado,0,1,-38.97,-38.97,1
GRANDE,2026-05-10,Trader con sobrecobertura de contratos,4,1,-157.49,-157.49,3
GRANDE,2026-05-11,Integrado/regional regulado,1,5,-64.25,-65.32,1
GRANDE,2026-05-11,Trader no regulado,0,1,-74.53,-74.53,2
GRANDE,2026-05-11,Trader con sobrecobertura de contratos,4,1,-171.78,-171.78,3
GRANDE,2026-05-12,Integrado/regional regulado,1,5,-90.33,-99.67,1
GRANDE,2026-05-12,Trader no regulado,0,1,-135.24,-135.24,2
GRANDE,2026-05-12,Trader con sobrecobertura de contratos,4,1,-139.34,-139.34,3
GRANDE,2026-05-13,Integrado/regional regulado,1,5,-107.83,-116.33,1
GRANDE,2026-05-13,Trader no regulado,0,1,-161.44,-161.44,3
GRANDE,2026-05-13,Trader con sobrecobertura de contratos,4,1,-146.07,-146.07,2
GRANDE,2026-05-14,Integrado/regional regulado,1,5,-120.87,-137.3,1
GRANDE,2026-05-14,Trader no regulado,0,1,-204.29,-204.29,3
GRANDE,2026-05-14,Trader con sobrecobertura de contratos,4,1,-133.92,-133.92,2
GRANDE,2026-05-15,Integrado/regional regulado,1,5,-118.53,-131.66,2
GRANDE,2026-05-15,Trader no regulado,0,1,-174.59,-174.59,3
GRANDE,2026-05-15,Trader con sobrecobertura de contratos,4,1,-117.33,-117.33,1
GRANDE,2026-05-16,Integrado/regional regulado,1,5,-94.59,-108.25,1
GRANDE,2026-05-16,Trader no regulado,0,1,-163.04,-163.04,3
GRANDE,2026-05-16,Trader con sobrecobertura de contratos,4,1,-126.28,-126.28,2
GRANDE,2026-05-17,Integrado/regional regulado,1,5,-79.97,-103.36,1
GRANDE,2026-05-17,Trader no regulado,0,1,-174.3,-174.3,3
GRANDE,2026-05-17,Trader con sobrecobertura de contratos,4,1,-154.98,-154.98,2
GRANDE,2026-05-18,Integrado/regional regulado,1,5,-94.44,-109.11,1
GRANDE,2026-05-18,Trader no regulado,0,1,-174.02,-174.02,3
GRANDE,2026-05-18,Trader con sobrecobertura de contratos,4,1,-143.35,-143.35,2
GRANDE,2026-05-19,Integrado/regional regulado,1,5,-117.72,-123.02,1
GRANDE,2026-05-19,Trader no regulado,0,1,-192.94,-192.94,3
GRANDE,2026-05-19,Trader con sobrecobertura de contratos,4,1,-138.28,-138.28,2
GRANDE,2026-05-20,Integrado/regional regulado,1,5,-125.16,-125.53,1
GRANDE,2026-05-20,Trader no regulado,0,1,-186.6,-186.6,3
GRANDE,2026-05-20,Trader con sobrecobertura de contratos,4,1,-130.58,-130.58,2
GRANDE,2026-05-21,Integrado/regional regulado,1,5,-106.21,-108.93,1
GRANDE,2026-05-21,Trader no regulado,0,1,-168.27,-168.27,3
GRANDE,2026-05-21,Trader con sobrecobertura de contratos,4,1,-119.72,-119.72,2
GRANDE,2026-05-22,Integrado/regional regulado,1,5,-88.79,-91.62,1
GRANDE,2026-05-22,Trader no regulado,0,1,-123.65,-123.65,3
GRANDE,2026-05-22,Trader con sobrecobertura de contratos,4,1,-122.13,-122.13,2
GRANDE,2026-05-23,Integrado/regional regulado,1,5,-94.69,-100.48,1
GRANDE,2026-05-23,Trader no regulado,0,1,-162.31,-162.31,3
GRANDE,2026-05-23,Trader con sobrecobertura de contratos,4,1,-142.84,-142.84,2
GRANDE,2026-05-24,Integrado/regional regulado,1,5,-76.4,-86.34,1
GRANDE,2026-05-24,Trader no regulado,0,1,-130.9,-130.9,2
GRANDE,2026-05-24,Trader con sobrecobertura de contratos,4,1,-176.8,-176.8,3
GRANDE,2026-05-25,Integrado/regional regulado,1,5,-95.89,-97.97,1
GRANDE,2026-05-25,Trader no regulado,0,1,-148.16,-148.16,2
GRANDE,2026-05-25,Trader con sobrecobertura de contratos,4,1,-186.01,-186.01,3
GRANDE,2026-05-26,Integrado/regional regulado,1,5,-95.86,-92.43,1
GRANDE,2026-05-26,Trader no regulado,0,1,-141.85,-141.85,2
GRANDE,2026-05-26,Trader con sobrecobertura de contratos,4,1,-190.11,-190.11,3
GRANDE,2026-05-27,Integrado/regional regulado,1,5,-87.73,-86.82,1
GRANDE,2026-05-27,Trader no regulado,0,1,-119.96,-119.96,2
GRANDE,2026-05-27,Trader con sobrecobertura de contratos,4,1,-173.07,-173.07,3
GRANDE,2026-05-28,Integrado/regional regulado,1,5,-72.23,-74.71,1
GRANDE,2026-05-28,Trader no regulado,0,1,-84.87,-84.87,2
GRANDE,2026-05-28,Trader con sobrecobertura de contratos,4,1,-149.7,-149.7,3
GRANDE,2026-05-29,Integrado/regional regulado,1,5,-65.47,-65.91,1
GRANDE,2026-05-29,Trader no regulado,0,1,-77.31,-77.31,2
GRANDE,2026-05-29,Trader con sobrecobertura de contratos,4,1,-123.37,-123.37,3
GRANDE,2026-05-30,Integrado/regional regulado,1,5,-58.56,-60.71,1
GRANDE,2026-05-30,Trader no regulado,0,1,-65.63,-65.63,2
GRANDE,2026-05-30,Trader con sobrecobertura de contratos,4,1,-153.35,-153.35,3
GRANDE,2026-05-31,Integrado/regional regulado,1,5,-59.35,-59.49,1
GRANDE,2026-05-31,Trader no regulado,0,1,-60.69,-60.69,2
GRANDE,2026-05-31,Trader con sobrecobertura de contratos,4,1,-193.48,-193.48,3
GRANDE,2026-06-01,Integrado/regional regulado,1,5,-77.24,-85.77,1
GRANDE,2026-06-01,Trader no regulado,0,1,-98.58,-98.58,2
GRANDE,2026-06-01,Trader con sobrecobertura de contratos,4,1,-190.85,-190.85,3
GRANDE,2026-06-02,Integrado/regional regulado,1,5,-79.44,-87.65,1
GRANDE,2026-06-02,Trader no regulado,0,1,-91.53,-91.53,2
GRANDE,2026-06-02,Trader con sobrecobertura de contratos,4,1,-177.44,-177.44,3
GRANDE,2026-06-03,Integrado/regional regulado,1,5,-78.29,-79.15,1
GRANDE,2026-06-03,Trader no regulado,0,1,-92.82,-92.82,2
GRANDE,2026-06-03,Trader con sobrecobertura de contratos,4,1,-156.57,-156.57,3
GRANDE,2026-06-04,Integrado/regional regulado,1,5,-72.5,-75.93,1
GRANDE,2026-06-04,Trader no regulado,0,1,-91.51,-91.51,2
GRANDE,2026-06-04,Trader con sobrecobertura de contratos,4,1,-129.61,-129.61,3
GRANDE,2026-06-05,Integrado/regional regulado,1,5,-83.03,-94.19,1
GRANDE,2026-06-05,Trader no regulado,0,1,-110.44,-110.44,2
GRANDE,2026-06-05,Trader con sobrecobertura de contratos,4,1,-123.73,-123.73,3
GRANDE,2026-06-06,Integrado/regional regulado,1,5,-73.91,-78.82,1
GRANDE,2026-06-06,Trader no regulado,0,1,-101.55,-101.55,2
GRANDE,2026-06-06,Trader con sobrecobertura de contratos,4,1,-141.93,-141.93,3
GRANDE,2026-06-07,Integrado/regional regulado,1,5,-63.24,-64.72,1
GRANDE,2026-06-07,Trader no regulado,0,1,-84.01,-84.01,2
GRANDE,2026-06-07,Trader con sobrecobertura de contratos,4,1,-160.14,-160.14,3
GRANDE,2026-06-08,Integrado/regional regulado,1,5,-62.17,-64.04,1
GRANDE,2026-06-08,Trader no regulado,0,1,-75.58,-75.58,2
GRANDE,2026-06-08,Trader con sobrecobertura de contratos,4,1,-155.66,-155.66,3
GRANDE,2026-06-09,Integrado/regional regulado,1,5,-63.49,-64.37,1
GRANDE,2026-06-09,Trader no regulado,0,1,-90.82,-90.82,2
GRANDE,2026-06-09,Trader con sobrecobertura de contratos,4,1,-180.88,-180.88,3
GRANDE,2026-06-10,Integrado/regional regulado,1,5,-59.67,-60.93,1
GRANDE,2026-06-10,Trader con sobrecobertura de contratos,4,2,-95.93,-119.97,2
GRANDE,2026-06-11,Integrado/regional regulado,1,5,-63.73,-66.73,1
GRANDE,2026-06-11,Trader con sobrecobertura de contratos,4,2,-99.58,-116.25,2
GRANDE,2026-06-12,Integrado/regional regulado,1,5,-66.26,-69.93,1
GRANDE,2026-06-12,Trader no regulado,0,1,-73.53,-73.53,2
GRANDE,2026-06-12,Trader con sobrecobertura de contratos,4,1,-128.23,-128.23,3
GRANDE,2026-06-13,Integrado/regional regulado,1,5,-77.02,-85.36,1
GRANDE,2026-06-13,Trader no regulado,0,1,-88.43,-88.43,2
GRANDE,2026-06-13,Trader con sobrecobertura de contratos,4,1,-141.68,-141.68,3
GRANDE,2026-06-14,Integrado/regional regulado,1,5,-60.23,-63.65,1
GRANDE,2026-06-14,Trader no regulado,0,1,-69.04,-69.04,2
GRANDE,2026-06-14,Trader con sobrecobertura de contratos,4,1,-190.84,-190.84,3
GRANDE,2026-06-15,Integrado/regional regulado,1,5,-57.0,-59.2,1
GRANDE,2026-06-15,Trader no regulado,0,1,-77.05,-77.05,2
GRANDE,2026-06-15,Trader con sobrecobertura de contratos,4,1,-194.99,-194.99,3
GRANDE,2026-06-16,Integrado/regional regulado,1,5,-69.55,-73.92,1
GRANDE,2026-06-16,Trader no regulado,0,1,-86.9,-86.9,2
GRANDE,2026-06-16,Trader con sobrecobertura de contratos,4,1,-181.82,-181.82,3
GRANDE,2026-06-17,Integrado/regional regulado,1,5,-64.63,-69.15,1
GRANDE,2026-06-17,Trader no regulado,0,1,-77.93,-77.93,2
GRANDE,2026-06-17,Trader con sobrecobertura de contratos,4,1,-189.76,-189.76,3
GRANDE,2026-06-18,Integrado/regional regulado,1,5,-63.18,-66.25,1
GRANDE,2026-06-18,Trader no regulado,0,1,-71.62,-71.62,2
GRANDE,2026-06-18,Trader con sobrecobertura de contratos,4,1,-187.68,-187.68,3
GRANDE,2026-06-19,Integrado/regional regulado,1,5,-70.17,-75.29,1
GRANDE,2026-06-19,Trader no regulado,0,1,-81.77,-81.77,2
GRANDE,2026-06-19,Trader con sobrecobertura de contratos,4,1,-180.33,-180.33,3
GRANDE,2026-06-20,Integrado/regional regulado,1,5,-66.41,-71.79,1
GRANDE,2026-06-20,Trader no regulado,0,1,-81.39,-81.39,2
GRANDE,2026-06-20,Trader con sobrecobertura de contratos,4,1,-169.91,-169.91,3
GRANDE,2026-06-21,Integrado/regional regulado,1,5,-61.12,-64.89,1
GRANDE,2026-06-21,Trader no regulado,0,1,-75.47,-75.47,2
GRANDE,2026-06-21,Trader con sobrecobertura de contratos,4,1,-174.18,-174.18,3
GRANDE,2026-06-22,Integrado/regional regulado,1,5,-86.8,-93.24,1
GRANDE,2026-06-22,Trader no regulado,0,1,-104.69,-104.69,2
GRANDE,2026-06-22,Trader con sobrecobertura de contratos,4,1,-162.39,-162.39,3
GRANDE,2026-06-23,Integrado/regional regulado,1,5,-88.58,-107.76,2
GRANDE,2026-06-23,Trader con sobrecobertura de contratos,4,2,-82.65,-106.11,1
GRANDE,2026-06-24,Integrado/regional regulado,1,5,-94.57,-115.74,2
GRANDE,2026-06-24,Trader con sobrecobertura de contratos,4,2,-75.74,-100.56,1
GRANDE,2026-06-25,Integrado/regional regulado,1,5,-98.64,-125.27,2
GRANDE,2026-06-25,Trader con sobrecobertura de contratos,4,2,-73.32,-99.19,1
GRANDE,2026-06-26,Integrado/regional regulado,1,5,-94.07,-118.47,2
GRANDE,2026-06-26,Trader con sobrecobertura de contratos,4,2,-79.69,-103.59,1
GRANDE,2026-06-27,Integrado/regional regulado,1,5,-91.54,-114.21,2
GRANDE,2026-06-27,Trader con sobrecobertura de contratos,4,2,-82.86,-108.87,1
GRANDE,2026-06-28,Integrado/regional regulado,1,5,-95.79,-117.99,2
GRANDE,2026-06-28,Trader con sobrecobertura de contratos,4,2,-74.36,-104.97,1
GRANDE,2026-06-29,Integrado/regional regulado,1,5,-98.1,-122.47,2
GRANDE,2026-06-29,Trader con sobrecobertura de contratos,4,2,-75.53,-107.25,1
GRANDE,2026-06-30,Integrado/regional regulado,1,5,-110.04,-148.01,2
GRANDE,2026-06-30,Trader con sobrecobertura de contratos,4,2,-76.61,-115.58,1
GRANDE,2026-07-01,Integrado/regional regulado,1,5,-117.52,-137.78,2
GRANDE,2026-07-01,Trader no regulado,0,1,-92.25,-92.25,1
GRANDE,2026-07-01,Trader con sobrecobertura de contratos,4,1,-172.56,-172.56,3
GRANDE,2026-07-02,Integrado/regional regulado,1,5,-114.09,-144.95,2
GRANDE,2026-07-02,Trader no regulado,0,1,-104.56,-104.56,1
GRANDE,2026-07-02,Trader con sobrecobertura de contratos,4,1,-169.38,-169.38,3
GRANDE,2026-07-03,Integrado/regional regulado,1,5,-111.55,-139.1,2
GRANDE,2026-07-03,Trader con sobrecobertura de contratos,4,2,-76.9,-122.13,1
GRANDE,2026-07-04,Integrado/regional regulado,1,5,-99.51,-126.15,2
GRANDE,2026-07-04,Trader no regulado,0,1,-88.09,-88.09,1
GRANDE,2026-07-04,Trader con sobrecobertura de contratos,4,1,-158.17,-158.17,3
GRANDE,2026-07-05,Integrado/regional regulado,1,5,-93.62,-116.88,2
GRANDE,2026-07-05,Trader con sobrecobertura de contratos,4,2,-71.31,-113.9,1
GRANDE,2026-07-06,Integrado/regional regulado,1,5,-114.17,-141.8,2
GRANDE,2026-07-06,Trader con sobrecobertura de contratos,4,2,-74.62,-122.86,1
GRANDE,2026-07-07,Integrado/regional regulado,1,5,-106.32,-129.94,2
GRANDE,2026-07-07,Trader con sobrecobertura de contratos,4,2,-71.4,-120.62,1
GRANDE,2026-07-08,Integrado/regional regulado,1,5,-110.65,-136.94,2
GRANDE,2026-07-08,Trader con sobrecobertura de contratos,4,2,-74.41,-110.89,1
GRANDE,2026-07-09,Integrado/regional regulado,1,5,-105.36,-130.74,2
GRANDE,2026-07-09,Trader con sobrecobertura de contratos,4,2,-64.45,-109.75,1
GRANDE,2026-07-10,Integrado/regional regulado,1,5,-104.18,-128.38,2
GRANDE,2026-07-10,Trader con sobrecobertura de contratos,4,2,-63.75,-126.98,1
GRANDE,2026-07-11,Integrado/regional regulado,1,5,-109.42,-134.84,2
GRANDE,2026-07-11,Trader con sobrecobertura de contratos,4,2,-66.62,-132.87,1
GRANDE,2026-07-12,Integrado/regional regulado,1,5,-104.24,-131.37,2
GRANDE,2026-07-12,Trader con sobrecobertura de contratos,4,2,-64.44,-124.47,1
GRANDE,2026-07-13,Integrado/regional regulado,1,5,-102.64,-135.95,2
GRANDE,2026-07-13,Trader con sobrecobertura de contratos,4,2,-68.59,-121.24,1
GRANDE,2026-07-14,Integrado/regional regulado,1,5,-118.67,-152.6,2
GRANDE,2026-07-14,Trader con sobrecobertura de contratos,4,2,-71.32,-126.32,1
GRANDE,2026-07-15,Integrado/regional regulado,1,5,-124.89,-163.61,2
GRANDE,2026-07-15,Trader con sobrecobertura de contratos,4,2,-65.65,-118.46,1
GRANDE,2026-07-16,Integrado/regional regulado,1,5,-120.86,-153.66,2
GRANDE,2026-07-16,Trader con sobrecobertura de contratos,4,2,-65.82,-125.7,1
GRANDE,2026-07-17,Integrado/regional regulado,1,5,-125.83,-161.81,2
GRANDE,2026-07-17,Trader con sobrecobertura de contratos,4,2,-69.56,-123.98,1
GRANDE,2026-07-18,Integrado/regional regulado,1,5,-115.1,-143.89,2
GRANDE,2026-07-18,Trader con sobrecobertura de contratos,4,2,-63.94,-113.89,1
GRANDE,2026-07-19,Integrado/regional regulado,1,5,-113.51,-143.04,2
GRANDE,2026-07-19,Trader con sobrecobertura de contratos,4,2,-65.25,-124.27,1
GRANDE,2026-07-20,Integrado/regional regulado,1,5,-97.07,-125.52,2
GRANDE,2026-07-20,Trader con sobrecobertura de contratos,4,2,-63.91,-122.39,1
GRANDE,2026-07-21,Integrado/regional regulado,1,5,-101.91,-128.54,2
GRANDE,2026-07-21,Trader con sobrecobertura de contratos,4,2,-65.68,-136.21,1
GRANDE,2026-07-22,Integrado/regional regulado,1,5,-126.08,-164.74,2
GRANDE,2026-07-22,Trader con sobrecobertura de contratos,4,2,-72.04,-125.44,1
GRANDE,2026-07-23,Integrado/regional regulado,1,3,174.62,179.19,3
GRANDE,2026-07-23,Trader expuesto a bolsa (sin cobertura),3,2,227.5,23.39,2
GRANDE,2026-07-23,Trader con sobrecobertura de contratos,4,2,227.5,227.5,1
GRANDE,2026-07-24,Integrado/regional regulado,1,3,177.41,178.39,3
GRANDE,2026-07-24,Trader expuesto a bolsa (sin cobertura),3,2,227.5,51.98,2
GRANDE,2026-07-24,Trader con sobrecobertura de contratos,4,2,227.5,227.5,1
GRANDE,2026-07-25,Integrado/regional regulado,1,3,182.46,178.61,3
GRANDE,2026-07-25,Trader expuesto a bolsa (sin cobertura),3,2,227.5,81.41,2
GRANDE,2026-07-25,Trader con sobrecobertura de contratos,4,2,227.5,227.5,1
GRANDE,2026-07-26,Trader expuesto a bolsa (sin cobertura),3,5,135.48,-3.4,2
GRANDE,2026-07-26,Integrado/regional regulado,1,1,162.27,162.27,1
GRANDE,2026-07-27,Trader expuesto a bolsa (sin cobertura),3,6,212.92,52.73,1
GRANDE,2026-07-27,Integrado/regional regulado,1,1,131.41,131.41,2
GRANDE,2026-07-28,Integrado/regional regulado,1,3,179.23,176.69,3
GRANDE,2026-07-28,Trader expuesto a bolsa (sin cobertura),3,2,227.5,76.1,2
GRANDE,2026-07-28,Trader con sobrecobertura de contratos,4,2,227.5,227.5,1
GRANDE,2026-07-29,Integrado/regional regulado,1,3,172.24,167.36,3
GRANDE,2026-07-29,Trader expuesto a bolsa (sin cobertura),3,2,227.5,63.96,2
GRANDE,2026-07-29,Trader con sobrecobertura de contratos,4,2,227.5,227.5,1
GRANDE,2026-07-30,Integrado/regional regulado,1,3,146.84,140.36,3
GRANDE,2026-07-30,Trader expuesto a bolsa (sin cobertura),3,3,224.29,79.12,2
GRANDE,2026-07-30,Trader con sobrecobertura de contratos,4,1,227.5,227.5,1
GRANDE,2026-07-31,Integrado/regional regulado,1,3,151.45,144.63,3
GRANDE,2026-07-31,Trader expuesto a bolsa (sin cobertura),3,2,227.5,77.9,2
GRANDE,2026-07-31,Trader con sobrecobertura de contratos,4,2,227.5,227.5,1
MEDIANO,2026-01-01,Comercializador regulado,2,21,-56.59,-155.04,2
MEDIANO,2026-01-01,Trader con sobrecobertura de contratos,4,5,-263.62,-271.62,3
MEDIANO,2026-01-01,Integrado/regional regulado,1,2,-36.73,-54.8,1
MEDIANO,2026-01-02,Comercializador regulado,2,21,-64.31,-137.54,2
MEDIANO,2026-01-02,Trader con sobrecobertura de contratos,4,5,-130.92,-144.04,3
MEDIANO,2026-01-02,Integrado/regional regulado,1,2,-48.55,-48.66,1
MEDIANO,2026-01-03,Comercializador regulado,2,21,-66.51,-140.87,3
MEDIANO,2026-01-03,Trader con sobrecobertura de contratos,4,4,-53.3,-124.95,2
MEDIANO,2026-01-03,Trader no regulado,0,1,-84.97,-84.97,4
MEDIANO,2026-01-03,Integrado/regional regulado,1,2,-50.77,-53.58,1
MEDIANO,2026-01-04,Comercializador regulado,2,21,-59.28,-144.57,3
MEDIANO,2026-01-04,Trader con sobrecobertura de contratos,4,4,-52.51,-123.3,2
MEDIANO,2026-01-04,Trader no regulado,0,1,-105.92,-105.92,4
MEDIANO,2026-01-04,Integrado/regional regulado,1,2,-40.27,-50.28,1
MEDIANO,2026-01-05,Comercializador regulado,2,20,-53.15,-132.29,3
MEDIANO,2026-01-05,Trader con sobrecobertura de contratos,4,3,-52.92,-83.1,2
MEDIANO,2026-01-05,Trader no regulado,0,2,-110.66,-154.84,5
MEDIANO,2026-01-05,Trader expuesto a bolsa (sin cobertura),3,1,-57.11,-57.11,4
MEDIANO,2026-01-05,Integrado/regional regulado,1,2,-46.75,-48.34,1
MEDIANO,2026-01-06,Comercializador regulado,2,20,-51.46,-128.12,3
MEDIANO,2026-01-06,Trader con sobrecobertura de contratos,4,3,-54.08,-74.65,4
MEDIANO,2026-01-06,Trader no regulado,0,2,-69.42,-172.12,5
MEDIANO,2026-01-06,Trader expuesto a bolsa (sin cobertura),3,1,-50.36,-50.36,2
MEDIANO,2026-01-06,Integrado/regional regulado,1,2,-44.91,-45.39,1
MEDIANO,2026-01-07,Comercializador regulado,2,20,-49.95,-120.02,3
MEDIANO,2026-01-07,Trader con sobrecobertura de contratos,4,3,-53.01,-65.2,4
MEDIANO,2026-01-07,Trader no regulado,0,2,-107.64,-131.19,5
MEDIANO,2026-01-07,Trader expuesto a bolsa (sin cobertura),3,1,-15.32,-15.32,1
MEDIANO,2026-01-07,Integrado/regional regulado,1,2,-33.14,-38.3,2
MEDIANO,2026-01-08,Comercializador regulado,2,20,-32.08,-95.84,2
MEDIANO,2026-01-08,Trader con sobrecobertura de contratos,4,3,-50.71,-65.15,3
MEDIANO,2026-01-08,Trader no regulado,0,2,-76.57,-84.19,4
MEDIANO,2026-01-08,Integrado/regional regulado,1,3,-27.41,-72.63,1
MEDIANO,2026-01-09,Comercializador regulado,2,18,-40.28,-108.14,3
MEDIANO,2026-01-09,Trader con sobrecobertura de contratos,4,3,-50.9,-57.95,4
MEDIANO,2026-01-09,Trader no regulado,0,2,-85.69,-91.59,5
MEDIANO,2026-01-09,Integrado/regional regulado,1,4,-26.12,-62.02,2
MEDIANO,2026-01-09,Trader expuesto a bolsa (sin cobertura),3,1,28.91,28.91,1
MEDIANO,2026-01-10,Comercializador regulado,2,21,-42.24,-110.19,2
MEDIANO,2026-01-10,Trader con sobrecobertura de contratos,4,3,-50.49,-55.33,3
MEDIANO,2026-01-10,Trader no regulado,0,2,-68.86,-75.85,4
MEDIANO,2026-01-10,Integrado/regional regulado,1,2,-9.58,-21.56,1
MEDIANO,2026-01-11,Comercializador regulado,2,21,-48.89,-125.57,2
MEDIANO,2026-01-11,Trader con sobrecobertura de contratos,4,3,-51.06,-78.38,3
MEDIANO,2026-01-11,Trader no regulado,0,2,-68.0,-86.8,4
MEDIANO,2026-01-11,Integrado/regional regulado,1,2,4.6,-28.16,1
MEDIANO,2026-01-12,Comercializador regulado,2,21,-47.28,-124.82,3
MEDIANO,2026-01-12,Trader con sobrecobertura de contratos,4,3,-53.06,-79.25,4
MEDIANO,2026-01-12,Trader no regulado,0,2,-18.96,-32.68,2
MEDIANO,2026-01-12,Integrado/regional regulado,1,2,-3.58,-30.63,1
MEDIANO,2026-01-13,Comercializador regulado,2,21,-40.22,-100.85,2
MEDIANO,2026-01-13,Trader con sobrecobertura de contratos,4,3,-51.78,-76.73,4
MEDIANO,2026-01-13,Trader no regulado,0,2,-44.37,-158.99,3
MEDIANO,2026-01-13,Integrado/regional regulado,1,2,-3.35,-17.09,1
MEDIANO,2026-01-14,Comercializador regulado,2,20,-40.98,-95.55,2
MEDIANO,2026-01-14,Trader con sobrecobertura de contratos,4,4,-52.34,-140.13,4
MEDIANO,2026-01-14,Trader no regulado,0,1,-45.68,-45.68,3
MEDIANO,2026-01-14,Integrado/regional regulado,1,3,-27.51,-62.05,1
MEDIANO,2026-01-15,Comercializador regulado,2,19,-40.47,-93.32,2
MEDIANO,2026-01-15,Trader con sobrecobertura de contratos,4,4,-54.32,-82.53,4
MEDIANO,2026-01-15,Integrado/regional regulado,1,4,-19.24,-50.6,1
MEDIANO,2026-01-15,Trader no regulado,0,1,-49.27,-49.27,3
MEDIANO,2026-01-16,Comercializador regulado,2,19,-39.03,-93.24,2
MEDIANO,2026-01-16,Trader con sobrecobertura de contratos,4,4,-50.42,-74.31,3
MEDIANO,2026-01-16,Integrado/regional regulado,1,4,-12.12,-46.11,1
MEDIANO,2026-01-16,Trader no regulado,0,1,-88.88,-88.88,4
MEDIANO,2026-01-17,Comercializador regulado,2,20,-54.69,-106.05,3
MEDIANO,2026-01-17,Trader con sobrecobertura de contratos,4,4,-49.96,-86.25,2
MEDIANO,2026-01-17,Integrado/regional regulado,1,3,-8.83,-6.55,1
MEDIANO,2026-01-17,Trader no regulado,0,1,-88.0,-88.0,4
MEDIANO,2026-01-18,Comercializador regulado,2,21,-72.81,-124.83,3
MEDIANO,2026-01-18,Trader con sobrecobertura de contratos,4,4,-50.47,-84.15,2
MEDIANO,2026-01-18,Trader no regulado,0,1,-94.35,-94.35,4
MEDIANO,2026-01-18,Integrado/regional regulado,1,2,13.16,-11.87,1
MEDIANO,2026-01-19,Comercializador regulado,2,19,-40.08,-94.03,2
MEDIANO,2026-01-19,Trader con sobrecobertura de contratos,4,4,-41.98,-67.19,3
MEDIANO,2026-01-19,Integrado/regional regulado,1,4,-16.7,-48.12,1
MEDIANO,2026-01-19,Trader no regulado,0,1,-58.5,-58.5,4
MEDIANO,2026-01-20,Comercializador regulado,2,19,-40.11,-93.14,2
MEDIANO,2026-01-20,Trader con sobrecobertura de contratos,4,4,-49.13,-100.19,3
MEDIANO,2026-01-20,Integrado/regional regulado,1,4,-20.0,-50.53,1
MEDIANO,2026-01-20,Trader no regulado,0,1,-92.31,-92.31,4
MEDIANO,2026-01-21,Comercializador regulado,2,19,-40.24,-94.18,2
MEDIANO,2026-01-21,Trader con sobrecobertura de contratos,4,4,-51.41,-107.78,3
MEDIANO,2026-01-21,Integrado/regional regulado,1,4,-18.64,-52.17,1
MEDIANO,2026-01-21,Trader no regulado,0,1,-143.07,-143.07,4
MEDIANO,2026-01-22,Comercializador regulado,2,19,-35.24,-93.15,3
MEDIANO,2026-01-22,Trader con sobrecobertura de contratos,4,3,-34.9,-39.41,2
MEDIANO,2026-01-22,Trader no regulado,0,2,-122.9,-159.56,4
MEDIANO,2026-01-22,Integrado/regional regulado,1,4,-24.32,-54.33,1
MEDIANO,2026-01-23,Comercializador regulado,2,19,-36.79,-98.91,2
MEDIANO,2026-01-23,Trader con sobrecobertura de contratos,4,3,-49.35,-47.19,3
MEDIANO,2026-01-23,Trader no regulado,0,2,-53.23,-79.69,4
MEDIANO,2026-01-23,Integrado/regional regulado,1,4,-26.28,-57.82,1
MEDIANO,2026-01-24,Comercializador regulado,2,20,-47.51,-116.48,2
MEDIANO,2026-01-24,Trader con sobrecobertura de contratos,4,3,-52.15,-59.69,3
MEDIANO,2026-01-24,Trader no regulado,0,2,-55.37,-113.89,4
MEDIANO,2026-01-24,Integrado/regional regulado,1,3,-27.9,-24.0,1
MEDIANO,2026-01-25,Comercializador regulado,2,21,-52.22,-132.13,3
MEDIANO,2026-01-25,Trader con sobrecobertura de contratos,4,3,-53.58,-71.65,4
MEDIANO,2026-01-25,Trader no regulado,0,2,-29.66,-82.44,2
MEDIANO,2026-01-25,Integrado/regional regulado,1,2,-15.91,-34.01,1
MEDIANO,2026-01-26,Comercializador regulado,2,19,-41.66,-107.89,2
MEDIANO,2026-01-26,Trader con sobrecobertura de contratos,4,3,-53.09,-50.59,3
MEDIANO,2026-01-26,Trader no regulado,0,2,-94.48,-99.5,4
MEDIANO,2026-01-26,Integrado/regional regulado,1,4,-33.4,-69.03,1
MEDIANO,2026-01-27,Comercializador regulado,2,19,-42.62,-106.28,3
MEDIANO,2026-01-27,Trader con sobrecobertura de contratos,4,3,-39.29,-43.58,2
MEDIANO,2026-01-27,Trader no regulado,0,2,-85.84,-86.69,4
MEDIANO,2026-01-27,Integrado/regional regulado,1,4,-35.57,-70.3,1
MEDIANO,2026-01-28,Comercializador regulado,2,19,-41.54,-103.72,3
MEDIANO,2026-01-28,Trader con sobrecobertura de contratos,4,3,-40.49,-44.54,2
MEDIANO,2026-01-28,Trader no regulado,0,2,-73.35,-97.23,4
MEDIANO,2026-01-28,Integrado/regional regulado,1,4,-36.11,-69.42,1
MEDIANO,2026-01-29,Comercializador regulado,2,19,-41.63,-117.0,2
MEDIANO,2026-01-29,Trader con sobrecobertura de contratos,4,3,-47.16,-47.31,3
MEDIANO,2026-01-29,Trader no regulado,0,2,-84.92,-95.12,4
MEDIANO,2026-01-29,Integrado/regional regulado,1,4,-33.25,-67.61,1
MEDIANO,2026-01-30,Comercializador regulado,2,19,-45.39,-102.61,3
MEDIANO,2026-01-30,Trader con sobrecobertura de contratos,4,3,-53.41,-54.9,4
MEDIANO,2026-01-30,Trader no regulado,0,2,-44.8,-60.88,2
MEDIANO,2026-01-30,Integrado/regional regulado,1,4,-26.09,-58.84,1
MEDIANO,2026-01-31,Comercializador regulado,2,20,-58.52,-128.62,3
MEDIANO,2026-01-31,Trader con sobrecobertura de contratos,4,3,-61.85,-61.52,4
MEDIANO,2026-01-31,Trader no regulado,0,2,-32.61,-41.94,2
MEDIANO,2026-01-31,Integrado/regional regulado,1,3,-26.07,-24.19,1
MEDIANO,2026-02-01,Comercializador regulado,2,21,-107.5,-147.64,4
MEDIANO,2026-02-01,Trader con sobrecobertura de contratos,4,3,-65.96,-78.98,3
MEDIANO,2026-02-01,Trader no regulado,0,2,-61.06,-89.65,2
MEDIANO,2026-02-01,Integrado/regional regulado,1,2,-18.11,-32.09,1
MEDIANO,2026-02-02,Comercializador regulado,2,19,-57.01,-123.39,2
MEDIANO,2026-02-02,Trader con sobrecobertura de contratos,4,4,-62.46,-82.21,3
MEDIANO,2026-02-02,Integrado/regional regulado,1,4,-24.85,-61.09,1
MEDIANO,2026-02-02,Trader no regulado,0,1,-92.75,-92.75,4
MEDIANO,2026-02-03,Comercializador regulado,2,19,-50.5,-108.65,3
MEDIANO,2026-02-03,Trader con sobrecobertura de contratos,4,3,-61.29,-55.24,4
MEDIANO,2026-02-03,Trader no regulado,0,2,-10.9,-51.39,1
MEDIANO,2026-02-03,Integrado/regional regulado,1,4,-19.78,-57.04,2
MEDIANO,2026-02-04,Comercializador regulado,2,19,-53.39,-114.64,4
MEDIANO,2026-02-04,Trader con sobrecobertura de contratos,4,3,-41.82,-48.14,2
MEDIANO,2026-02-04,Trader no regulado,0,2,-48.09,-83.2,3
MEDIANO,2026-02-04,Integrado/regional regulado,1,4,-19.6,-56.27,1
MEDIANO,2026-02-05,Comercializador regulado,2,19,-46.92,-120.6,4
MEDIANO,2026-02-05,Trader con sobrecobertura de contratos,4,3,-35.65,-39.74,3
MEDIANO,2026-02-05,Trader no regulado,0,2,-19.36,-49.08,2
MEDIANO,2026-02-05,Integrado/regional regulado,1,4,-12.56,-46.1,1
MEDIANO,2026-02-06,Comercializador regulado,2,19,-47.37,-116.66,4
MEDIANO,2026-02-06,Trader con sobrecobertura de contratos,4,3,-37.72,-39.12,3
MEDIANO,2026-02-06,Trader no regulado,0,2,-19.46,-30.93,2
MEDIANO,2026-02-06,Integrado/regional regulado,1,4,-14.26,-48.15,1
MEDIANO,2026-02-07,Comercializador regulado,2,20,-41.89,-132.49,3
MEDIANO,2026-02-07,Trader con sobrecobertura de contratos,4,3,-48.08,-47.84,4
MEDIANO,2026-02-07,Trader no regulado,0,2,6.38,-33.9,1
MEDIANO,2026-02-07,Integrado/regional regulado,1,3,-20.57,-15.66,2
MEDIANO,2026-02-08,Comercializador regulado,2,21,-88.1,-149.74,4
MEDIANO,2026-02-08,Trader con sobrecobertura de contratos,4,3,-49.74,-61.76,3
MEDIANO,2026-02-08,Trader no regulado,0,2,-0.25,-35.27,2
MEDIANO,2026-02-08,Integrado/regional regulado,1,2,0.43,-21.34,1
MEDIANO,2026-02-09,Comercializador regulado,2,19,-38.77,-119.54,2
MEDIANO,2026-02-09,Trader con sobrecobertura de contratos,4,3,-43.84,-48.86,3
MEDIANO,2026-02-09,Trader no regulado,0,2,-47.72,-60.88,4
MEDIANO,2026-02-09,Integrado/regional regulado,1,4,-7.67,-46.87,1
MEDIANO,2026-02-10,Comercializador regulado,2,19,-27.58,-106.75,2
MEDIANO,2026-02-10,Trader con sobrecobertura de contratos,4,3,-44.44,-44.83,4
MEDIANO,2026-02-10,Trader no regulado,0,2,-28.97,-64.28,3
MEDIANO,2026-02-10,Integrado/regional regulado,1,4,-3.32,-43.2,1
MEDIANO,2026-02-11,Comercializador regulado,2,19,-38.28,-108.45,2
MEDIANO,2026-02-11,Trader con sobrecobertura de contratos,4,3,-44.86,-41.66,3
MEDIANO,2026-02-11,Trader no regulado,0,2,-45.55,-75.75,4
MEDIANO,2026-02-11,Integrado/regional regulado,1,4,-6.14,-43.72,1
MEDIANO,2026-02-12,Comercializador regulado,2,19,-35.65,-111.54,3
MEDIANO,2026-02-12,Trader con sobrecobertura de contratos,4,3,-45.74,-48.38,4
MEDIANO,2026-02-12,Trader no regulado,0,2,10.62,-39.72,1
MEDIANO,2026-02-12,Integrado/regional regulado,1,4,-5.42,-40.98,2
MEDIANO,2026-02-13,Comercializador regulado,2,19,-43.42,-110.94,4
MEDIANO,2026-02-13,Trader con sobrecobertura de contratos,4,3,-39.34,-42.18,3
MEDIANO,2026-02-13,Trader no regulado,0,2,1.81,-45.05,1
MEDIANO,2026-02-13,Integrado/regional regulado,1,4,-11.44,-44.1,2
MEDIANO,2026-02-14,Comercializador regulado,2,20,-53.18,-133.27,4
MEDIANO,2026-02-14,Trader con sobrecobertura de contratos,4,3,-44.66,-56.55,3
MEDIANO,2026-02-14,Trader no regulado,0,2,15.1,-44.58,1
MEDIANO,2026-02-14,Integrado/regional regulado,1,3,-14.27,-9.54,2
MEDIANO,2026-02-15,Comercializador regulado,2,21,-79.8,-153.77,4
MEDIANO,2026-02-15,Trader con sobrecobertura de contratos,4,3,-44.35,-58.1,3
MEDIANO,2026-02-15,Trader no regulado,0,2,-16.35,-40.27,2
MEDIANO,2026-02-15,Integrado/regional regulado,1,2,-0.19,-13.21,1
MEDIANO,2026-02-16,Comercializador regulado,2,19,-61.96,-121.54,3
MEDIANO,2026-02-16,Trader con sobrecobertura de contratos,4,3,-43.36,-43.57,2
MEDIANO,2026-02-16,Trader no regulado,0,2,-68.56,-75.62,4
MEDIANO,2026-02-16,Integrado/regional regulado,1,4,-7.96,-51.68,1
MEDIANO,2026-02-17,Comercializador regulado,2,19,-45.15,-113.97,4
MEDIANO,2026-02-17,Trader con sobrecobertura de contratos,4,3,-44.78,-43.26,3
MEDIANO,2026-02-17,Trader no regulado,0,2,-18.72,-43.53,2
MEDIANO,2026-02-17,Integrado/regional regulado,1,4,-6.41,-48.45,1
MEDIANO,2026-02-18,Comercializador regulado,2,19,-48.73,-113.64,4
MEDIANO,2026-02-18,Trader con sobrecobertura de contratos,4,3,-44.42,-44.5,3
MEDIANO,2026-02-18,Trader no regulado,0,2,-33.55,-71.38,2
MEDIANO,2026-02-18,Integrado/regional regulado,1,4,-12.09,-51.37,1
MEDIANO,2026-02-19,Comercializador regulado,2,19,-51.66,-112.1,4
MEDIANO,2026-02-19,Trader con sobrecobertura de contratos,4,3,-45.21,-45.56,3
MEDIANO,2026-02-19,Trader no regulado,0,2,-25.44,-70.89,2
MEDIANO,2026-02-19,Integrado/regional regulado,1,4,-12.1,-48.05,1
MEDIANO,2026-02-20,Comercializador regulado,2,19,-41.89,-110.99,4
MEDIANO,2026-02-20,Trader con sobrecobertura de contratos,4,3,-37.76,-39.76,3
MEDIANO,2026-02-20,Trader no regulado,0,2,-9.91,-61.45,2
MEDIANO,2026-02-20,Integrado/regional regulado,1,4,-8.93,-46.37,1
MEDIANO,2026-02-21,Comercializador regulado,2,20,-57.95,-128.23,4
MEDIANO,2026-02-21,Trader con sobrecobertura de contratos,4,3,-44.01,-41.93,3
MEDIANO,2026-02-21,Trader no regulado,0,2,1.38,-61.0,1
MEDIANO,2026-02-21,Integrado/regional regulado,1,3,-18.98,-12.35,2
MEDIANO,2026-02-22,Comercializador regulado,2,21,-104.11,-146.66,4
MEDIANO,2026-02-22,Trader con sobrecobertura de contratos,4,3,-44.58,-49.62,2
MEDIANO,2026-02-22,Trader no regulado,0,2,-90.68,-104.84,3
MEDIANO,2026-02-22,Integrado/regional regulado,1,2,4.09,-22.2,1
MEDIANO,2026-02-23,Comercializador regulado,2,19,-36.98,-112.4,4
MEDIANO,2026-02-23,Trader con sobrecobertura de contratos,4,3,-35.06,-37.18,3
MEDIANO,2026-02-23,Trader no regulado,0,2,-22.12,-73.25,2
MEDIANO,2026-02-23,Integrado/regional regulado,1,4,-8.66,-48.28,1
MEDIANO,2026-02-24,Comercializador regulado,2,19,-36.25,-108.89,4
MEDIANO,2026-02-24,Trader con sobrecobertura de contratos,4,3,-33.38,-33.33,2
MEDIANO,2026-02-24,Trader no regulado,0,2,-33.81,-71.12,3
MEDIANO,2026-02-24,Integrado/regional regulado,1,4,-11.08,-53.36,1
MEDIANO,2026-02-25,Comercializador regulado,2,19,-38.77,-109.04,4
MEDIANO,2026-02-25,Trader con sobrecobertura de contratos,4,3,-34.31,-37.73,3
MEDIANO,2026-02-25,Trader no regulado,0,2,-34.14,-38.76,2
MEDIANO,2026-02-25,Integrado/regional regulado,1,4,-12.91,-51.22,1
MEDIANO,2026-02-26,Comercializador regulado,2,19,-25.29,-108.56,2
MEDIANO,2026-02-26,Trader con sobrecobertura de contratos,4,3,-34.63,-37.94,3
MEDIANO,2026-02-26,Trader no regulado,0,2,-39.68,-67.28,4
MEDIANO,2026-02-26,Integrado/regional regulado,1,4,-9.81,-45.55,1
MEDIANO,2026-02-27,Comercializador regulado,2,19,-42.31,-112.27,2
MEDIANO,2026-02-27,Trader con sobrecobertura de contratos,4,3,-47.34,-50.41,3
MEDIANO,2026-02-27,Trader no regulado,0,2,-80.58,-86.53,4
MEDIANO,2026-02-27,Integrado/regional regulado,1,4,-9.19,-43.84,1
MEDIANO,2026-02-28,Comercializador regulado,2,20,-23.24,-121.83,2
MEDIANO,2026-02-28,Trader con sobrecobertura de contratos,4,3,-47.03,-64.97,3
MEDIANO,2026-02-28,Trader no regulado,0,2,-49.52,-69.04,4
MEDIANO,2026-02-28,Integrado/regional regulado,1,3,-3.47,-1.3,1
MEDIANO,2026-03-01,Comercializador regulado,2,20,-34.05,-143.19,3
MEDIANO,2026-03-01,Trader con sobrecobertura de contratos,4,4,-53.67,-100.36,4
MEDIANO,2026-03-01,Trader no regulado,0,1,-11.55,-11.55,2
MEDIANO,2026-03-01,Integrado/regional regulado,1,3,-0.69,-5.24,1
MEDIANO,2026-03-02,Comercializador regulado,2,19,-20.44,-102.93,2
MEDIANO,2026-03-02,Trader con sobrecobertura de contratos,4,4,-48.31,-82.86,4
MEDIANO,2026-03-02,Trader no regulado,0,1,-46.41,-46.41,3
MEDIANO,2026-03-02,Integrado/regional regulado,1,4,2.66,-35.51,1
MEDIANO,2026-03-03,Comercializador regulado,2,19,-24.14,-81.44,2
MEDIANO,2026-03-03,Trader con sobrecobertura de contratos,4,4,-55.52,-97.69,4
MEDIANO,2026-03-03,Trader no regulado,0,1,-53.43,-53.43,3
MEDIANO,2026-03-03,Integrado/regional regulado,1,4,-4.16,-40.64,1
MEDIANO,2026-03-04,Comercializador regulado,2,19,-18.89,-101.75,2
MEDIANO,2026-03-04,Trader con sobrecobertura de contratos,4,3,-52.94,-49.93,3
MEDIANO,2026-03-04,Trader no regulado,0,2,-83.08,-129.72,4
MEDIANO,2026-03-04,Integrado/regional regulado,1,4,-2.76,-39.34,1
MEDIANO,2026-03-05,Comercializador regulado,2,19,-25.32,-107.42,2
MEDIANO,2026-03-05,Trader con sobrecobertura de contratos,4,4,-43.14,-70.65,3
MEDIANO,2026-03-05,Trader no regulado,0,1,-54.46,-54.46,4
MEDIANO,2026-03-05,Integrado/regional regulado,1,4,-3.96,-39.75,1
MEDIANO,2026-03-06,Comercializador regulado,2,19,-16.72,-96.39,3
MEDIANO,2026-03-06,Trader con sobrecobertura de contratos,4,4,-45.63,-60.99,4
MEDIANO,2026-03-06,Trader no regulado,0,1,-12.16,-12.16,2
MEDIANO,2026-03-06,Integrado/regional regulado,1,4,-1.61,-38.98,1
MEDIANO,2026-03-07,Comercializador regulado,2,20,-23.03,-117.72,2
MEDIANO,2026-03-07,Trader con sobrecobertura de contratos,4,4,-48.55,-89.08,4
MEDIANO,2026-03-07,Trader no regulado,0,1,-41.74,-41.74,3
MEDIANO,2026-03-07,Integrado/regional regulado,1,3,-3.39,-4.6,1
MEDIANO,2026-03-08,Comercializador regulado,2,21,-64.22,-144.91,3
MEDIANO,2026-03-08,Trader con sobrecobertura de contratos,4,4,-54.78,-110.98,2
MEDIANO,2026-03-08,Trader no regulado,0,1,-71.68,-71.68,4
MEDIANO,2026-03-08,Integrado/regional regulado,1,2,7.73,-17.91,1
MEDIANO,2026-03-09,Comercializador regulado,2,19,-27.43,-104.65,2
MEDIANO,2026-03-09,Trader con sobrecobertura de contratos,4,4,-50.66,-88.73,3
MEDIANO,2026-03-09,Trader no regulado,0,1,-58.71,-58.71,4
MEDIANO,2026-03-09,Integrado/regional regulado,1,4,-5.78,-45.45,1
MEDIANO,2026-03-10,Comercializador regulado,2,19,-42.65,-111.46,3
MEDIANO,2026-03-10,Trader con sobrecobertura de contratos,4,4,-53.52,-77.39,4
MEDIANO,2026-03-10,Trader no regulado,0,1,-32.15,-32.15,2
MEDIANO,2026-03-10,Integrado/regional regulado,1,4,-21.08,-55.45,1
MEDIANO,2026-03-11,Comercializador regulado,2,19,-41.87,-124.05,2
MEDIANO,2026-03-11,Trader con sobrecobertura de contratos,4,4,-43.61,-78.45,3
MEDIANO,2026-03-11,Trader no regulado,0,1,-63.85,-63.85,4
MEDIANO,2026-03-11,Integrado/regional regulado,1,4,-32.46,-67.43,1
MEDIANO,2026-03-12,Comercializador regulado,2,19,-38.89,-93.26,3
MEDIANO,2026-03-12,Trader con sobrecobertura de contratos,4,4,-46.82,-81.09,4
MEDIANO,2026-03-12,Trader no regulado,0,1,-37.51,-37.51,2
MEDIANO,2026-03-12,Integrado/regional regulado,1,4,-28.97,-67.64,1
MEDIANO,2026-03-13,Comercializador regulado,2,19,-37.01,-91.75,2
MEDIANO,2026-03-13,Trader con sobrecobertura de contratos,4,4,-57.2,-82.58,3
MEDIANO,2026-03-13,Trader no regulado,0,1,-62.58,-62.58,4
MEDIANO,2026-03-13,Integrado/regional regulado,1,4,-26.25,-65.25,1
MEDIANO,2026-03-14,Comercializador regulado,2,20,-38.23,-105.76,2
MEDIANO,2026-03-14,Trader con sobrecobertura de contratos,4,3,-58.92,-68.03,4
MEDIANO,2026-03-14,Trader no regulado,0,2,-52.94,-105.03,3
MEDIANO,2026-03-14,Integrado/regional regulado,1,3,-29.46,-28.21,1
MEDIANO,2026-03-15,Comercializador regulado,2,21,-46.09,-127.25,2
MEDIANO,2026-03-15,Trader con sobrecobertura de contratos,4,4,-58.19,-100.76,3
MEDIANO,2026-03-15,Trader no regulado,0,1,-70.76,-70.76,4
MEDIANO,2026-03-15,Integrado/regional regulado,1,2,-18.2,-34.66,1
MEDIANO,2026-03-16,Comercializador regulado,2,19,-48.05,-114.19,2
MEDIANO,2026-03-16,Trader con sobrecobertura de contratos,4,3,-58.66,-59.7,3
MEDIANO,2026-03-16,Trader no regulado,0,2,-66.0,-115.17,4
MEDIANO,2026-03-16,Integrado/regional regulado,1,4,-47.85,-87.37,1
MEDIANO,2026-03-17,Comercializador regulado,2,19,-55.85,-115.56,2
MEDIANO,2026-03-17,Trader con sobrecobertura de contratos,4,4,-59.07,-83.47,3
MEDIANO,2026-03-17,Trader no regulado,0,1,-77.48,-77.48,4
MEDIANO,2026-03-17,Integrado/regional regulado,1,4,-52.1,-88.64,1
MEDIANO,2026-03-18,Comercializador regulado,2,19,-56.41,-116.57,4
MEDIANO,2026-03-18,Trader con sobrecobertura de contratos,4,4,-50.45,-65.5,1
MEDIANO,2026-03-18,Trader no regulado,0,1,-53.28,-53.28,3
MEDIANO,2026-03-18,Integrado/regional regulado,1,4,-52.13,-89.16,2
MEDIANO,2026-03-19,Comercializador regulado,2,19,-70.23,-122.82,3
MEDIANO,2026-03-19,Trader con sobrecobertura de contratos,4,4,-59.65,-76.3,2
MEDIANO,2026-03-19,Trader no regulado,0,1,-111.25,-111.25,4
MEDIANO,2026-03-19,Integrado/regional regulado,1,4,-56.15,-93.72,1
MEDIANO,2026-03-20,Comercializador regulado,2,19,-61.79,-120.61,3
MEDIANO,2026-03-20,Trader con sobrecobertura de contratos,4,4,-59.46,-96.66,2
MEDIANO,2026-03-20,Trader no regulado,0,1,-101.34,-101.34,4
MEDIANO,2026-03-20,Integrado/regional regulado,1,4,-55.04,-92.22,1
MEDIANO,2026-03-21,Comercializador regulado,2,20,-54.16,-126.12,2
MEDIANO,2026-03-21,Trader con sobrecobertura de contratos,4,4,-59.22,-96.14,3
MEDIANO,2026-03-21,Trader no regulado,0,1,-83.86,-83.86,4
MEDIANO,2026-03-21,Integrado/regional regulado,1,3,-50.23,-50.33,1
MEDIANO,2026-03-22,Comercializador regulado,2,21,-51.63,-143.15,3
MEDIANO,2026-03-22,Trader con sobrecobertura de contratos,4,4,-59.9,-93.16,4
MEDIANO,2026-03-22,Trader no regulado,0,1,-46.98,-46.98,2
MEDIANO,2026-03-22,Integrado/regional regulado,1,2,-46.63,-49.98,1
MEDIANO,2026-03-23,Comercializador regulado,2,21,-51.65,-135.36,2
MEDIANO,2026-03-23,Trader con sobrecobertura de contratos,4,4,-60.29,-89.62,3
MEDIANO,2026-03-23,Trader no regulado,0,1,-72.92,-72.92,4
MEDIANO,2026-03-23,Integrado/regional regulado,1,2,-50.41,-51.19,1
MEDIANO,2026-03-24,Comercializador regulado,2,19,-47.24,-112.7,2
MEDIANO,2026-03-24,Trader con sobrecobertura de contratos,4,4,-60.6,-89.24,3
MEDIANO,2026-03-24,Trader no regulado,0,1,-186.57,-186.57,4
MEDIANO,2026-03-24,Integrado/regional regulado,1,4,-46.36,-85.01,1
MEDIANO,2026-03-25,Comercializador regulado,2,19,-51.17,-113.29,2
MEDIANO,2026-03-25,Trader con sobrecobertura de contratos,4,4,-59.13,-82.56,3
MEDIANO,2026-03-25,Trader no regulado,0,1,-89.39,-89.39,4
MEDIANO,2026-03-25,Integrado/regional regulado,1,4,-49.09,-85.36,1
MEDIANO,2026-03-26,Comercializador regulado,2,19,-48.83,-111.68,2
MEDIANO,2026-03-26,Trader con sobrecobertura de contratos,4,4,-59.05,-91.9,3
MEDIANO,2026-03-26,Trader no regulado,0,1,-78.67,-78.67,4
MEDIANO,2026-03-26,Integrado/regional regulado,1,4,-48.37,-84.54,1
MEDIANO,2026-03-27,Comercializador regulado,2,19,-48.6,-106.01,2
MEDIANO,2026-03-27,Trader con sobrecobertura de contratos,4,4,-55.24,-107.67,4
MEDIANO,2026-03-27,Trader no regulado,0,1,-51.72,-51.72,3
MEDIANO,2026-03-27,Integrado/regional regulado,1,4,-41.63,-79.41,1
MEDIANO,2026-03-28,Comercializador regulado,2,19,-46.44,-102.02,2
MEDIANO,2026-03-28,Trader con sobrecobertura de contratos,4,4,-56.54,-90.77,3
MEDIANO,2026-03-28,Trader no regulado,0,1,-76.69,-76.69,4
MEDIANO,2026-03-28,Integrado/regional regulado,1,4,-24.87,-68.12,1
MEDIANO,2026-03-29,Comercializador regulado,2,20,-46.3,-125.26,3
MEDIANO,2026-03-29,Trader con sobrecobertura de contratos,4,4,-56.82,-98.12,4
MEDIANO,2026-03-29,Trader no regulado,0,1,-45.15,-45.15,2
MEDIANO,2026-03-29,Integrado/regional regulado,1,3,-16.83,-19.53,1
MEDIANO,2026-03-30,Comercializador regulado,2,19,-44.86,-101.83,3
MEDIANO,2026-03-30,Trader con sobrecobertura de contratos,4,4,-57.0,-86.87,4
MEDIANO,2026-03-30,Trader no regulado,0,1,-29.33,-29.33,1
MEDIANO,2026-03-30,Integrado/regional regulado,1,4,-31.85,-70.17,2
MEDIANO,2026-03-31,Comercializador regulado,2,19,-42.54,-100.69,2
MEDIANO,2026-03-31,Trader con sobrecobertura de contratos,4,4,-57.85,-93.99,3
MEDIANO,2026-03-31,Trader no regulado,0,1,-87.33,-87.33,4
MEDIANO,2026-03-31,Integrado/regional regulado,1,4,-29.0,-67.31,1
MEDIANO,2026-04-01,Comercializador regulado,2,19,-37.09,-103.56,3
MEDIANO,2026-04-01,Trader con sobrecobertura de contratos,4,4,-62.89,-106.06,4
MEDIANO,2026-04-01,Trader no regulado,0,1,-12.67,-12.67,1
MEDIANO,2026-04-01,Integrado/regional regulado,1,4,-32.81,-76.27,2
MEDIANO,2026-04-02,Comercializador regulado,2,21,-54.84,-138.31,3
MEDIANO,2026-04-02,Trader con sobrecobertura de contratos,4,4,-62.56,-115.57,4
MEDIANO,2026-04-02,Trader no regulado,0,1,-3.09,-3.09,1
MEDIANO,2026-04-02,Integrado/regional regulado,1,2,-6.73,-31.55,2
MEDIANO,2026-04-03,Comercializador regulado,2,21,-65.11,-148.26,4
MEDIANO,2026-04-03,Trader con sobrecobertura de contratos,4,4,-62.67,-153.43,3
MEDIANO,2026-04-03,Trader no regulado,0,1,-14.67,-14.67,2
MEDIANO,2026-04-03,Integrado/regional regulado,1,2,-7.22,-36.32,1
MEDIANO,2026-04-04,Comercializador regulado,2,20,-52.41,-135.92,2
MEDIANO,2026-04-04,Trader con sobrecobertura de contratos,4,3,-61.59,-107.91,3
MEDIANO,2026-04-04,Trader no regulado,0,2,-70.5,-123.13,4
MEDIANO,2026-04-04,Integrado/regional regulado,1,3,-33.23,-31.0,1
MEDIANO,2026-04-05,Comercializador regulado,2,20,-54.47,-135.63,2
MEDIANO,2026-04-05,Trader con sobrecobertura de contratos,4,3,-61.02,-106.49,3
MEDIANO,2026-04-05,Trader no regulado,0,2,-64.85,-96.41,4
MEDIANO,2026-04-05,Integrado/regional regulado,1,3,-23.4,-24.83,1
MEDIANO,2026-04-06,Comercializador regulado,2,19,-44.65,-107.07,2
MEDIANO,2026-04-06,Trader con sobrecobertura de contratos,4,4,-61.48,-100.79,4
MEDIANO,2026-04-06,Trader no regulado,0,1,-56.39,-56.39,3
MEDIANO,2026-04-06,Integrado/regional regulado,1,4,-32.33,-76.78,1
MEDIANO,2026-04-07,Comercializador regulado,2,19,-51.52,-108.69,2
MEDIANO,2026-04-07,Trader con sobrecobertura de contratos,4,4,-63.19,-122.77,3
MEDIANO,2026-04-07,Trader no regulado,0,1,-76.15,-76.15,4
MEDIANO,2026-04-07,Integrado/regional regulado,1,4,-40.88,-79.28,1
MEDIANO,2026-04-08,Comercializador regulado,2,19,-51.91,-109.44,2
MEDIANO,2026-04-08,Trader con sobrecobertura de contratos,4,4,-62.85,-88.16,3
MEDIANO,2026-04-08,Trader no regulado,0,1,-83.51,-83.51,4
MEDIANO,2026-04-08,Integrado/regional regulado,1,4,-44.14,-82.7,1
MEDIANO,2026-04-09,Comercializador regulado,2,19,-52.65,-111.13,2
MEDIANO,2026-04-09,Trader con sobrecobertura de contratos,4,4,-63.74,-97.66,4
MEDIANO,2026-04-09,Trader no regulado,0,1,-60.01,-60.01,3
MEDIANO,2026-04-09,Integrado/regional regulado,1,4,-47.27,-84.36,1
MEDIANO,2026-04-10,Comercializador regulado,2,19,-53.51,-114.81,3
MEDIANO,2026-04-10,Trader con sobrecobertura de contratos,4,4,-52.34,-95.72,2
MEDIANO,2026-04-10,Trader no regulado,0,1,-58.56,-58.56,4
MEDIANO,2026-04-10,Integrado/regional regulado,1,4,-51.37,-88.86,1
MEDIANO,2026-04-11,Comercializador regulado,2,19,-55.96,-117.24,3
MEDIANO,2026-04-11,Trader con sobrecobertura de contratos,4,4,-62.54,-76.3,4
MEDIANO,2026-04-11,Trader no regulado,0,1,-45.63,-45.63,1
MEDIANO,2026-04-11,Integrado/regional regulado,1,4,-46.4,-87.13,2
MEDIANO,2026-04-12,Comercializador regulado,2,20,-56.19,-143.82,3
MEDIANO,2026-04-12,Trader con sobrecobertura de contratos,4,4,-67.04,-111.98,4
MEDIANO,2026-04-12,Trader no regulado,0,1,-48.54,-48.54,2
MEDIANO,2026-04-12,Integrado/regional regulado,1,3,-46.07,-45.82,1
MEDIANO,2026-04-13,Comercializador regulado,2,19,-78.14,-131.41,3
MEDIANO,2026-04-13,Trader con sobrecobertura de contratos,4,4,-64.18,-76.45,1
MEDIANO,2026-04-13,Trader no regulado,0,1,-88.55,-88.55,4
MEDIANO,2026-04-13,Integrado/regional regulado,1,4,-66.2,-105.88,2
MEDIANO,2026-04-14,Comercializador regulado,2,19,-85.65,-136.34,3
MEDIANO,2026-04-14,Trader con sobrecobertura de contratos,4,4,-64.33,-112.97,1
MEDIANO,2026-04-14,Trader no regulado,0,1,-88.49,-88.49,4
MEDIANO,2026-04-14,Integrado/regional regulado,1,4,-75.4,-109.53,2
MEDIANO,2026-04-15,Comercializador regulado,2,19,-74.49,-129.86,3
MEDIANO,2026-04-15,Trader con sobrecobertura de contratos,4,4,-64.93,-87.4,1
MEDIANO,2026-04-15,Trader no regulado,0,1,-77.36,-77.36,4
MEDIANO,2026-04-15,Integrado/regional regulado,1,4,-65.14,-103.05,2
MEDIANO,2026-04-16,Comercializador regulado,2,19,-80.44,-134.64,3
MEDIANO,2026-04-16,Trader con sobrecobertura de contratos,4,4,-63.88,-87.07,1
MEDIANO,2026-04-16,Trader no regulado,0,1,-102.61,-102.61,4
MEDIANO,2026-04-16,Integrado/regional regulado,1,4,-66.38,-104.62,2
MEDIANO,2026-04-17,Comercializador regulado,2,19,-73.03,-128.56,3
MEDIANO,2026-04-17,Trader con sobrecobertura de contratos,4,4,-63.53,-105.32,1
MEDIANO,2026-04-17,Trader no regulado,0,1,-82.36,-82.36,4
MEDIANO,2026-04-17,Integrado/regional regulado,1,4,-65.08,-102.58,2
MEDIANO,2026-04-18,Comercializador regulado,2,21,-60.44,-126.8,2
MEDIANO,2026-04-18,Trader con sobrecobertura de contratos,4,4,-62.58,-94.19,3
MEDIANO,2026-04-18,Trader no regulado,0,1,-67.39,-67.39,4
MEDIANO,2026-04-18,Integrado/regional regulado,1,2,-54.19,-54.71,1
MEDIANO,2026-04-19,Comercializador regulado,2,21,-50.94,-136.8,2
MEDIANO,2026-04-19,Trader con sobrecobertura de contratos,4,4,-61.87,-107.52,3
MEDIANO,2026-04-19,Trader no regulado,0,1,-98.46,-98.46,4
MEDIANO,2026-04-19,Integrado/regional regulado,1,2,-24.51,-45.25,1
MEDIANO,2026-04-20,Comercializador regulado,2,19,-52.16,-114.29,2
MEDIANO,2026-04-20,Trader con sobrecobertura de contratos,4,4,-63.24,-81.12,3
MEDIANO,2026-04-20,Trader no regulado,0,1,-116.44,-116.44,4
MEDIANO,2026-04-20,Integrado/regional regulado,1,4,-47.21,-88.46,1
MEDIANO,2026-04-21,Comercializador regulado,2,19,-51.4,-113.75,2
MEDIANO,2026-04-21,Trader con sobrecobertura de contratos,4,4,-51.55,-89.5,3
MEDIANO,2026-04-21,Trader no regulado,0,1,-99.75,-99.75,4
MEDIANO,2026-04-21,Integrado/regional regulado,1,4,-49.06,-85.97,1
MEDIANO,2026-04-22,Comercializador regulado,2,19,-52.08,-109.71,2
MEDIANO,2026-04-22,Trader con sobrecobertura de contratos,4,4,-58.23,-76.86,3
MEDIANO,2026-04-22,Trader no regulado,0,1,-102.26,-102.26,4
MEDIANO,2026-04-22,Integrado/regional regulado,1,4,-45.27,-81.86,1
MEDIANO,2026-04-23,Comercializador regulado,2,19,-51.96,-108.26,4
MEDIANO,2026-04-23,Trader con sobrecobertura de contratos,4,4,-51.14,-79.78,3
MEDIANO,2026-04-23,Trader no regulado,0,1,-43.26,-43.26,1
MEDIANO,2026-04-23,Integrado/regional regulado,1,4,-44.26,-81.16,2
MEDIANO,2026-04-24,Comercializador regulado,2,19,-51.49,-112.08,2
MEDIANO,2026-04-24,Trader con sobrecobertura de contratos,4,4,-55.37,-75.87,3
MEDIANO,2026-04-24,Trader no regulado,0,1,-66.7,-66.7,4
MEDIANO,2026-04-24,Integrado/regional regulado,1,4,-48.3,-86.26,1
MEDIANO,2026-04-25,Comercializador regulado,2,20,-53.33,-119.6,3
MEDIANO,2026-04-25,Trader con sobrecobertura de contratos,4,4,-58.21,-69.47,4
MEDIANO,2026-04-25,Trader no regulado,0,1,-37.75,-37.75,1
MEDIANO,2026-04-25,Integrado/regional regulado,1,3,-45.63,-43.22,2
MEDIANO,2026-04-26,Comercializador regulado,2,21,-59.77,-140.55,3
MEDIANO,2026-04-26,Trader con sobrecobertura de contratos,4,4,-62.13,-105.14,4
MEDIANO,2026-04-26,Trader no regulado,0,1,-50.2,-50.2,2
MEDIANO,2026-04-26,Integrado/regional regulado,1,2,-33.63,-42.77,1
MEDIANO,2026-04-27,Comercializador regulado,2,19,-52.38,-115.57,2
MEDIANO,2026-04-27,Trader con sobrecobertura de contratos,4,4,-62.53,-99.48,4
MEDIANO,2026-04-27,Trader no regulado,0,1,-61.38,-61.38,3
MEDIANO,2026-04-27,Integrado/regional regulado,1,4,-46.66,-86.71,1
MEDIANO,2026-04-28,Comercializador regulado,2,19,-46.37,-106.16,3
MEDIANO,2026-04-28,Trader con sobrecobertura de contratos,4,4,-53.58,-84.91,4
MEDIANO,2026-04-28,Trader no regulado,0,1,-32.08,-32.08,1
MEDIANO,2026-04-28,Integrado/regional regulado,1,4,-40.25,-77.81,2
MEDIANO,2026-04-29,Comercializador regulado,2,19,-44.23,-100.02,3
MEDIANO,2026-04-29,Trader con sobrecobertura de contratos,4,4,-50.7,-70.93,4
MEDIANO,2026-04-29,Trader no regulado,0,1,-26.12,-26.12,1
MEDIANO,2026-04-29,Integrado/regional regulado,1,4,-34.07,-72.96,2
MEDIANO,2026-04-30,Comercializador regulado,2,19,-40.22,-95.94,2
MEDIANO,2026-04-30,Trader con sobrecobertura de contratos,4,4,-61.92,-84.27,4
MEDIANO,2026-04-30,Trader no regulado,0,1,-53.92,-53.92,3
MEDIANO,2026-04-30,Integrado/regional regulado,1,4,-27.24,-65.44,1
MEDIANO,2026-05-01,Comercializador regulado,2,20,-47.44,-125.54,2
MEDIANO,2026-05-01,Trader con sobrecobertura de contratos,4,4,-65.45,-185.31,4
MEDIANO,2026-05-01,Trader no regulado,0,1,-49.35,-49.35,3
MEDIANO,2026-05-01,Integrado/regional regulado,1,3,-30.69,-32.58,1
MEDIANO,2026-05-02,Comercializador regulado,2,20,-55.0,-126.87,2
MEDIANO,2026-05-02,Trader con sobrecobertura de contratos,4,4,-65.78,-182.46,4
MEDIANO,2026-05-02,Trader no regulado,0,1,-55.82,-55.82,3
MEDIANO,2026-05-02,Integrado/regional regulado,1,3,-41.51,-40.08,1
MEDIANO,2026-05-03,Comercializador regulado,2,20,-60.69,-147.93,2
MEDIANO,2026-05-03,Trader con sobrecobertura de contratos,4,4,-66.23,-133.8,3
MEDIANO,2026-05-03,Trader no regulado,0,1,-71.2,-71.2,4
MEDIANO,2026-05-03,Integrado/regional regulado,1,3,-43.78,-48.96,1
MEDIANO,2026-05-04,Comercializador regulado,2,19,-55.97,-126.89,2
MEDIANO,2026-05-04,Trader con sobrecobertura de contratos,4,4,-63.99,-83.63,3
MEDIANO,2026-05-04,Trader no regulado,0,1,-161.52,-161.52,4
MEDIANO,2026-05-04,Integrado/regional regulado,1,4,-52.4,-92.52,1
MEDIANO,2026-05-05,Comercializador regulado,2,19,-67.56,-128.34,3
MEDIANO,2026-05-05,Trader con sobrecobertura de contratos,4,4,-65.7,-88.89,2
MEDIANO,2026-05-05,Trader no regulado,0,1,-95.99,-95.99,4
MEDIANO,2026-05-05,Integrado/regional regulado,1,4,-59.26,-97.47,1
MEDIANO,2026-05-06,Comercializador regulado,2,19,-58.26,-127.01,2
MEDIANO,2026-05-06,Trader con sobrecobertura de contratos,4,4,-60.76,-90.19,3
MEDIANO,2026-05-06,Trader no regulado,0,1,-95.93,-95.93,4
MEDIANO,2026-05-06,Integrado/regional regulado,1,4,-56.66,-94.62,1
MEDIANO,2026-05-07,Comercializador regulado,2,19,-61.89,-124.22,2
MEDIANO,2026-05-07,Trader con sobrecobertura de contratos,4,4,-62.27,-88.44,3
MEDIANO,2026-05-07,Trader no regulado,0,1,-118.06,-118.06,4
MEDIANO,2026-05-07,Integrado/regional regulado,1,4,-55.47,-92.82,1
MEDIANO,2026-05-08,Comercializador regulado,2,19,-65.81,-128.61,3
MEDIANO,2026-05-08,Trader con sobrecobertura de contratos,4,4,-60.12,-98.21,1
MEDIANO,2026-05-08,Trader no regulado,0,1,-85.95,-85.95,4
MEDIANO,2026-05-08,Integrado/regional regulado,1,4,-60.57,-98.39,2
MEDIANO,2026-05-09,Comercializador regulado,2,19,-49.08,-114.73,2
MEDIANO,2026-05-09,Trader con sobrecobertura de contratos,4,4,-72.11,-103.81,3
MEDIANO,2026-05-09,Trader no regulado,0,1,-86.0,-86.0,4
MEDIANO,2026-05-09,Integrado/regional regulado,1,4,-37.57,-77.13,1
MEDIANO,2026-05-10,Comercializador regulado,2,20,-55.58,-144.57,2
MEDIANO,2026-05-10,Trader con sobrecobertura de contratos,4,4,-68.31,-102.95,3
MEDIANO,2026-05-10,Trader no regulado,0,1,-111.54,-111.54,4
MEDIANO,2026-05-10,Integrado/regional regulado,1,3,-41.91,-44.83,1
MEDIANO,2026-05-11,Comercializador regulado,2,19,-78.19,-138.63,3
MEDIANO,2026-05-11,Trader con sobrecobertura de contratos,4,4,-67.77,-118.33,1
MEDIANO,2026-05-11,Trader no regulado,0,1,-131.31,-131.31,4
MEDIANO,2026-05-11,Integrado/regional regulado,1,4,-69.93,-108.47,2
MEDIANO,2026-05-12,Comercializador regulado,2,19,-120.59,-177.13,3
MEDIANO,2026-05-12,Trader con sobrecobertura de contratos,4,4,-70.36,-102.83,1
MEDIANO,2026-05-12,Trader no regulado,0,1,-214.4,-214.4,4
MEDIANO,2026-05-12,Integrado/regional regulado,1,4,-109.81,-149.69,2
MEDIANO,2026-05-13,Comercializador regulado,2,19,-137.8,-202.14,3
MEDIANO,2026-05-13,Trader con sobrecobertura de contratos,4,4,-74.05,-123.77,1
MEDIANO,2026-05-13,Trader no regulado,0,1,-223.1,-223.1,4
MEDIANO,2026-05-13,Integrado/regional regulado,1,4,-132.15,-176.9,2
MEDIANO,2026-05-14,Comercializador regulado,2,19,-154.02,-220.25,2
MEDIANO,2026-05-14,Trader con sobrecobertura de contratos,4,4,-75.18,-110.47,1
MEDIANO,2026-05-14,Trader no regulado,0,1,-210.89,-210.89,4
MEDIANO,2026-05-14,Integrado/regional regulado,1,4,-157.35,-197.0,3
MEDIANO,2026-05-15,Comercializador regulado,2,19,-141.22,-214.48,2
MEDIANO,2026-05-15,Trader con sobrecobertura de contratos,4,4,-74.27,-113.7,1
MEDIANO,2026-05-15,Trader no regulado,0,1,-220.16,-220.16,4
MEDIANO,2026-05-15,Integrado/regional regulado,1,4,-151.35,-194.48,3
MEDIANO,2026-05-16,Comercializador regulado,2,19,-129.97,-190.91,3
MEDIANO,2026-05-16,Trader con sobrecobertura de contratos,4,4,-71.8,-97.86,1
MEDIANO,2026-05-16,Trader no regulado,0,1,-177.22,-177.22,4
MEDIANO,2026-05-16,Integrado/regional regulado,1,4,-127.2,-158.53,2
MEDIANO,2026-05-17,Comercializador regulado,2,20,-135.55,-207.84,3
MEDIANO,2026-05-17,Trader con sobrecobertura de contratos,4,4,-71.42,-107.47,1
MEDIANO,2026-05-17,Trader no regulado,0,1,-174.03,-174.03,4
MEDIANO,2026-05-17,Integrado/regional regulado,1,3,-110.85,-106.49,2
MEDIANO,2026-05-18,Comercializador regulado,2,20,-132.62,-212.11,2
MEDIANO,2026-05-18,Trader con sobrecobertura de contratos,4,4,-73.27,-111.79,1
MEDIANO,2026-05-18,Trader no regulado,0,1,-218.78,-218.78,4
MEDIANO,2026-05-18,Integrado/regional regulado,1,3,-138.62,-125.65,3
MEDIANO,2026-05-19,Comercializador regulado,2,19,-164.46,-226.67,3
MEDIANO,2026-05-19,Trader con sobrecobertura de contratos,4,4,-72.48,-86.71,1
MEDIANO,2026-05-19,Trader no regulado,0,1,-185.15,-185.15,4
MEDIANO,2026-05-19,Integrado/regional regulado,1,4,-150.3,-185.93,2
MEDIANO,2026-05-20,Comercializador regulado,2,19,-170.44,-227.04,3
MEDIANO,2026-05-20,Trader con sobrecobertura de contratos,4,4,-75.71,-107.31,1
MEDIANO,2026-05-20,Trader no regulado,0,1,-198.0,-198.0,4
MEDIANO,2026-05-20,Integrado/regional regulado,1,4,-170.09,-195.72,2
MEDIANO,2026-05-21,Comercializador regulado,2,19,-129.67,-194.75,3
MEDIANO,2026-05-21,Trader con sobrecobertura de contratos,4,4,-71.55,-76.17,1
MEDIANO,2026-05-21,Trader no regulado,0,1,-165.46,-165.46,4
MEDIANO,2026-05-21,Integrado/regional regulado,1,4,-126.9,-165.66,2
MEDIANO,2026-05-22,Comercializador regulado,2,19,-110.21,-171.24,3
MEDIANO,2026-05-22,Trader con sobrecobertura de contratos,4,3,-70.16,-70.39,1
MEDIANO,2026-05-22,Trader no regulado,0,2,-158.22,-167.81,4
MEDIANO,2026-05-22,Integrado/regional regulado,1,4,-107.66,-140.9,2
MEDIANO,2026-05-23,Comercializador regulado,2,19,-139.23,-200.75,3
MEDIANO,2026-05-23,Trader con sobrecobertura de contratos,4,4,-71.82,-94.66,1
MEDIANO,2026-05-23,Trader no regulado,0,1,-203.82,-203.82,4
MEDIANO,2026-05-23,Integrado/regional regulado,1,4,-114.12,-152.72,2
MEDIANO,2026-05-24,Comercializador regulado,2,20,-131.37,-202.25,3
MEDIANO,2026-05-24,Trader con sobrecobertura de contratos,4,4,-71.45,-97.11,1
MEDIANO,2026-05-24,Trader no regulado,0,1,-149.05,-149.05,4
MEDIANO,2026-05-24,Integrado/regional regulado,1,3,-93.87,-99.44,2
MEDIANO,2026-05-25,Comercializador regulado,2,19,-121.51,-183.9,3
MEDIANO,2026-05-25,Trader con sobrecobertura de contratos,4,4,-71.33,-73.86,1
MEDIANO,2026-05-25,Trader no regulado,0,1,-190.38,-190.38,4
MEDIANO,2026-05-25,Integrado/regional regulado,1,4,-118.11,-148.86,2
MEDIANO,2026-05-26,Comercializador regulado,2,19,-116.9,-179.28,3
MEDIANO,2026-05-26,Trader con sobrecobertura de contratos,4,4,-71.18,-93.94,1
MEDIANO,2026-05-26,Trader no regulado,0,1,-147.07,-147.07,4
MEDIANO,2026-05-26,Integrado/regional regulado,1,4,-115.89,-148.09,2
MEDIANO,2026-05-27,Comercializador regulado,2,19,-106.65,-168.66,3
MEDIANO,2026-05-27,Trader con sobrecobertura de contratos,4,4,-72.75,-74.56,1
MEDIANO,2026-05-27,Trader no regulado,0,1,-106.95,-106.95,4
MEDIANO,2026-05-27,Integrado/regional regulado,1,4,-105.99,-135.87,2
MEDIANO,2026-05-28,Comercializador regulado,2,19,-83.3,-146.78,3
MEDIANO,2026-05-28,Trader con sobrecobertura de contratos,4,3,-67.91,-65.75,1
MEDIANO,2026-05-28,Trader no regulado,0,2,-89.44,-125.34,4
MEDIANO,2026-05-28,Integrado/regional regulado,1,4,-82.95,-116.35,2
MEDIANO,2026-05-29,Comercializador regulado,2,19,-80.93,-139.12,4
MEDIANO,2026-05-29,Trader no regulado,0,3,-73.99,-81.32,3
MEDIANO,2026-05-29,Integrado/regional regulado,1,4,-68.88,-105.3,2
MEDIANO,2026-05-29,Trader con sobrecobertura de contratos,4,2,-57.95,-63.36,1
MEDIANO,2026-05-30,Comercializador regulado,2,19,-75.45,-143.69,3
MEDIANO,2026-05-30,Trader con sobrecobertura de contratos,4,4,-61.13,-71.34,1
MEDIANO,2026-05-30,Trader no regulado,0,1,-104.42,-104.42,4
MEDIANO,2026-05-30,Integrado/regional regulado,1,4,-61.41,-99.13,2
MEDIANO,2026-05-31,Comercializador regulado,2,20,-67.23,-167.6,2
MEDIANO,2026-05-31,Trader con sobrecobertura de contratos,4,4,-67.65,-120.31,3
MEDIANO,2026-05-31,Trader no regulado,0,1,-222.04,-222.04,4
MEDIANO,2026-05-31,Integrado/regional regulado,1,3,-59.62,-62.55,1
MEDIANO,2026-06-01,Comercializador regulado,2,19,-104.36,-159.23,3
MEDIANO,2026-06-01,Trader con sobrecobertura de contratos,4,4,-67.71,-122.32,1
MEDIANO,2026-06-01,Trader no regulado,0,1,-147.43,-147.43,4
MEDIANO,2026-06-01,Integrado/regional regulado,1,4,-90.44,-131.84,2
MEDIANO,2026-06-02,Comercializador regulado,2,19,-107.76,-157.28,3
MEDIANO,2026-06-02,Trader con sobrecobertura de contratos,4,4,-71.27,-100.27,1
MEDIANO,2026-06-02,Trader no regulado,0,1,-223.38,-223.38,4
MEDIANO,2026-06-02,Integrado/regional regulado,1,4,-96.41,-136.2,2
MEDIANO,2026-06-03,Comercializador regulado,2,19,-108.08,-160.68,3
MEDIANO,2026-06-03,Trader con sobrecobertura de contratos,4,4,-69.83,-87.47,1
MEDIANO,2026-06-03,Trader no regulado,0,1,-153.64,-153.64,4
MEDIANO,2026-06-03,Integrado/regional regulado,1,4,-96.4,-136.42,2
MEDIANO,2026-06-04,Comercializador regulado,2,19,-100.44,-152.54,3
MEDIANO,2026-06-04,Trader con sobrecobertura de contratos,4,4,-68.32,-78.54,1
MEDIANO,2026-06-04,Trader no regulado,0,1,-162.43,-162.43,4
MEDIANO,2026-06-04,Integrado/regional regulado,1,4,-89.09,-124.44,2
MEDIANO,2026-06-05,Comercializador regulado,2,19,-114.92,-166.95,3
MEDIANO,2026-06-05,Trader con sobrecobertura de contratos,4,4,-73.19,-78.49,1
MEDIANO,2026-06-05,Trader no regulado,0,1,-118.63,-118.63,4
MEDIANO,2026-06-05,Integrado/regional regulado,1,4,-105.82,-141.84,2
MEDIANO,2026-06-06,Comercializador regulado,2,19,-106.99,-162.76,3
MEDIANO,2026-06-06,Trader con sobrecobertura de contratos,4,4,-66.56,-77.74,1
MEDIANO,2026-06-06,Trader no regulado,0,1,-140.56,-140.56,4
MEDIANO,2026-06-06,Integrado/regional regulado,1,4,-75.15,-118.47,2
MEDIANO,2026-06-07,Comercializador regulado,2,21,-86.19,-175.63,3
MEDIANO,2026-06-07,Trader con sobrecobertura de contratos,4,5,-84.18,-113.79,2
MEDIANO,2026-06-07,Integrado/regional regulado,1,2,-79.16,-82.7,1
MEDIANO,2026-06-08,Comercializador regulado,2,21,-82.87,-168.71,3
MEDIANO,2026-06-08,Trader con sobrecobertura de contratos,4,5,-67.06,-114.46,1
MEDIANO,2026-06-08,Integrado/regional regulado,1,2,-75.22,-78.03,2
MEDIANO,2026-06-09,Comercializador regulado,2,19,-92.81,-150.57,4
MEDIANO,2026-06-09,Trader no regulado,0,2,-85.74,-128.66,3
MEDIANO,2026-06-09,Integrado/regional regulado,1,4,-72.3,-111.89,2
MEDIANO,2026-06-09,Trader con sobrecobertura de contratos,4,3,-65.95,-85.02,1
MEDIANO,2026-06-10,Comercializador regulado,2,19,-79.08,-137.55,3
MEDIANO,2026-06-10,Trader con sobrecobertura de contratos,4,4,-64.79,-80.11,2
MEDIANO,2026-06-10,Trader no regulado,0,1,-84.73,-84.73,4
MEDIANO,2026-06-10,Integrado/regional regulado,1,4,-64.12,-103.3,1
MEDIANO,2026-06-11,Comercializador regulado,2,19,-84.96,-141.26,4
MEDIANO,2026-06-11,Trader no regulado,0,2,-73.87,-79.72,3
MEDIANO,2026-06-11,Integrado/regional regulado,1,4,-71.2,-111.89,2
MEDIANO,2026-06-11,Trader con sobrecobertura de contratos,4,3,-64.69,-129.57,1
MEDIANO,2026-06-12,Comercializador regulado,2,19,-82.17,-140.0,4
MEDIANO,2026-06-12,Trader no regulado,0,2,-79.69,-101.45,3
MEDIANO,2026-06-12,Integrado/regional regulado,1,4,-74.92,-114.07,2
MEDIANO,2026-06-12,Trader con sobrecobertura de contratos,4,3,-56.81,-58.85,1
MEDIANO,2026-06-13,Comercializador regulado,2,19,-103.68,-163.45,4
MEDIANO,2026-06-13,Trader no regulado,0,2,-97.48,-124.47,3
MEDIANO,2026-06-13,Integrado/regional regulado,1,4,-97.0,-134.9,2
MEDIANO,2026-06-13,Trader con sobrecobertura de contratos,4,3,-67.51,-100.06,1
MEDIANO,2026-06-14,Comercializador regulado,2,20,-76.27,-168.98,3
MEDIANO,2026-06-14,Trader con sobrecobertura de contratos,4,4,-60.1,-76.03,1
MEDIANO,2026-06-14,Trader no regulado,0,1,-121.81,-121.81,4
MEDIANO,2026-06-14,Integrado/regional regulado,1,3,-67.99,-70.35,2
MEDIANO,2026-06-15,Comercializador regulado,2,20,-78.6,-161.49,3
MEDIANO,2026-06-15,Trader con sobrecobertura de contratos,4,4,-58.1,-81.69,1
MEDIANO,2026-06-15,Trader no regulado,0,1,-235.44,-235.44,4
MEDIANO,2026-06-15,Integrado/regional regulado,1,3,-63.46,-62.58,2
MEDIANO,2026-06-16,Comercializador regulado,2,19,-94.88,-153.71,3
MEDIANO,2026-06-16,Trader no regulado,0,3,-152.05,-136.55,4
MEDIANO,2026-06-16,Integrado/regional regulado,1,4,-85.22,-122.32,2
MEDIANO,2026-06-16,Trader con sobrecobertura de contratos,4,2,-55.33,-60.8,1
MEDIANO,2026-06-17,Comercializador regulado,2,19,-82.77,-141.41,4
MEDIANO,2026-06-17,Trader no regulado,0,2,-75.04,-132.26,3
MEDIANO,2026-06-17,Integrado/regional regulado,1,4,-72.89,-111.31,2
MEDIANO,2026-06-17,Trader con sobrecobertura de contratos,4,3,-65.73,-88.41,1
MEDIANO,2026-06-18,Comercializador regulado,2,19,-80.98,-139.61,4
MEDIANO,2026-06-18,Trader no regulado,0,2,-78.85,-100.29,3
MEDIANO,2026-06-18,Integrado/regional regulado,1,4,-73.1,-107.23,2
MEDIANO,2026-06-18,Trader con sobrecobertura de contratos,4,3,-70.44,-73.92,1
MEDIANO,2026-06-19,Comercializador regulado,2,19,-96.59,-150.87,4
MEDIANO,2026-06-19,Trader no regulado,0,2,-91.76,-122.5,3
MEDIANO,2026-06-19,Integrado/regional regulado,1,4,-85.04,-120.01,2
MEDIANO,2026-06-19,Trader con sobrecobertura de contratos,4,3,-66.04,-131.94,1
MEDIANO,2026-06-20,Comercializador regulado,2,19,-89.2,-155.28,3
MEDIANO,2026-06-20,Trader con sobrecobertura de contratos,4,4,-65.67,-93.56,1
MEDIANO,2026-06-20,Trader no regulado,0,1,-124.33,-124.33,4
MEDIANO,2026-06-20,Integrado/regional regulado,1,4,-74.78,-115.41,2
MEDIANO,2026-06-21,Comercializador regulado,2,20,-81.35,-177.46,3
MEDIANO,2026-06-21,Trader con sobrecobertura de contratos,4,4,-65.67,-119.98,1
MEDIANO,2026-06-21,Trader no regulado,0,1,-411.25,-411.25,4
MEDIANO,2026-06-21,Integrado/regional regulado,1,3,-70.31,-71.46,2
MEDIANO,2026-06-22,Comercializador regulado,2,19,-119.42,-174.32,4
MEDIANO,2026-06-22,Trader no regulado,0,1,-116.17,-116.17,3
MEDIANO,2026-06-22,Trader con sobrecobertura de contratos,4,4,-69.52,-199.53,1
MEDIANO,2026-06-22,Integrado/regional regulado,1,4,-107.27,-147.37,2
MEDIANO,2026-06-23,Comercializador regulado,2,19,-123.96,-172.2,3
MEDIANO,2026-06-23,Trader no regulado,0,2,-143.79,-163.76,4
MEDIANO,2026-06-23,Integrado/regional regulado,1,4,-114.97,-150.65,2
MEDIANO,2026-06-23,Trader con sobrecobertura de contratos,4,3,-67.66,-98.97,1
MEDIANO,2026-06-24,Comercializador regulado,2,19,-136.85,-177.68,4
MEDIANO,2026-06-24,Trader no regulado,0,2,-134.56,-158.56,3
MEDIANO,2026-06-24,Integrado/regional regulado,1,4,-113.87,-158.74,2
MEDIANO,2026-06-24,Trader con sobrecobertura de contratos,4,3,-69.27,-108.83,1
MEDIANO,2026-06-25,Comercializador regulado,2,19,-132.04,-180.64,2
MEDIANO,2026-06-25,Trader no regulado,0,2,-147.24,-171.14,4
MEDIANO,2026-06-25,Integrado/regional regulado,1,4,-132.31,-167.78,3
MEDIANO,2026-06-25,Trader con sobrecobertura de contratos,4,3,-69.81,-101.77,1
MEDIANO,2026-06-26,Comercializador regulado,2,19,-129.58,-179.56,2
MEDIANO,2026-06-26,Trader no regulado,0,2,-135.8,-158.41,4
MEDIANO,2026-06-26,Integrado/regional regulado,1,4,-133.12,-169.09,3
MEDIANO,2026-06-26,Trader con sobrecobertura de contratos,4,3,-73.72,-117.57,1
MEDIANO,2026-06-27,Comercializador regulado,2,19,-136.12,-182.42,4
MEDIANO,2026-06-27,Trader no regulado,0,2,-125.05,-144.71,3
MEDIANO,2026-06-27,Integrado/regional regulado,1,4,-108.38,-153.88,2
MEDIANO,2026-06-27,Trader con sobrecobertura de contratos,4,3,-68.89,-96.8,1
MEDIANO,2026-06-28,Comercializador regulado,2,20,-117.03,-200.9,3
MEDIANO,2026-06-28,Trader con sobrecobertura de contratos,4,4,-70.11,-133.29,1
MEDIANO,2026-06-28,Integrado/regional regulado,1,3,-102.91,-120.16,2
MEDIANO,2026-06-28,Trader no regulado,0,1,-147.47,-147.47,4
MEDIANO,2026-06-29,Comercializador regulado,2,20,-128.98,-205.77,3
MEDIANO,2026-06-29,Trader con sobrecobertura de contratos,4,3,-69.99,-78.96,1
MEDIANO,2026-06-29,Trader no regulado,0,2,-153.73,-218.5,4
MEDIANO,2026-06-29,Integrado/regional regulado,1,3,-116.89,-133.08,2
MEDIANO,2026-06-30,Comercializador regulado,2,19,-138.07,-193.95,2
MEDIANO,2026-06-30,Trader no regulado,0,3,-186.31,-189.03,4
MEDIANO,2026-06-30,Integrado/regional regulado,1,4,-159.15,-191.12,3
MEDIANO,2026-06-30,Trader con sobrecobertura de contratos,4,2,-60.59,-66.34,1
MEDIANO,2026-07-01,Comercializador regulado,2,19,-173.65,-224.44,3
MEDIANO,2026-07-01,Trader con sobrecobertura de contratos,4,3,-78.5,-87.25,1
MEDIANO,2026-07-01,Trader no regulado,0,2,-203.37,-263.13,4
MEDIANO,2026-07-01,Integrado/regional regulado,1,4,-165.88,-218.62,2
MEDIANO,2026-07-02,Comercializador regulado,2,19,-148.47,-210.22,2
MEDIANO,2026-07-02,Trader con sobrecobertura de contratos,4,3,-74.7,-91.74,1
MEDIANO,2026-07-02,Trader no regulado,0,2,-207.27,-244.64,4
MEDIANO,2026-07-02,Integrado/regional regulado,1,4,-163.77,-206.87,3
MEDIANO,2026-07-03,Comercializador regulado,2,19,-161.79,-218.75,3
MEDIANO,2026-07-03,Trader con sobrecobertura de contratos,4,4,-74.35,-95.27,1
MEDIANO,2026-07-03,Trader no regulado,0,1,-176.53,-176.53,4
MEDIANO,2026-07-03,Integrado/regional regulado,1,4,-153.21,-191.44,2
MEDIANO,2026-07-04,Comercializador regulado,2,19,-136.15,-208.9,3
MEDIANO,2026-07-04,Trader con sobrecobertura de contratos,4,3,-73.46,-79.92,1
MEDIANO,2026-07-04,Trader no regulado,0,2,-182.55,-202.72,4
MEDIANO,2026-07-04,Integrado/regional regulado,1,4,-121.2,-164.36,2
MEDIANO,2026-07-05,Comercializador regulado,2,20,-122.81,-215.85,2
MEDIANO,2026-07-05,Trader con sobrecobertura de contratos,4,3,-74.42,-80.21,1
MEDIANO,2026-07-05,Trader no regulado,0,2,-166.52,-236.29,4
MEDIANO,2026-07-05,Integrado/regional regulado,1,3,-124.51,-120.86,3
MEDIANO,2026-07-06,Comercializador regulado,2,19,-178.26,-221.99,3
MEDIANO,2026-07-06,Trader con sobrecobertura de contratos,4,3,-75.41,-78.94,1
MEDIANO,2026-07-06,Trader no regulado,0,2,-230.47,-257.81,4
MEDIANO,2026-07-06,Integrado/regional regulado,1,4,-159.94,-198.69,2
MEDIANO,2026-07-07,Comercializador regulado,2,19,-145.4,-202.27,2
MEDIANO,2026-07-07,Trader con sobrecobertura de contratos,4,3,-79.54,-78.81,1
MEDIANO,2026-07-07,Trader no regulado,0,2,-205.39,-244.3,4
MEDIANO,2026-07-07,Integrado/regional regulado,1,4,-147.01,-190.89,3
MEDIANO,2026-07-08,Comercializador regulado,2,19,-164.02,-210.68,3
MEDIANO,2026-07-08,Trader con sobrecobertura de contratos,4,3,-76.7,-86.13,1
MEDIANO,2026-07-08,Trader no regulado,0,2,-189.05,-232.78,4
MEDIANO,2026-07-08,Integrado/regional regulado,1,4,-159.89,-199.16,2
MEDIANO,2026-07-09,Comercializador regulado,2,19,-138.6,-201.52,2
MEDIANO,2026-07-09,Trader no regulado,0,3,-179.5,-170.76,4
MEDIANO,2026-07-09,Integrado/regional regulado,1,4,-144.87,-187.71,3
MEDIANO,2026-07-09,Trader con sobrecobertura de contratos,4,2,-62.65,-72.34,1
MEDIANO,2026-07-10,Comercializador regulado,2,19,-154.16,-203.91,3
MEDIANO,2026-07-10,Trader con sobrecobertura de contratos,4,3,-80.08,-84.74,1
MEDIANO,2026-07-10,Trader no regulado,0,2,-180.67,-248.86,4
MEDIANO,2026-07-10,Integrado/regional regulado,1,4,-147.14,-181.26,2
MEDIANO,2026-07-11,Comercializador regulado,2,19,-152.14,-212.19,3
MEDIANO,2026-07-11,Trader con sobrecobertura de contratos,4,3,-77.23,-73.33,1
MEDIANO,2026-07-11,Trader no regulado,0,2,-190.73,-220.07,4
MEDIANO,2026-07-11,Integrado/regional regulado,1,4,-150.49,-180.51,2
MEDIANO,2026-07-12,Comercializador regulado,2,20,-129.85,-223.14,2
MEDIANO,2026-07-12,Trader con sobrecobertura de contratos,4,3,-75.87,-83.04,1
MEDIANO,2026-07-12,Trader no regulado,0,2,-215.66,-224.89,4
MEDIANO,2026-07-12,Integrado/regional regulado,1,3,-137.05,-129.65,3
MEDIANO,2026-07-13,Comercializador regulado,2,20,-150.57,-228.74,3
MEDIANO,2026-07-13,Trader con sobrecobertura de contratos,4,3,-76.84,-106.41,1
MEDIANO,2026-07-13,Trader no regulado,0,2,-239.97,-287.07,4
MEDIANO,2026-07-13,Integrado/regional regulado,1,3,-139.64,-136.93,2
MEDIANO,2026-07-14,Comercializador regulado,2,19,-172.62,-223.4,3
MEDIANO,2026-07-14,Trader con sobrecobertura de contratos,4,3,-77.62,-86.97,1
MEDIANO,2026-07-14,Trader no regulado,0,2,-327.46,-328.25,4
MEDIANO,2026-07-14,Integrado/regional regulado,1,4,-163.83,-207.88,2
MEDIANO,2026-07-15,Comercializador regulado,2,19,-197.41,-236.75,4
MEDIANO,2026-07-15,Trader con sobrecobertura de contratos,4,3,-77.98,-83.25,1
MEDIANO,2026-07-15,Trader no regulado,0,2,-183.19,-270.41,2
MEDIANO,2026-07-15,Integrado/regional regulado,1,4,-183.91,-230.11,3
MEDIANO,2026-07-16,Comercializador regulado,2,19,-196.4,-231.56,4
MEDIANO,2026-07-16,Trader con sobrecobertura de contratos,4,3,-76.75,-79.64,1
MEDIANO,2026-07-16,Trader no regulado,0,2,-186.07,-252.4,3
MEDIANO,2026-07-16,Integrado/regional regulado,1,4,-175.64,-221.33,2
MEDIANO,2026-07-17,Comercializador regulado,2,19,-187.93,-230.63,3
MEDIANO,2026-07-17,Trader con sobrecobertura de contratos,4,3,-77.15,-77.22,1
MEDIANO,2026-07-17,Trader no regulado,0,2,-188.6,-309.96,4
MEDIANO,2026-07-17,Integrado/regional regulado,1,4,-181.82,-228.83,2
MEDIANO,2026-07-18,Comercializador regulado,2,19,-154.56,-215.66,2
MEDIANO,2026-07-18,Trader con sobrecobertura de contratos,4,3,-77.5,-77.65,1
MEDIANO,2026-07-18,Trader no regulado,0,2,-176.18,-228.38,4
MEDIANO,2026-07-18,Integrado/regional regulado,1,4,-161.52,-194.03,3
MEDIANO,2026-07-19,Comercializador regulado,2,20,-151.22,-230.82,2
MEDIANO,2026-07-19,Trader con sobrecobertura de contratos,4,3,-81.28,-87.85,1
MEDIANO,2026-07-19,Trader no regulado,0,2,-240.39,-266.61,4
MEDIANO,2026-07-19,Integrado/regional regulado,1,3,-156.28,-145.08,3
MEDIANO,2026-07-20,Comercializador regulado,2,20,-136.68,-223.72,3
MEDIANO,2026-07-20,Trader con sobrecobertura de contratos,4,4,-77.49,-139.69,1
MEDIANO,2026-07-20,Integrado/regional regulado,1,3,-127.81,-124.09,2
MEDIANO,2026-07-20,Trader no regulado,0,1,-214.7,-214.7,4
MEDIANO,2026-07-21,Comercializador regulado,2,19,-157.93,-214.22,3
MEDIANO,2026-07-21,Trader con sobrecobertura de contratos,4,4,-77.2,-111.6,1
MEDIANO,2026-07-21,Integrado/regional regulado,1,4,-137.05,-177.08,2
MEDIANO,2026-07-21,Trader no regulado,0,1,-258.51,-258.51,4
MEDIANO,2026-07-22,Comercializador regulado,2,19,-203.67,-241.24,3
MEDIANO,2026-07-22,Trader con sobrecobertura de contratos,4,3,-79.4,-90.74,1
MEDIANO,2026-07-22,Trader no regulado,0,2,-221.92,-286.25,4
MEDIANO,2026-07-22,Integrado/regional regulado,1,4,-191.96,-228.54,2
MEDIANO,2026-07-23,Trader no regulado,0,4,108.93,41.69,2
MEDIANO,2026-07-23,Trader expuesto a bolsa (sin cobertura),3,20,113.21,107.18,1
MEDIANO,2026-07-23,Comercializador regulado,2,4,54.17,-121.11,3
MEDIANO,2026-07-24,Trader no regulado,0,3,24.4,27.15,3
MEDIANO,2026-07-24,Trader expuesto a bolsa (sin cobertura),3,21,121.68,115.24,1
MEDIANO,2026-07-24,Comercializador regulado,2,4,64.18,-94.76,2
MEDIANO,2026-07-25,Trader no regulado,0,2,109.94,73.15,2
MEDIANO,2026-07-25,Trader expuesto a bolsa (sin cobertura),3,21,143.61,144.79,1
MEDIANO,2026-07-25,Comercializador regulado,2,3,94.93,73.41,3
MEDIANO,2026-07-25,Trader con sobrecobertura de contratos,4,2,-30.19,-265.1,4
MEDIANO,2026-07-26,Trader expuesto a bolsa (sin cobertura),3,13,-28.36,-107.7,1
MEDIANO,2026-07-26,Comercializador regulado,2,1,-500,-500.0,3
MEDIANO,2026-07-26,Trader no regulado,0,1,-500,-500.0,2
MEDIANO,2026-07-27,Trader expuesto a bolsa (sin cobertura),3,13,-266.85,-175.36,1
MEDIANO,2026-07-27,Comercializador regulado,2,1,-500,-500.0,3
MEDIANO,2026-07-27,Trader no regulado,0,1,-500,-500.0,2
MEDIANO,2026-07-28,Trader no regulado,0,4,84.78,61.55,3
MEDIANO,2026-07-28,Trader expuesto a bolsa (sin cobertura),3,20,157.58,131.27,2
MEDIANO,2026-07-28,Comercializador regulado,2,3,-140.09,-184.62,4
MEDIANO,2026-07-28,Trader con sobrecobertura de contratos,4,1,207.8,207.8,1
MEDIANO,2026-07-29,Trader no regulado,0,3,-3.11,12.31,2
MEDIANO,2026-07-29,Trader expuesto a bolsa (sin cobertura),3,22,128.21,128.06,1
MEDIANO,2026-07-29,Comercializador regulado,2,3,-194.03,-207.0,3
MEDIANO,2026-07-30,Trader no regulado,0,3,-36.92,-16.69,2
MEDIANO,2026-07-30,Trader expuesto a bolsa (sin cobertura),3,22,115.67,99.91,1
MEDIANO,2026-07-30,Comercializador regulado,2,3,-245.44,-238.2,3
MEDIANO,2026-07-31,Trader no regulado,0,3,-38.56,-18.93,3
MEDIANO,2026-07-31,Trader expuesto a bolsa (sin cobertura),3,21,113.97,102.75,2
MEDIANO,2026-07-31,Comercializador regulado,2,3,-255.05,-240.03,4
MEDIANO,2026-07-31,Trader con sobrecobertura de contratos,4,1,206.99,206.99,1
PEQUEÑO,2026-01-01,Trader con sobrecobertura de contratos,4,11,-500,-385.58,3
PEQUEÑO,2026-01-01,Trader no regulado,0,4,-500,-476.12,4
PEQUEÑO,2026-01-01,Comercializador regulado,2,9,-85.21,-212.14,2
PEQUEÑO,2026-01-01,Trader expuesto a bolsa (sin cobertura),3,6,-23.93,-24.1,1
PEQUEÑO,2026-01-02,Trader con sobrecobertura de contratos,4,7,-310.0,-300.56,3
PEQUEÑO,2026-01-02,Comercializador regulado,2,10,-69.58,-206.03,2
PEQUEÑO,2026-01-02,Trader expuesto a bolsa (sin cobertura),3,6,-68.57,-68.29,1
PEQUEÑO,2026-01-02,Trader no regulado,0,6,-500,-413.72,4
PEQUEÑO,2026-01-03,Trader con sobrecobertura de contratos,4,7,-173.61,-265.81,3
PEQUEÑO,2026-01-03,Comercializador regulado,2,10,-73.37,-204.05,2
PEQUEÑO,2026-01-03,Trader expuesto a bolsa (sin cobertura),3,6,-72.11,-71.89,1
PEQUEÑO,2026-01-03,Trader no regulado,0,6,-410.71,-357.03,4
PEQUEÑO,2026-01-04,Trader con sobrecobertura de contratos,4,8,-261.41,-342.0,3
PEQUEÑO,2026-01-04,Comercializador regulado,2,10,-77.37,-210.4,2
PEQUEÑO,2026-01-04,Trader expuesto a bolsa (sin cobertura),3,6,-35.64,-35.69,1
PEQUEÑO,2026-01-04,Trader no regulado,0,5,-408.93,-329.55,4
PEQUEÑO,2026-01-05,Trader con sobrecobertura de contratos,4,5,-500,-334.26,4
PEQUEÑO,2026-01-05,Trader no regulado,0,8,-96.36,-246.91,3
PEQUEÑO,2026-01-05,Comercializador regulado,2,10,-64.69,-197.89,2
PEQUEÑO,2026-01-05,Trader expuesto a bolsa (sin cobertura),3,6,-60.58,-60.45,1
PEQUEÑO,2026-01-06,Trader con sobrecobertura de contratos,4,5,-500,-336.34,4
PEQUEÑO,2026-01-06,Trader no regulado,0,8,-75.66,-262.87,2
PEQUEÑO,2026-01-06,Comercializador regulado,2,10,-80.36,-207.07,3
PEQUEÑO,2026-01-06,Trader expuesto a bolsa (sin cobertura),3,6,-52.2,-52.13,1
PEQUEÑO,2026-01-07,Trader con sobrecobertura de contratos,4,5,-500,-335.08,4
PEQUEÑO,2026-01-07,Trader no regulado,0,8,-74.85,-258.18,3
PEQUEÑO,2026-01-07,Comercializador regulado,2,10,-56.9,-197.01,2
PEQUEÑO,2026-01-07,Trader expuesto a bolsa (sin cobertura),3,6,-9.49,-9.71,1
PEQUEÑO,2026-01-08,Trader con sobrecobertura de contratos,4,5,-500,-331.82,4
PEQUEÑO,2026-01-08,Trader no regulado,0,8,-56.19,-247.21,3
PEQUEÑO,2026-01-08,Comercializador regulado,2,10,-39.99,-186.52,2
PEQUEÑO,2026-01-08,Trader expuesto a bolsa (sin cobertura),3,6,45.69,45.03,1
PEQUEÑO,2026-01-09,Trader con sobrecobertura de contratos,4,5,-134.46,-256.74,4
PEQUEÑO,2026-01-09,Trader no regulado,0,8,-55.85,-248.26,3
PEQUEÑO,2026-01-09,Comercializador regulado,2,10,-39.25,-184.36,2
PEQUEÑO,2026-01-09,Trader expuesto a bolsa (sin cobertura),3,6,42.28,41.51,1
PEQUEÑO,2026-01-10,Trader con sobrecobertura de contratos,4,5,-475.68,-330.08,4
PEQUEÑO,2026-01-10,Trader no regulado,0,8,-59.47,-251.46,3
PEQUEÑO,2026-01-10,Comercializador regulado,2,10,-49.99,-187.05,2
PEQUEÑO,2026-01-10,Trader expuesto a bolsa (sin cobertura),3,6,44.98,44.43,1
PEQUEÑO,2026-01-11,Trader con sobrecobertura de contratos,4,7,-397.12,-346.81,4
PEQUEÑO,2026-01-11,Comercializador regulado,2,10,-72.29,-224.77,2
PEQUEÑO,2026-01-11,Trader expuesto a bolsa (sin cobertura),3,6,92.06,91.09,1
PEQUEÑO,2026-01-11,Trader no regulado,0,6,-313.25,-324.15,3
PEQUEÑO,2026-01-12,Trader con sobrecobertura de contratos,4,8,-229.17,-298.57,3
PEQUEÑO,2026-01-12,Comercializador regulado,2,10,-79.33,-203.44,2
PEQUEÑO,2026-01-12,Trader expuesto a bolsa (sin cobertura),3,6,66.79,65.9,1
PEQUEÑO,2026-01-12,Trader no regulado,0,5,-500,-388.48,4
PEQUEÑO,2026-01-13,Trader con sobrecobertura de contratos,4,5,-229.73,-297.53,4
PEQUEÑO,2026-01-13,Trader no regulado,0,8,-71.87,-248.12,3
PEQUEÑO,2026-01-13,Comercializador regulado,2,10,-49.67,-188.68,2
PEQUEÑO,2026-01-13,Trader expuesto a bolsa (sin cobertura),3,6,76.03,75.25,1
PEQUEÑO,2026-01-14,Trader con sobrecobertura de contratos,4,5,-199.27,-268.36,4
PEQUEÑO,2026-01-14,Trader no regulado,0,8,-50.84,-228.62,2
PEQUEÑO,2026-01-14,Comercializador regulado,2,10,-60.2,-186.23,3
PEQUEÑO,2026-01-14,Trader expuesto a bolsa (sin cobertura),3,6,82.48,81.7,1
PEQUEÑO,2026-01-15,Trader con sobrecobertura de contratos,4,4,-182.67,-305.78,4
PEQUEÑO,2026-01-15,Trader no regulado,0,9,-78.97,-209.52,3
PEQUEÑO,2026-01-15,Comercializador regulado,2,10,-75.5,-188.61,2
PEQUEÑO,2026-01-15,Trader expuesto a bolsa (sin cobertura),3,6,78.58,77.64,1
PEQUEÑO,2026-01-16,Trader con sobrecobertura de contratos,4,4,-121.24,-290.27,4
PEQUEÑO,2026-01-16,Trader no regulado,0,9,-72.83,-219.42,2
PEQUEÑO,2026-01-16,Comercializador regulado,2,10,-96.21,-196.75,3
PEQUEÑO,2026-01-16,Trader expuesto a bolsa (sin cobertura),3,6,96.87,95.51,1
PEQUEÑO,2026-01-17,Trader con sobrecobertura de contratos,4,5,-171.98,-270.23,3
PEQUEÑO,2026-01-17,Trader no regulado,0,9,-302.93,-279.6,4
PEQUEÑO,2026-01-17,Comercializador regulado,2,10,-84.94,-239.28,2
PEQUEÑO,2026-01-17,Trader expuesto a bolsa (sin cobertura),3,6,104.32,103.33,1
PEQUEÑO,2026-01-18,Trader con sobrecobertura de contratos,4,7,-344.88,-323.06,4
PEQUEÑO,2026-01-18,Comercializador regulado,2,10,-69.07,-215.21,2
PEQUEÑO,2026-01-18,Trader expuesto a bolsa (sin cobertura),3,5,97.66,96.44,1
PEQUEÑO,2026-01-18,Trader no regulado,0,6,-322.81,-331.47,3
PEQUEÑO,2026-01-19,Trader con sobrecobertura de contratos,4,6,-354.29,-319.58,4
PEQUEÑO,2026-01-19,Trader no regulado,0,7,-70.98,-213.16,3
PEQUEÑO,2026-01-19,Comercializador regulado,2,10,-35.37,-176.48,2
PEQUEÑO,2026-01-19,Trader expuesto a bolsa (sin cobertura),3,5,75.97,75.05,1
PEQUEÑO,2026-01-20,Trader con sobrecobertura de contratos,4,4,-109.71,-287.45,3
PEQUEÑO,2026-01-20,Trader no regulado,0,9,-170.87,-251.03,4
PEQUEÑO,2026-01-20,Comercializador regulado,2,10,-41.15,-179.75,2
PEQUEÑO,2026-01-20,Trader expuesto a bolsa (sin cobertura),3,5,57.79,57.02,1
PEQUEÑO,2026-01-21,Trader con sobrecobertura de contratos,4,6,-76.02,-265.96,3
PEQUEÑO,2026-01-21,Comercializador regulado,2,10,-38.29,-184.16,2
PEQUEÑO,2026-01-21,Trader expuesto a bolsa (sin cobertura),3,6,54.37,53.78,1
PEQUEÑO,2026-01-21,Trader no regulado,0,7,-123.89,-245.94,4
PEQUEÑO,2026-01-22,Trader con sobrecobertura de contratos,4,5,-136.3,-258.88,4
PEQUEÑO,2026-01-22,Trader no regulado,0,8,-130.09,-241.56,3
PEQUEÑO,2026-01-22,Comercializador regulado,2,10,-41.14,-183.4,2
PEQUEÑO,2026-01-22,Trader expuesto a bolsa (sin cobertura),3,5,49.77,48.94,1
PEQUEÑO,2026-01-23,Trader con sobrecobertura de contratos,4,5,-135.12,-261.81,4
PEQUEÑO,2026-01-23,Trader no regulado,0,8,-76.49,-229.41,3
PEQUEÑO,2026-01-23,Comercializador regulado,2,10,-47.62,-187.21,2
PEQUEÑO,2026-01-23,Trader expuesto a bolsa (sin cobertura),3,6,40.15,39.39,1
PEQUEÑO,2026-01-24,Trader con sobrecobertura de contratos,4,6,-200.51,-258.92,4
PEQUEÑO,2026-01-24,Comercializador regulado,2,10,-56.53,-189.16,2
PEQUEÑO,2026-01-24,Trader expuesto a bolsa (sin cobertura),3,6,33.76,33.29,1
PEQUEÑO,2026-01-24,Trader no regulado,0,7,-135.92,-258.4,3
PEQUEÑO,2026-01-25,Trader con sobrecobertura de contratos,4,7,-498.01,-383.66,4
PEQUEÑO,2026-01-25,Comercializador regulado,2,10,-76.31,-206.9,2
PEQUEÑO,2026-01-25,Trader expuesto a bolsa (sin cobertura),3,6,22.89,22.46,1
PEQUEÑO,2026-01-25,Trader no regulado,0,6,-146.24,-304.97,3
PEQUEÑO,2026-01-26,Trader con sobrecobertura de contratos,4,4,-303.55,-336.3,4
PEQUEÑO,2026-01-26,Trader no regulado,0,9,-157.2,-230.07,3
PEQUEÑO,2026-01-26,Comercializador regulado,2,10,-48.65,-188.28,2
PEQUEÑO,2026-01-26,Trader expuesto a bolsa (sin cobertura),3,5,9.01,8.67,1
PEQUEÑO,2026-01-27,Trader con sobrecobertura de contratos,4,3,-500,-347.11,4
PEQUEÑO,2026-01-27,Trader no regulado,0,9,-86.01,-221.93,3
PEQUEÑO,2026-01-27,Comercializador regulado,2,11,-58.89,-186.58,2
PEQUEÑO,2026-01-27,Trader expuesto a bolsa (sin cobertura),3,5,0.4,0.13,1
PEQUEÑO,2026-01-28,Trader con sobrecobertura de contratos,4,4,-249.0,-322.63,4
PEQUEÑO,2026-01-28,Trader no regulado,0,9,-89.95,-238.66,3
PEQUEÑO,2026-01-28,Comercializador regulado,2,10,-56.75,-193.4,2
PEQUEÑO,2026-01-28,Trader expuesto a bolsa (sin cobertura),3,6,3.18,2.95,1
PEQUEÑO,2026-01-29,Trader con sobrecobertura de contratos,4,5,-266.24,-278.38,4
PEQUEÑO,2026-01-29,Trader no regulado,0,8,-99.03,-255.09,3
PEQUEÑO,2026-01-29,Comercializador regulado,2,10,-53.1,-191.89,2
PEQUEÑO,2026-01-29,Trader expuesto a bolsa (sin cobertura),3,6,10.77,10.41,1
PEQUEÑO,2026-01-30,Trader con sobrecobertura de contratos,4,4,-266.84,-327.01,4
PEQUEÑO,2026-01-30,Trader no regulado,0,9,-59.17,-227.33,2
PEQUEÑO,2026-01-30,Comercializador regulado,2,10,-103.59,-215.83,3
PEQUEÑO,2026-01-30,Trader expuesto a bolsa (sin cobertura),3,5,35.75,34.9,1
PEQUEÑO,2026-01-31,Trader con sobrecobertura de contratos,4,5,-267.93,-280.27,4
PEQUEÑO,2026-01-31,Trader no regulado,0,8,-75.25,-249.84,3
PEQUEÑO,2026-01-31,Comercializador regulado,2,10,-56.93,-194.76,2
PEQUEÑO,2026-01-31,Trader expuesto a bolsa (sin cobertura),3,5,34.76,34.18,1
PEQUEÑO,2026-02-01,Trader con sobrecobertura de contratos,4,6,-383.98,-352.58,4
PEQUEÑO,2026-02-01,Trader no regulado,0,7,-292.05,-292.51,3
PEQUEÑO,2026-02-01,Comercializador regulado,2,10,-65.37,-208.91,2
PEQUEÑO,2026-02-01,Trader expuesto a bolsa (sin cobertura),3,5,60.9,60.02,1
PEQUEÑO,2026-02-02,Trader con sobrecobertura de contratos,4,4,-339.54,-345.38,4
PEQUEÑO,2026-02-02,Trader no regulado,0,9,-194.22,-235.83,3
PEQUEÑO,2026-02-02,Comercializador regulado,2,10,-54.01,-187.4,2
PEQUEÑO,2026-02-02,Trader expuesto a bolsa (sin cobertura),3,5,81.47,80.49,1
PEQUEÑO,2026-02-03,Trader con sobrecobertura de contratos,4,4,-367.07,-352.22,4
PEQUEÑO,2026-02-03,Trader no regulado,0,10,-181.3,-266.69,3
PEQUEÑO,2026-02-03,Comercializador regulado,2,10,-44.16,-183.06,2
PEQUEÑO,2026-02-03,Trader expuesto a bolsa (sin cobertura),3,5,84.97,83.95,1
PEQUEÑO,2026-02-04,Trader con sobrecobertura de contratos,4,4,-378.82,-355.08,4
PEQUEÑO,2026-02-04,Trader no regulado,0,9,-186.61,-245.46,3
PEQUEÑO,2026-02-04,Comercializador regulado,2,10,-47.23,-183.72,2
PEQUEÑO,2026-02-04,Trader expuesto a bolsa (sin cobertura),3,5,78.43,77.52,1
PEQUEÑO,2026-02-05,Trader con sobrecobertura de contratos,4,4,-329.21,-341.25,4
PEQUEÑO,2026-02-05,Trader no regulado,0,9,-150.23,-235.48,3
PEQUEÑO,2026-02-05,Comercializador regulado,2,11,-134.86,-246.2,2
PEQUEÑO,2026-02-05,Trader expuesto a bolsa (sin cobertura),3,5,87.18,85.99,1
PEQUEÑO,2026-02-06,Trader con sobrecobertura de contratos,4,4,-325.72,-340.88,4
PEQUEÑO,2026-02-06,Trader no regulado,0,8,-48.21,-209.67,2
PEQUEÑO,2026-02-06,Comercializador regulado,2,11,-140.43,-244.82,3
PEQUEÑO,2026-02-06,Trader expuesto a bolsa (sin cobertura),3,5,88.77,87.26,1
PEQUEÑO,2026-02-07,Trader con sobrecobertura de contratos,4,5,-404.59,-303.0,4
PEQUEÑO,2026-02-07,Trader no regulado,0,7,-198.62,-240.06,3
PEQUEÑO,2026-02-07,Comercializador regulado,2,11,-157.35,-249.16,2
PEQUEÑO,2026-02-07,Trader expuesto a bolsa (sin cobertura),3,5,99.49,98.36,1
PEQUEÑO,2026-02-08,Trader con sobrecobertura de contratos,4,6,-423.53,-353.38,4
PEQUEÑO,2026-02-08,Trader no regulado,0,6,-293.8,-297.67,2
PEQUEÑO,2026-02-08,Comercializador regulado,2,11,-341.95,-268.26,3
PEQUEÑO,2026-02-08,Trader expuesto a bolsa (sin cobertura),3,5,102.88,101.62,1
PEQUEÑO,2026-02-09,Trader con sobrecobertura de contratos,4,6,-308.68,-287.36,3
PEQUEÑO,2026-02-09,Trader no regulado,0,7,-347.57,-300.01,4
PEQUEÑO,2026-02-09,Comercializador regulado,2,11,-160.99,-247.84,2
PEQUEÑO,2026-02-09,Trader expuesto a bolsa (sin cobertura),3,5,99.53,98.44,1
PEQUEÑO,2026-02-10,Trader con sobrecobertura de contratos,4,4,-137.07,-292.86,2
PEQUEÑO,2026-02-10,Trader no regulado,0,8,-142.35,-248.24,4
PEQUEÑO,2026-02-10,Comercializador regulado,2,11,-140.1,-245.38,3
PEQUEÑO,2026-02-10,Trader expuesto a bolsa (sin cobertura),3,5,97.81,96.71,1
PEQUEÑO,2026-02-11,Trader con sobrecobertura de contratos,4,5,-241.81,-263.53,3
PEQUEÑO,2026-02-11,Trader no regulado,0,8,-345.05,-297.16,4
PEQUEÑO,2026-02-11,Comercializador regulado,2,11,-172.43,-257.93,2
PEQUEÑO,2026-02-11,Trader expuesto a bolsa (sin cobertura),3,5,87.67,86.72,1
PEQUEÑO,2026-02-12,Trader con sobrecobertura de contratos,4,5,-270.66,-268.64,3
PEQUEÑO,2026-02-12,Trader no regulado,0,8,-336.11,-304.85,4
PEQUEÑO,2026-02-12,Comercializador regulado,2,11,-126.81,-243.93,2
PEQUEÑO,2026-02-12,Trader expuesto a bolsa (sin cobertura),3,5,89.74,88.53,1
PEQUEÑO,2026-02-13,Trader con sobrecobertura de contratos,4,4,-211.21,-312.43,4
PEQUEÑO,2026-02-13,Trader no regulado,0,8,-121.43,-235.38,2
PEQUEÑO,2026-02-13,Comercializador regulado,2,11,-130.49,-246.12,3
PEQUEÑO,2026-02-13,Trader expuesto a bolsa (sin cobertura),3,5,96.36,94.75,1
PEQUEÑO,2026-02-14,Trader con sobrecobertura de contratos,4,5,-366.69,-301.3,4
PEQUEÑO,2026-02-14,Trader no regulado,0,7,-249.57,-258.63,3
PEQUEÑO,2026-02-14,Comercializador regulado,2,11,-158.14,-251.91,2
PEQUEÑO,2026-02-14,Trader expuesto a bolsa (sin cobertura),3,5,93.77,92.7,1
PEQUEÑO,2026-02-15,Trader con sobrecobertura de contratos,4,7,-450.19,-357.3,3
PEQUEÑO,2026-02-15,Comercializador regulado,2,11,-500,-290.86,4
PEQUEÑO,2026-02-15,Trader expuesto a bolsa (sin cobertura),3,5,94.91,93.76,1
PEQUEÑO,2026-02-15,Trader no regulado,0,5,-372.63,-333.8,2
PEQUEÑO,2026-02-16,Trader con sobrecobertura de contratos,4,4,-281.88,-328.79,4
PEQUEÑO,2026-02-16,Trader no regulado,0,8,-100.96,-241.48,2
PEQUEÑO,2026-02-16,Comercializador regulado,2,11,-245.36,-263.48,3
PEQUEÑO,2026-02-16,Trader expuesto a bolsa (sin cobertura),3,5,101.44,100.34,1
PEQUEÑO,2026-02-17,Trader con sobrecobertura de contratos,4,4,-238.15,-317.94,3
PEQUEÑO,2026-02-17,Trader no regulado,0,9,-332.31,-258.28,4
PEQUEÑO,2026-02-17,Comercializador regulado,2,11,-139.65,-253.76,2
PEQUEÑO,2026-02-17,Trader expuesto a bolsa (sin cobertura),3,5,101.22,100.1,1
PEQUEÑO,2026-02-18,Trader con sobrecobertura de contratos,4,4,-208.14,-311.29,4
PEQUEÑO,2026-02-18,Trader no regulado,0,8,-81.0,-220.7,2
PEQUEÑO,2026-02-18,Comercializador regulado,2,11,-174.0,-257.51,3
PEQUEÑO,2026-02-18,Trader expuesto a bolsa (sin cobertura),3,5,89.13,88.15,1
PEQUEÑO,2026-02-19,Trader con sobrecobertura de contratos,4,3,-299.09,-278.05,4
PEQUEÑO,2026-02-19,Trader no regulado,0,10,-247.82,-275.07,3
PEQUEÑO,2026-02-19,Comercializador regulado,2,11,-198.66,-263.23,2
PEQUEÑO,2026-02-19,Trader expuesto a bolsa (sin cobertura),3,5,88.25,87.05,1
PEQUEÑO,2026-02-20,Trader con sobrecobertura de contratos,4,5,-297.12,-273.85,3
PEQUEÑO,2026-02-20,Trader no regulado,0,8,-316.66,-310.45,4
PEQUEÑO,2026-02-20,Comercializador regulado,2,11,-144.07,-251.68,2
PEQUEÑO,2026-02-20,Trader expuesto a bolsa (sin cobertura),3,5,93.43,91.9,1
PEQUEÑO,2026-02-21,Trader con sobrecobertura de contratos,4,6,-379.98,-328.94,4
PEQUEÑO,2026-02-21,Trader no regulado,0,7,-316.13,-284.58,3
PEQUEÑO,2026-02-21,Comercializador regulado,2,11,-145.68,-252.67,2
PEQUEÑO,2026-02-21,Trader expuesto a bolsa (sin cobertura),3,5,100.74,99.62,1
PEQUEÑO,2026-02-22,Trader con sobrecobertura de contratos,4,6,-439.66,-344.84,4
PEQUEÑO,2026-02-22,Comercializador regulado,2,11,-379.84,-275.75,3
PEQUEÑO,2026-02-22,Trader expuesto a bolsa (sin cobertura),3,5,100.41,99.2,1
PEQUEÑO,2026-02-22,Trader no regulado,0,6,-335.96,-341.52,2
PEQUEÑO,2026-02-23,Trader con sobrecobertura de contratos,4,4,-282.81,-328.99,4
PEQUEÑO,2026-02-23,Trader no regulado,0,8,-157.2,-260.96,2
PEQUEÑO,2026-02-23,Comercializador regulado,2,11,-171.02,-249.62,3
PEQUEÑO,2026-02-23,Trader expuesto a bolsa (sin cobertura),3,5,101.43,100.33,1
PEQUEÑO,2026-02-24,Trader con sobrecobertura de contratos,4,5,-364.18,-286.69,4
PEQUEÑO,2026-02-24,Trader no regulado,0,8,-313.16,-313.72,3
PEQUEÑO,2026-02-24,Comercializador regulado,2,11,-142.83,-242.25,2
PEQUEÑO,2026-02-24,Trader expuesto a bolsa (sin cobertura),3,5,94.25,93.19,1
PEQUEÑO,2026-02-25,Trader con sobrecobertura de contratos,4,4,-40.06,-231.96,2
PEQUEÑO,2026-02-25,Trader no regulado,0,8,-304.04,-313.13,4
PEQUEÑO,2026-02-25,Comercializador regulado,2,11,-140.09,-248.96,3
PEQUEÑO,2026-02-25,Trader expuesto a bolsa (sin cobertura),3,5,93.31,92.31,1
PEQUEÑO,2026-02-26,Trader con sobrecobertura de contratos,4,4,-292.24,-331.7,4
PEQUEÑO,2026-02-26,Trader no regulado,0,8,-144.08,-255.91,2
PEQUEÑO,2026-02-26,Comercializador regulado,2,11,-209.51,-269.57,3
PEQUEÑO,2026-02-26,Trader expuesto a bolsa (sin cobertura),3,5,93.59,92.34,1
PEQUEÑO,2026-02-27,Trader con sobrecobertura de contratos,4,5,-279.77,-272.66,3
PEQUEÑO,2026-02-27,Comercializador regulado,2,11,-137.78,-246.98,2
PEQUEÑO,2026-02-27,Trader expuesto a bolsa (sin cobertura),3,5,98.45,96.83,1
PEQUEÑO,2026-02-27,Trader no regulado,0,7,-302.41,-282.65,4
PEQUEÑO,2026-02-28,Trader con sobrecobertura de contratos,4,5,-359.34,-307.33,3
PEQUEÑO,2026-02-28,Trader no regulado,0,8,-500,-340.55,4
PEQUEÑO,2026-02-28,Comercializador regulado,2,11,-173.38,-250.89,2
PEQUEÑO,2026-02-28,Trader expuesto a bolsa (sin cobertura),3,5,96.29,95.19,1
PEQUEÑO,2026-03-01,Trader con sobrecobertura de contratos,4,7,-500,-320.44,3
PEQUEÑO,2026-03-01,Comercializador regulado,2,11,-419.33,-278.44,2
PEQUEÑO,2026-03-01,Trader expuesto a bolsa (sin cobertura),3,5,106.31,104.99,1
PEQUEÑO,2026-03-01,Trader no regulado,0,5,-500,-391.42,4
PEQUEÑO,2026-03-02,Trader con sobrecobertura de contratos,4,5,-300.62,-283.15,4
PEQUEÑO,2026-03-02,Comercializador regulado,2,11,-200.04,-261.86,2
PEQUEÑO,2026-03-02,Trader expuesto a bolsa (sin cobertura),3,5,105.99,104.82,1
PEQUEÑO,2026-03-02,Trader no regulado,0,7,-254.04,-280.41,3
PEQUEÑO,2026-03-03,Trader con sobrecobertura de contratos,4,5,-133.89,-246.61,2
PEQUEÑO,2026-03-03,Trader no regulado,0,8,-261.44,-303.21,4
PEQUEÑO,2026-03-03,Comercializador regulado,2,11,-149.58,-224.63,3
PEQUEÑO,2026-03-03,Trader expuesto a bolsa (sin cobertura),3,5,96.92,95.77,1
PEQUEÑO,2026-03-04,Trader con sobrecobertura de contratos,4,5,-276.12,-273.22,4
PEQUEÑO,2026-03-04,Trader no regulado,0,8,-263.98,-304.4,3
PEQUEÑO,2026-03-04,Comercializador regulado,2,11,-150.45,-248.44,2
PEQUEÑO,2026-03-04,Trader expuesto a bolsa (sin cobertura),3,5,98.43,97.34,1
PEQUEÑO,2026-03-05,Trader con sobrecobertura de contratos,4,5,-303.5,-279.32,4
PEQUEÑO,2026-03-05,Trader no regulado,0,8,-260.41,-301.76,3
PEQUEÑO,2026-03-05,Comercializador regulado,2,11,-131.14,-247.66,2
PEQUEÑO,2026-03-05,Trader expuesto a bolsa (sin cobertura),3,5,98.24,96.88,1
PEQUEÑO,2026-03-06,Trader con sobrecobertura de contratos,4,5,-183.09,-254.11,3
PEQUEÑO,2026-03-06,Trader no regulado,0,9,-500,-320.36,4
PEQUEÑO,2026-03-06,Comercializador regulado,2,11,-130.25,-246.46,2
PEQUEÑO,2026-03-06,Trader expuesto a bolsa (sin cobertura),3,5,101.38,99.7,1
PEQUEÑO,2026-03-07,Trader con sobrecobertura de contratos,4,5,-216.02,-274.11,3
PEQUEÑO,2026-03-07,Comercializador regulado,2,11,-179.15,-252.43,2
PEQUEÑO,2026-03-07,Trader expuesto a bolsa (sin cobertura),3,5,99.45,98.32,1
PEQUEÑO,2026-03-07,Trader no regulado,0,7,-254.44,-275.33,4
PEQUEÑO,2026-03-08,Trader con sobrecobertura de contratos,4,6,-418.79,-366.69,4
PEQUEÑO,2026-03-08,Trader no regulado,0,8,-352.97,-354.19,2
PEQUEÑO,2026-03-08,Comercializador regulado,2,11,-403.82,-276.03,3
PEQUEÑO,2026-03-08,Trader expuesto a bolsa (sin cobertura),3,5,104.65,103.34,1
PEQUEÑO,2026-03-09,Trader con sobrecobertura de contratos,4,5,-319.98,-289.93,4
PEQUEÑO,2026-03-09,Comercializador regulado,2,11,-216.64,-263.79,2
PEQUEÑO,2026-03-09,Trader expuesto a bolsa (sin cobertura),3,6,103.63,102.66,1
PEQUEÑO,2026-03-09,Trader no regulado,0,7,-271.23,-270.74,3
PEQUEÑO,2026-03-10,Trader con sobrecobertura de contratos,4,4,-213.66,-314.16,4
PEQUEÑO,2026-03-10,Trader no regulado,0,8,-98.52,-250.68,2
PEQUEÑO,2026-03-10,Comercializador regulado,2,11,-172.98,-258.44,3
PEQUEÑO,2026-03-10,Trader expuesto a bolsa (sin cobertura),3,6,50.32,49.72,1
PEQUEÑO,2026-03-11,Trader con sobrecobertura de contratos,4,3,-349.96,-297.91,4
PEQUEÑO,2026-03-11,Trader no regulado,0,10,-328.68,-306.86,3
PEQUEÑO,2026-03-11,Comercializador regulado,2,11,-172.16,-261.56,2
PEQUEÑO,2026-03-11,Trader expuesto a bolsa (sin cobertura),3,5,18.97,18.54,1
PEQUEÑO,2026-03-12,Trader con sobrecobertura de contratos,4,2,-46.84,-197.31,2
PEQUEÑO,2026-03-12,Trader no regulado,0,10,-322.38,-308.74,4
PEQUEÑO,2026-03-12,Comercializador regulado,2,11,-77.41,-221.75,3
PEQUEÑO,2026-03-12,Trader expuesto a bolsa (sin cobertura),3,6,31.06,30.49,1
PEQUEÑO,2026-03-13,Trader con sobrecobertura de contratos,4,4,-53.6,-237.47,2
PEQUEÑO,2026-03-13,Trader no regulado,0,9,-500,-333.89,4
PEQUEÑO,2026-03-13,Comercializador regulado,2,11,-66.52,-220.54,3
PEQUEÑO,2026-03-13,Trader expuesto a bolsa (sin cobertura),3,6,45.37,44.51,1
PEQUEÑO,2026-03-14,Trader con sobrecobertura de contratos,4,4,-126.7,-271.14,3
PEQUEÑO,2026-03-14,Trader no regulado,0,9,-500,-338.01,4
PEQUEÑO,2026-03-14,Comercializador regulado,2,11,-60.41,-219.88,2
PEQUEÑO,2026-03-14,Trader expuesto a bolsa (sin cobertura),3,6,37.4,36.87,1
PEQUEÑO,2026-03-15,Trader con sobrecobertura de contratos,4,5,-497.17,-342.34,3
PEQUEÑO,2026-03-15,Trader no regulado,0,8,-500,-385.87,4
PEQUEÑO,2026-03-15,Comercializador regulado,2,11,-63.09,-233.31,2
PEQUEÑO,2026-03-15,Trader expuesto a bolsa (sin cobertura),3,6,27.11,26.62,1
PEQUEÑO,2026-03-16,Trader con sobrecobertura de contratos,4,3,-296.13,-281.3,3
PEQUEÑO,2026-03-16,Trader no regulado,0,10,-348.98,-325.36,4
PEQUEÑO,2026-03-16,Comercializador regulado,2,11,-62.56,-227.49,2
PEQUEÑO,2026-03-16,Trader expuesto a bolsa (sin cobertura),3,6,-48.14,-48.14,1
PEQUEÑO,2026-03-17,Trader con sobrecobertura de contratos,4,1,-48.14,-48.14,1
PEQUEÑO,2026-03-17,Trader no regulado,0,12,-351.52,-316.1,4
PEQUEÑO,2026-03-17,Comercializador regulado,2,11,-64.6,-226.75,2
PEQUEÑO,2026-03-17,Trader expuesto a bolsa (sin cobertura),3,6,-67.33,-67.19,3
PEQUEÑO,2026-03-18,Trader con sobrecobertura de contratos,4,2,-48.8,-274.4,1
PEQUEÑO,2026-03-18,Trader no regulado,0,11,-349.2,-291.18,4
PEQUEÑO,2026-03-18,Comercializador regulado,2,11,-62.8,-234.25,2
PEQUEÑO,2026-03-18,Trader expuesto a bolsa (sin cobertura),3,6,-66.11,-65.99,3
PEQUEÑO,2026-03-19,Trader con sobrecobertura de contratos,4,2,-48.52,-105.32,1
PEQUEÑO,2026-03-19,Trader no regulado,0,11,-408.52,-330.96,4
PEQUEÑO,2026-03-19,Comercializador regulado,2,11,-69.51,-231.23,2
PEQUEÑO,2026-03-19,Trader expuesto a bolsa (sin cobertura),3,6,-91.8,-91.42,3
PEQUEÑO,2026-03-20,Trader con sobrecobertura de contratos,4,3,-170.54,-239.64,3
PEQUEÑO,2026-03-20,Trader no regulado,0,10,-356.21,-308.47,4
PEQUEÑO,2026-03-20,Comercializador regulado,2,11,-65.85,-230.62,1
PEQUEÑO,2026-03-20,Trader expuesto a bolsa (sin cobertura),3,6,-84.77,-84.38,2
PEQUEÑO,2026-03-21,Trader con sobrecobertura de contratos,4,5,-272.92,-288.24,3
PEQUEÑO,2026-03-21,Trader no regulado,0,9,-432.8,-338.68,4
PEQUEÑO,2026-03-21,Comercializador regulado,2,11,-182.95,-244.38,2
PEQUEÑO,2026-03-21,Trader expuesto a bolsa (sin cobertura),3,5,-59.61,-59.51,1
PEQUEÑO,2026-03-22,Trader con sobrecobertura de contratos,4,6,-363.23,-347.34,3
PEQUEÑO,2026-03-22,Trader no regulado,0,7,-500,-375.96,4
PEQUEÑO,2026-03-22,Comercializador regulado,2,11,-74.03,-247.45,2
PEQUEÑO,2026-03-22,Trader expuesto a bolsa (sin cobertura),3,6,-41.79,-41.84,1
PEQUEÑO,2026-03-23,Trader con sobrecobertura de contratos,4,6,-372.32,-378.05,4
PEQUEÑO,2026-03-23,Trader no regulado,0,7,-371.68,-322.67,3
PEQUEÑO,2026-03-23,Comercializador regulado,2,11,-74.86,-239.05,2
PEQUEÑO,2026-03-23,Trader expuesto a bolsa (sin cobertura),3,6,-53.94,-53.9,1
PEQUEÑO,2026-03-24,Trader con sobrecobertura de contratos,4,4,-146.1,-298.6,3
PEQUEÑO,2026-03-24,Trader no regulado,0,9,-343.6,-293.46,4
PEQUEÑO,2026-03-24,Comercializador regulado,2,11,-57.99,-225.62,2
PEQUEÑO,2026-03-24,Trader expuesto a bolsa (sin cobertura),3,6,-36.43,-36.52,1
PEQUEÑO,2026-03-25,Trader con sobrecobertura de contratos,4,4,-168.07,-304.08,3
PEQUEÑO,2026-03-25,Trader no regulado,0,9,-346.14,-294.46,4
PEQUEÑO,2026-03-25,Comercializador regulado,2,11,-60.05,-225.42,2
PEQUEÑO,2026-03-25,Trader expuesto a bolsa (sin cobertura),3,6,-52.98,-52.95,1
PEQUEÑO,2026-03-26,Trader con sobrecobertura de contratos,4,3,-500,-349.37,4
PEQUEÑO,2026-03-26,Trader no regulado,0,9,-342.77,-292.71,3
PEQUEÑO,2026-03-26,Comercializador regulado,2,12,-57.63,-216.02,2
PEQUEÑO,2026-03-26,Trader expuesto a bolsa (sin cobertura),3,6,-49.47,-49.46,1
PEQUEÑO,2026-03-27,Trader con sobrecobertura de contratos,4,5,-500,-343.49,4
PEQUEÑO,2026-03-27,Trader no regulado,0,8,-330.99,-311.32,3
PEQUEÑO,2026-03-27,Comercializador regulado,2,11,-77.35,-226.19,2
PEQUEÑO,2026-03-27,Trader expuesto a bolsa (sin cobertura),3,6,-16.84,-17.17,1
PEQUEÑO,2026-03-28,Trader con sobrecobertura de contratos,4,5,-148.39,-255.26,3
PEQUEÑO,2026-03-28,Trader no regulado,0,8,-290.51,-323.54,4
PEQUEÑO,2026-03-28,Comercializador regulado,2,11,-105.34,-224.51,2
PEQUEÑO,2026-03-28,Trader expuesto a bolsa (sin cobertura),3,6,38.54,38.01,1
PEQUEÑO,2026-03-29,Trader con sobrecobertura de contratos,4,7,-166.92,-248.8,3
PEQUEÑO,2026-03-29,Trader no regulado,0,6,-500,-405.17,4
PEQUEÑO,2026-03-29,Comercializador regulado,2,11,-108.49,-228.55,2
PEQUEÑO,2026-03-29,Trader expuesto a bolsa (sin cobertura),3,6,73.08,72.23,1
PEQUEÑO,2026-03-30,Trader con sobrecobertura de contratos,4,4,-199.62,-311.59,3
PEQUEÑO,2026-03-30,Trader no regulado,0,9,-306.77,-284.4,4
PEQUEÑO,2026-03-30,Comercializador regulado,2,11,-108.31,-229.53,2
PEQUEÑO,2026-03-30,Trader expuesto a bolsa (sin cobertura),3,6,41.13,40.58,1
PEQUEÑO,2026-03-31,Trader con sobrecobertura de contratos,4,4,-182.41,-307.24,3
PEQUEÑO,2026-03-31,Trader no regulado,0,9,-312.64,-280.19,4
PEQUEÑO,2026-03-31,Comercializador regulado,2,11,-95.8,-227.38,2
PEQUEÑO,2026-03-31,Trader expuesto a bolsa (sin cobertura),3,6,35.37,34.86,1
PEQUEÑO,2026-04-01,Trader con sobrecobertura de contratos,4,5,-500,-330.0,4
PEQUEÑO,2026-04-01,Trader no regulado,0,8,-171.89,-279.66,3
PEQUEÑO,2026-04-01,Comercializador regulado,2,11,-74.78,-222.63,2
PEQUEÑO,2026-04-01,Trader expuesto a bolsa (sin cobertura),3,6,62.99,62.29,1
PEQUEÑO,2026-04-02,Trader con sobrecobertura de contratos,4,7,-482.06,-350.84,4
PEQUEÑO,2026-04-02,Trader no regulado,0,6,-378.31,-412.56,3
PEQUEÑO,2026-04-02,Comercializador regulado,2,11,-121.65,-248.16,2
PEQUEÑO,2026-04-02,Trader expuesto a bolsa (sin cobertura),3,6,74.59,73.56,1
PEQUEÑO,2026-04-03,Trader con sobrecobertura de contratos,4,8,-500,-392.66,3
PEQUEÑO,2026-04-03,Trader no regulado,0,5,-500,-431.84,4
PEQUEÑO,2026-04-03,Comercializador regulado,2,11,-127.21,-263.53,2
PEQUEÑO,2026-04-03,Trader expuesto a bolsa (sin cobertura),3,6,80.71,79.62,1
PEQUEÑO,2026-04-04,Trader con sobrecobertura de contratos,4,7,-448.47,-342.09,4
PEQUEÑO,2026-04-04,Trader no regulado,0,6,-390.66,-383.86,3
PEQUEÑO,2026-04-04,Comercializador regulado,2,11,-102.11,-243.23,2
PEQUEÑO,2026-04-04,Trader expuesto a bolsa (sin cobertura),3,5,77.09,76.08,1
PEQUEÑO,2026-04-05,Trader con sobrecobertura de contratos,4,7,-500,-361.95,4
PEQUEÑO,2026-04-05,Trader no regulado,0,6,-384.36,-370.56,3
PEQUEÑO,2026-04-05,Comercializador regulado,2,11,-111.53,-243.04,2
PEQUEÑO,2026-04-05,Trader expuesto a bolsa (sin cobertura),3,5,88.3,87.1,1
PEQUEÑO,2026-04-06,Trader con sobrecobertura de contratos,4,5,-500,-352.05,4
PEQUEÑO,2026-04-06,Trader no regulado,0,8,-224.85,-277.25,3
PEQUEÑO,2026-04-06,Comercializador regulado,2,11,-81.53,-228.97,2
PEQUEÑO,2026-04-06,Trader expuesto a bolsa (sin cobertura),3,5,27.35,26.79,1
PEQUEÑO,2026-04-07,Trader con sobrecobertura de contratos,4,4,-135.81,-296.83,3
PEQUEÑO,2026-04-07,Trader no regulado,0,9,-336.98,-299.52,4
PEQUEÑO,2026-04-07,Comercializador regulado,2,11,-100.29,-236.34,2
PEQUEÑO,2026-04-07,Trader expuesto a bolsa (sin cobertura),3,5,-1.95,-2.26,1
PEQUEÑO,2026-04-08,Trader con sobrecobertura de contratos,4,4,-107.86,-289.94,2
PEQUEÑO,2026-04-08,Trader no regulado,0,9,-342.13,-301.28,4
PEQUEÑO,2026-04-08,Comercializador regulado,2,11,-117.6,-235.42,3
PEQUEÑO,2026-04-08,Trader expuesto a bolsa (sin cobertura),3,5,-15.18,-15.49,1
PEQUEÑO,2026-04-09,Trader con sobrecobertura de contratos,4,4,-84.89,-284.2,2
PEQUEÑO,2026-04-09,Trader no regulado,0,9,-339.76,-304.05,4
PEQUEÑO,2026-04-09,Comercializador regulado,2,11,-104.45,-235.85,3
PEQUEÑO,2026-04-09,Trader expuesto a bolsa (sin cobertura),3,6,-28.89,-29.09,1
PEQUEÑO,2026-04-10,Trader con sobrecobertura de contratos,4,3,-500,-350.78,4
PEQUEÑO,2026-04-10,Trader no regulado,0,9,-354.85,-310.53,3
PEQUEÑO,2026-04-10,Comercializador regulado,2,12,-84.67,-222.77,2
PEQUEÑO,2026-04-10,Trader expuesto a bolsa (sin cobertura),3,6,-47.7,-47.75,1
PEQUEÑO,2026-04-11,Trader con sobrecobertura de contratos,4,4,-500,-388.02,4
PEQUEÑO,2026-04-11,Trader no regulado,0,8,-244.48,-277.94,3
PEQUEÑO,2026-04-11,Comercializador regulado,2,12,-78.44,-219.96,2
PEQUEÑO,2026-04-11,Trader expuesto a bolsa (sin cobertura),3,6,-23.13,-23.34,1
PEQUEÑO,2026-04-12,Trader con sobrecobertura de contratos,4,6,-249.68,-333.85,3
PEQUEÑO,2026-04-12,Trader no regulado,0,7,-500,-369.48,4
PEQUEÑO,2026-04-12,Comercializador regulado,2,11,-100.54,-242.28,2
PEQUEÑO,2026-04-12,Trader expuesto a bolsa (sin cobertura),3,6,-18.15,-18.43,1
PEQUEÑO,2026-04-13,Trader con sobrecobertura de contratos,4,4,-182.87,-309.11,3
PEQUEÑO,2026-04-13,Trader no regulado,0,9,-370.08,-317.49,4
PEQUEÑO,2026-04-13,Comercializador regulado,2,11,-115.83,-245.4,1
PEQUEÑO,2026-04-13,Trader expuesto a bolsa (sin cobertura),3,6,-124.87,-124.35,2
PEQUEÑO,2026-04-14,Trader con sobrecobertura de contratos,4,4,-189.96,-310.87,3
PEQUEÑO,2026-04-14,Trader no regulado,0,9,-301.4,-310.67,4
PEQUEÑO,2026-04-14,Comercializador regulado,2,11,-122.04,-246.1,1
PEQUEÑO,2026-04-14,Trader expuesto a bolsa (sin cobertura),3,6,-156.77,-156.0,2
PEQUEÑO,2026-04-15,Trader con sobrecobertura de contratos,4,4,-189.91,-310.78,3
PEQUEÑO,2026-04-15,Trader no regulado,0,9,-272.15,-304.93,4
PEQUEÑO,2026-04-15,Comercializador regulado,2,11,-95.02,-237.09,1
PEQUEÑO,2026-04-15,Trader expuesto a bolsa (sin cobertura),3,5,-127.0,-126.38,2
PEQUEÑO,2026-04-16,Trader con sobrecobertura de contratos,4,3,-500,-351.08,4
PEQUEÑO,2026-04-16,Trader no regulado,0,10,-241.74,-294.32,3
PEQUEÑO,2026-04-16,Comercializador regulado,2,11,-179.54,-250.88,2
PEQUEÑO,2026-04-16,Trader expuesto a bolsa (sin cobertura),3,5,-153.66,-152.6,1
PEQUEÑO,2026-04-17,Trader con sobrecobertura de contratos,4,5,-500,-362.44,4
PEQUEÑO,2026-04-17,Trader no regulado,0,8,-260.08,-297.08,3
PEQUEÑO,2026-04-17,Comercializador regulado,2,11,-146.94,-250.81,2
PEQUEÑO,2026-04-17,Trader expuesto a bolsa (sin cobertura),3,5,-133.0,-131.96,1
PEQUEÑO,2026-04-18,Trader con sobrecobertura de contratos,4,5,-500,-373.47,4
PEQUEÑO,2026-04-18,Trader no regulado,0,8,-265.97,-294.28,3
PEQUEÑO,2026-04-18,Comercializador regulado,2,11,-190.8,-254.62,2
PEQUEÑO,2026-04-18,Trader expuesto a bolsa (sin cobertura),3,5,-61.15,-61.07,1
PEQUEÑO,2026-04-19,Trader con sobrecobertura de contratos,4,7,-467.28,-370.91,4
PEQUEÑO,2026-04-19,Trader no regulado,0,6,-387.53,-381.27,3
PEQUEÑO,2026-04-19,Comercializador regulado,2,11,-118.67,-239.4,2
PEQUEÑO,2026-04-19,Trader expuesto a bolsa (sin cobertura),3,5,29.93,29.29,1
PEQUEÑO,2026-04-20,Trader con sobrecobertura de contratos,4,4,-314.45,-341.44,3
PEQUEÑO,2026-04-20,Trader no regulado,0,9,-388.83,-313.84,4
PEQUEÑO,2026-04-20,Comercializador regulado,2,11,-89.9,-233.26,2
PEQUEÑO,2026-04-20,Trader expuesto a bolsa (sin cobertura),3,5,-15.95,-16.26,1
PEQUEÑO,2026-04-21,Trader con sobrecobertura de contratos,4,5,-500,-364.71,4
PEQUEÑO,2026-04-21,Trader no regulado,0,8,-214.12,-283.6,3
PEQUEÑO,2026-04-21,Comercializador regulado,2,11,-85.02,-232.08,2
PEQUEÑO,2026-04-21,Trader expuesto a bolsa (sin cobertura),3,6,-35.91,-36.02,1
PEQUEÑO,2026-04-22,Trader con sobrecobertura de contratos,4,5,-500,-359.3,4
PEQUEÑO,2026-04-22,Trader no regulado,0,8,-232.15,-284.45,3
PEQUEÑO,2026-04-22,Comercializador regulado,2,11,-188.61,-253.82,2
PEQUEÑO,2026-04-22,Trader expuesto a bolsa (sin cobertura),3,6,-15.63,-15.88,1
PEQUEÑO,2026-04-23,Trader con sobrecobertura de contratos,4,5,-500,-362.78,4
PEQUEÑO,2026-04-23,Trader no regulado,0,8,-230.56,-284.78,3
PEQUEÑO,2026-04-23,Comercializador regulado,2,11,-98.41,-236.02,2
PEQUEÑO,2026-04-23,Trader expuesto a bolsa (sin cobertura),3,6,-10.0,-10.36,1
PEQUEÑO,2026-04-24,Trader con sobrecobertura de contratos,4,5,-500,-361.94,4
PEQUEÑO,2026-04-24,Trader no regulado,0,8,-247.17,-289.96,3
PEQUEÑO,2026-04-24,Comercializador regulado,2,11,-81.34,-233.06,2
PEQUEÑO,2026-04-24,Trader expuesto a bolsa (sin cobertura),3,6,-31.79,-32.0,1
PEQUEÑO,2026-04-25,Trader con sobrecobertura de contratos,4,5,-500,-374.86,4
PEQUEÑO,2026-04-25,Trader no regulado,0,8,-249.78,-308.61,3
PEQUEÑO,2026-04-25,Comercializador regulado,2,11,-246.87,-260.57,2
PEQUEÑO,2026-04-25,Trader expuesto a bolsa (sin cobertura),3,6,-1.32,-1.58,1
PEQUEÑO,2026-04-26,Trader con sobrecobertura de contratos,4,7,-500,-334.88,4
PEQUEÑO,2026-04-26,Trader no regulado,0,6,-431.18,-405.11,3
PEQUEÑO,2026-04-26,Comercializador regulado,2,11,-402.86,-291.34,2
PEQUEÑO,2026-04-26,Trader expuesto a bolsa (sin cobertura),3,6,5.71,5.37,1
PEQUEÑO,2026-04-27,Trader con sobrecobertura de contratos,4,4,-361.75,-353.26,3
PEQUEÑO,2026-04-27,Trader no regulado,0,9,-430.76,-322.16,4
PEQUEÑO,2026-04-27,Comercializador regulado,2,11,-180.14,-249.01,2
PEQUEÑO,2026-04-27,Trader expuesto a bolsa (sin cobertura),3,6,-19.19,-19.43,1
PEQUEÑO,2026-04-28,Trader con sobrecobertura de contratos,4,5,-500,-376.1,4
PEQUEÑO,2026-04-28,Trader no regulado,0,8,-210.06,-268.7,3
PEQUEÑO,2026-04-28,Comercializador regulado,2,11,-151.83,-246.29,2
PEQUEÑO,2026-04-28,Trader expuesto a bolsa (sin cobertura),3,6,2.61,2.32,1
PEQUEÑO,2026-04-29,Trader con sobrecobertura de contratos,4,4,-321.79,-343.12,3
PEQUEÑO,2026-04-29,Trader no regulado,0,9,-378.93,-298.77,4
PEQUEÑO,2026-04-29,Comercializador regulado,2,11,-122.84,-227.95,2
PEQUEÑO,2026-04-29,Trader expuesto a bolsa (sin cobertura),3,6,22.3,21.89,1
PEQUEÑO,2026-04-30,Trader con sobrecobertura de contratos,4,5,-500,-356.49,4
PEQUEÑO,2026-04-30,Trader no regulado,0,8,-173.0,-269.03,3
PEQUEÑO,2026-04-30,Comercializador regulado,2,11,-72.88,-221.54,2
PEQUEÑO,2026-04-30,Trader expuesto a bolsa (sin cobertura),3,6,37.32,36.68,1
PEQUEÑO,2026-05-01,Trader con sobrecobertura de contratos,4,7,-500,-364.55,4
PEQUEÑO,2026-05-01,Trader no regulado,0,7,-342.57,-311.98,3
PEQUEÑO,2026-05-01,Comercializador regulado,2,11,-195.09,-234.79,2
PEQUEÑO,2026-05-01,Trader expuesto a bolsa (sin cobertura),3,5,48.77,47.79,1
PEQUEÑO,2026-05-02,Trader con sobrecobertura de contratos,4,8,-376.13,-335.57,4
PEQUEÑO,2026-05-02,Trader no regulado,0,6,-356.9,-356.13,3
PEQUEÑO,2026-05-02,Comercializador regulado,2,11,-174.23,-234.47,2
PEQUEÑO,2026-05-02,Trader expuesto a bolsa (sin cobertura),3,5,54.98,54.13,1
PEQUEÑO,2026-05-03,Trader con sobrecobertura de contratos,4,8,-500,-411.63,4
PEQUEÑO,2026-05-03,Trader no regulado,0,6,-432.72,-378.51,3
PEQUEÑO,2026-05-03,Comercializador regulado,2,11,-236.92,-257.55,2
PEQUEÑO,2026-05-03,Trader expuesto a bolsa (sin cobertura),3,5,38.69,37.93,1
PEQUEÑO,2026-05-04,Trader con sobrecobertura de contratos,4,6,-500,-381.59,4
PEQUEÑO,2026-05-04,Trader no regulado,0,8,-212.22,-291.02,3
PEQUEÑO,2026-05-04,Comercializador regulado,2,11,-156.8,-241.0,2
PEQUEÑO,2026-05-04,Trader expuesto a bolsa (sin cobertura),3,5,-31.3,-31.52,1
PEQUEÑO,2026-05-05,Trader con sobrecobertura de contratos,4,7,-500,-382.78,4
PEQUEÑO,2026-05-05,Trader no regulado,0,7,-229.99,-276.22,3
PEQUEÑO,2026-05-05,Comercializador regulado,2,11,-154.17,-238.99,2
PEQUEÑO,2026-05-05,Trader expuesto a bolsa (sin cobertura),3,5,-72.05,-71.91,1
PEQUEÑO,2026-05-06,Trader con sobrecobertura de contratos,4,6,-500,-364.01,4
PEQUEÑO,2026-05-06,Trader no regulado,0,8,-206.46,-283.6,3
PEQUEÑO,2026-05-06,Comercializador regulado,2,11,-149.91,-237.4,2
PEQUEÑO,2026-05-06,Trader expuesto a bolsa (sin cobertura),3,5,-58.97,-58.95,1
PEQUEÑO,2026-05-07,Trader con sobrecobertura de contratos,4,7,-500,-388.76,4
PEQUEÑO,2026-05-07,Trader no regulado,0,7,-197.38,-218.71,3
PEQUEÑO,2026-05-07,Comercializador regulado,2,12,-114.49,-226.45,2
PEQUEÑO,2026-05-07,Trader expuesto a bolsa (sin cobertura),3,4,-52.41,-52.46,1
PEQUEÑO,2026-05-08,Trader con sobrecobertura de contratos,4,6,-500,-373.8,4
PEQUEÑO,2026-05-08,Trader no regulado,0,8,-217.41,-285.07,3
PEQUEÑO,2026-05-08,Comercializador regulado,2,12,-70.42,-222.54,1
PEQUEÑO,2026-05-08,Trader expuesto a bolsa (sin cobertura),3,4,-77.99,-77.64,2
PEQUEÑO,2026-05-09,Trader con sobrecobertura de contratos,4,6,-500,-382.76,4
PEQUEÑO,2026-05-09,Trader no regulado,0,8,-200.62,-277.97,3
PEQUEÑO,2026-05-09,Comercializador regulado,2,12,-54.38,-214.21,2
PEQUEÑO,2026-05-09,Trader expuesto a bolsa (sin cobertura),3,4,32.67,31.87,1
PEQUEÑO,2026-05-10,Trader con sobrecobertura de contratos,4,8,-487.53,-399.76,4
PEQUEÑO,2026-05-10,Trader no regulado,0,6,-359.93,-365.48,3
PEQUEÑO,2026-05-10,Comercializador regulado,2,12,-120.4,-245.96,2
PEQUEÑO,2026-05-10,Trader expuesto a bolsa (sin cobertura),3,4,12.08,11.46,1
PEQUEÑO,2026-05-11,Trader con sobrecobertura de contratos,4,7,-500,-338.58,4
PEQUEÑO,2026-05-11,Trader no regulado,0,7,-353.25,-316.74,3
PEQUEÑO,2026-05-11,Comercializador regulado,2,12,-81.86,-229.78,1
PEQUEÑO,2026-05-11,Trader expuesto a bolsa (sin cobertura),3,4,-127.35,-126.58,2
PEQUEÑO,2026-05-12,Trader con sobrecobertura de contratos,4,6,-500,-370.87,4
PEQUEÑO,2026-05-12,Trader no regulado,0,8,-277.27,-315.42,2
PEQUEÑO,2026-05-12,Comercializador regulado,2,12,-146.36,-247.78,1
PEQUEÑO,2026-05-12,Trader expuesto a bolsa (sin cobertura),3,4,-344.65,-341.47,3
PEQUEÑO,2026-05-13,Trader con sobrecobertura de contratos,4,6,-500,-370.89,4
PEQUEÑO,2026-05-13,Trader no regulado,0,8,-333.14,-334.0,2
PEQUEÑO,2026-05-13,Comercializador regulado,2,12,-193.03,-284.18,1
PEQUEÑO,2026-05-13,Trader expuesto a bolsa (sin cobertura),3,4,-484.92,-480.46,3
PEQUEÑO,2026-05-14,Trader con sobrecobertura de contratos,4,7,-500,-341.36,3
PEQUEÑO,2026-05-14,Trader no regulado,0,7,-475.14,-376.74,2
PEQUEÑO,2026-05-14,Comercializador regulado,2,12,-151.38,-260.35,1
PEQUEÑO,2026-05-14,Trader expuesto a bolsa (sin cobertura),3,4,-500,-500.0,4
PEQUEÑO,2026-05-15,Trader con sobrecobertura de contratos,4,7,-500,-336.34,3
PEQUEÑO,2026-05-15,Trader no regulado,0,7,-458.52,-372.13,2
PEQUEÑO,2026-05-15,Comercializador regulado,2,12,-142.04,-255.53,1
PEQUEÑO,2026-05-15,Trader expuesto a bolsa (sin cobertura),3,4,-500,-499.85,4
PEQUEÑO,2026-05-16,Trader con sobrecobertura de contratos,4,7,-500,-340.03,4
PEQUEÑO,2026-05-16,Trader no regulado,0,7,-412.95,-352.75,3
PEQUEÑO,2026-05-16,Comercializador regulado,2,12,-131.53,-245.35,1
PEQUEÑO,2026-05-16,Trader expuesto a bolsa (sin cobertura),3,4,-411.91,-407.99,2
PEQUEÑO,2026-05-17,Trader con sobrecobertura de contratos,4,9,-431.73,-381.38,3
PEQUEÑO,2026-05-17,Trader no regulado,0,5,-500,-468.6,4
PEQUEÑO,2026-05-17,Comercializador regulado,2,12,-174.71,-269.05,1
PEQUEÑO,2026-05-17,Trader expuesto a bolsa (sin cobertura),3,4,-426.43,-422.03,2
PEQUEÑO,2026-05-18,Trader con sobrecobertura de contratos,4,8,-407.58,-364.56,2
PEQUEÑO,2026-05-18,Trader no regulado,0,6,-454.36,-410.0,3
PEQUEÑO,2026-05-18,Comercializador regulado,2,12,-183.31,-258.75,1
PEQUEÑO,2026-05-18,Trader expuesto a bolsa (sin cobertura),3,4,-485.32,-479.39,4
PEQUEÑO,2026-05-19,Trader con sobrecobertura de contratos,4,8,-500,-375.09,3
PEQUEÑO,2026-05-19,Trader no regulado,0,6,-388.16,-347.64,2
PEQUEÑO,2026-05-19,Comercializador regulado,2,12,-141.66,-256.85,1
PEQUEÑO,2026-05-19,Trader expuesto a bolsa (sin cobertura),3,4,-500,-500.0,4
PEQUEÑO,2026-05-20,Trader con sobrecobertura de contratos,4,6,-500,-427.11,3
PEQUEÑO,2026-05-20,Trader no regulado,0,7,-394.48,-324.45,2
PEQUEÑO,2026-05-20,Comercializador regulado,2,13,-221.32,-257.24,1
PEQUEÑO,2026-05-20,Trader expuesto a bolsa (sin cobertura),3,4,-500,-500.0,4
PEQUEÑO,2026-05-21,Trader con sobrecobertura de contratos,4,6,-500,-370.11,4
PEQUEÑO,2026-05-21,Trader no regulado,0,8,-364.6,-336.38,2
PEQUEÑO,2026-05-21,Comercializador regulado,2,12,-135.39,-249.22,1
PEQUEÑO,2026-05-21,Trader expuesto a bolsa (sin cobertura),3,4,-453.26,-448.1,3
PEQUEÑO,2026-05-22,Trader con sobrecobertura de contratos,4,6,-500,-367.87,4
PEQUEÑO,2026-05-22,Trader no regulado,0,8,-382.22,-325.07,3
PEQUEÑO,2026-05-22,Comercializador regulado,2,12,-126.14,-237.78,1
PEQUEÑO,2026-05-22,Trader expuesto a bolsa (sin cobertura),3,4,-313.94,-309.79,2
PEQUEÑO,2026-05-23,Trader con sobrecobertura de contratos,4,6,-500,-364.91,4
PEQUEÑO,2026-05-23,Trader no regulado,0,8,-337.81,-325.22,2
PEQUEÑO,2026-05-23,Comercializador regulado,2,12,-146.25,-248.41,1
PEQUEÑO,2026-05-23,Trader expuesto a bolsa (sin cobertura),3,4,-442.49,-438.2,3
PEQUEÑO,2026-05-24,Trader con sobrecobertura de contratos,4,9,-249.19,-310.55,2
PEQUEÑO,2026-05-24,Trader no regulado,0,5,-500,-446.42,4
PEQUEÑO,2026-05-24,Comercializador regulado,2,12,-140.14,-260.81,1
PEQUEÑO,2026-05-24,Trader expuesto a bolsa (sin cobertura),3,4,-345.52,-342.06,3
PEQUEÑO,2026-05-25,Trader con sobrecobertura de contratos,4,6,-500,-361.2,4
PEQUEÑO,2026-05-25,Trader no regulado,0,8,-496.6,-387.88,3
PEQUEÑO,2026-05-25,Comercializador regulado,2,13,-166.68,-236.96,1
PEQUEÑO,2026-05-25,Trader expuesto a bolsa (sin cobertura),3,3,-374.55,-369.92,2
PEQUEÑO,2026-05-26,Trader con sobrecobertura de contratos,4,5,-500,-412.02,4
PEQUEÑO,2026-05-26,Trader no regulado,0,9,-356.28,-331.12,2
PEQUEÑO,2026-05-26,Comercializador regulado,2,13,-133.55,-233.13,1
PEQUEÑO,2026-05-26,Trader expuesto a bolsa (sin cobertura),3,3,-366.96,-362.4,3
PEQUEÑO,2026-05-27,Trader con sobrecobertura de contratos,4,5,-500,-411.88,4
PEQUEÑO,2026-05-27,Trader no regulado,0,8,-279.21,-302.59,2
PEQUEÑO,2026-05-27,Comercializador regulado,2,13,-127.03,-228.93,1
PEQUEÑO,2026-05-27,Trader expuesto a bolsa (sin cobertura),3,4,-294.92,-292.43,3
PEQUEÑO,2026-05-28,Trader con sobrecobertura de contratos,4,5,-500,-411.46,4
PEQUEÑO,2026-05-28,Trader no regulado,0,8,-278.43,-316.16,3
PEQUEÑO,2026-05-28,Comercializador regulado,2,13,-119.16,-220.5,1
PEQUEÑO,2026-05-28,Trader expuesto a bolsa (sin cobertura),3,4,-178.87,-177.27,2
PEQUEÑO,2026-05-29,Trader con sobrecobertura de contratos,4,6,-500,-361.1,4
PEQUEÑO,2026-05-29,Trader no regulado,0,8,-226.78,-307.59,3
PEQUEÑO,2026-05-29,Comercializador regulado,2,12,-83.36,-227.87,1
PEQUEÑO,2026-05-29,Trader expuesto a bolsa (sin cobertura),3,4,-127.27,-126.14,2
PEQUEÑO,2026-05-30,Trader con sobrecobertura de contratos,4,6,-500,-369.14,4
PEQUEÑO,2026-05-30,Trader no regulado,0,8,-236.27,-311.4,3
PEQUEÑO,2026-05-30,Comercializador regulado,2,12,-77.1,-229.07,1
PEQUEÑO,2026-05-30,Trader expuesto a bolsa (sin cobertura),3,4,-85.48,-85.15,2
PEQUEÑO,2026-05-31,Trader con sobrecobertura de contratos,4,8,-443.58,-377.34,3
PEQUEÑO,2026-05-31,Trader no regulado,0,7,-500,-411.51,4
PEQUEÑO,2026-05-31,Comercializador regulado,2,12,-104.21,-248.77,2
PEQUEÑO,2026-05-31,Trader expuesto a bolsa (sin cobertura),3,3,-71.56,-71.32,1
PEQUEÑO,2026-06-01,Trader con sobrecobertura de contratos,4,4,-500,-389.28,4
PEQUEÑO,2026-06-01,Trader no regulado,0,9,-500,-350.58,3
PEQUEÑO,2026-06-01,Comercializador regulado,2,13,-133.35,-238.7,1
PEQUEÑO,2026-06-01,Trader expuesto a bolsa (sin cobertura),3,4,-273.71,-271.32,2
PEQUEÑO,2026-06-02,Trader con sobrecobertura de contratos,4,4,-500,-389.41,4
PEQUEÑO,2026-06-02,Trader no regulado,0,10,-500,-366.38,3
PEQUEÑO,2026-06-02,Comercializador regulado,2,13,-137.92,-233.96,1
PEQUEÑO,2026-06-02,Trader expuesto a bolsa (sin cobertura),3,3,-285.53,-282.14,2
PEQUEÑO,2026-06-03,Trader con sobrecobertura de contratos,4,4,-500,-389.57,4
PEQUEÑO,2026-06-03,Trader no regulado,0,10,-500,-363.44,3
PEQUEÑO,2026-06-03,Comercializador regulado,2,13,-140.93,-233.25,1
PEQUEÑO,2026-06-03,Trader expuesto a bolsa (sin cobertura),3,3,-311.49,-307.92,2
PEQUEÑO,2026-06-04,Trader con sobrecobertura de contratos,4,5,-500,-411.42,4
PEQUEÑO,2026-06-04,Trader no regulado,0,9,-500,-348.1,3
PEQUEÑO,2026-06-04,Comercializador regulado,2,13,-131.74,-230.87,1
PEQUEÑO,2026-06-04,Trader expuesto a bolsa (sin cobertura),3,3,-268.34,-264.63,2
PEQUEÑO,2026-06-05,Trader con sobrecobertura de contratos,4,5,-500,-411.97,4
PEQUEÑO,2026-06-05,Trader no regulado,0,9,-500,-371.13,3
PEQUEÑO,2026-06-05,Comercializador regulado,2,13,-154.46,-240.13,1
PEQUEÑO,2026-06-05,Trader expuesto a bolsa (sin cobertura),3,3,-393.26,-386.03,2
PEQUEÑO,2026-06-06,Trader con sobrecobertura de contratos,4,5,-500,-411.58,4
PEQUEÑO,2026-06-06,Trader no regulado,0,9,-500,-368.93,3
PEQUEÑO,2026-06-06,Comercializador regulado,2,13,-179.89,-253.19,1
PEQUEÑO,2026-06-06,Trader expuesto a bolsa (sin cobertura),3,3,-313.5,-309.69,2
PEQUEÑO,2026-06-07,Trader con sobrecobertura de contratos,4,7,-500,-355.53,3
PEQUEÑO,2026-06-07,Trader no regulado,0,6,-500,-433.46,4
PEQUEÑO,2026-06-07,Comercializador regulado,2,13,-181.06,-266.6,1
PEQUEÑO,2026-06-07,Trader expuesto a bolsa (sin cobertura),3,4,-202.87,-201.09,2
PEQUEÑO,2026-06-08,Trader con sobrecobertura de contratos,4,10,-219.71,-315.01,3
PEQUEÑO,2026-06-08,Trader no regulado,0,4,-500,-500.0,4
PEQUEÑO,2026-06-08,Comercializador regulado,2,12,-147.3,-255.91,1
PEQUEÑO,2026-06-08,Trader expuesto a bolsa (sin cobertura),3,4,-174.58,-172.92,2
PEQUEÑO,2026-06-09,Trader con sobrecobertura de contratos,4,7,-500,-380.8,4
PEQUEÑO,2026-06-09,Trader no regulado,0,6,-500,-359.15,3
PEQUEÑO,2026-06-09,Comercializador regulado,2,13,-139.65,-234.84,1
PEQUEÑO,2026-06-09,Trader expuesto a bolsa (sin cobertura),3,4,-209.6,-207.89,2
PEQUEÑO,2026-06-10,Trader con sobrecobertura de contratos,4,5,-500,-410.66,4
PEQUEÑO,2026-06-10,Trader no regulado,0,8,-500,-340.9,3
PEQUEÑO,2026-06-10,Comercializador regulado,2,13,-131.12,-227.68,1
PEQUEÑO,2026-06-10,Trader expuesto a bolsa (sin cobertura),3,3,-149.53,-148.17,2
PEQUEÑO,2026-06-11,Trader con sobrecobertura de contratos,4,6,-500,-369.95,4
PEQUEÑO,2026-06-11,Trader no regulado,0,8,-319.32,-320.05,3
PEQUEÑO,2026-06-11,Comercializador regulado,2,12,-110.82,-232.58,1
PEQUEÑO,2026-06-11,Trader expuesto a bolsa (sin cobertura),3,4,-169.83,-168.31,2
PEQUEÑO,2026-06-12,Trader con sobrecobertura de contratos,4,5,-500,-345.49,4
PEQUEÑO,2026-06-12,Trader no regulado,0,8,-340.05,-320.95,3
PEQUEÑO,2026-06-12,Comercializador regulado,2,12,-117.42,-241.17,1
PEQUEÑO,2026-06-12,Trader expuesto a bolsa (sin cobertura),3,4,-178.26,-176.25,2
PEQUEÑO,2026-06-13,Trader con sobrecobertura de contratos,4,6,-500,-360.52,4
PEQUEÑO,2026-06-13,Trader no regulado,0,6,-358.47,-344.27,3
PEQUEÑO,2026-06-13,Comercializador regulado,2,13,-144.4,-240.56,1
PEQUEÑO,2026-06-13,Trader expuesto a bolsa (sin cobertura),3,4,-305.21,-302.42,2
PEQUEÑO,2026-06-14,Trader con sobrecobertura de contratos,4,9,-472.42,-356.34,3
PEQUEÑO,2026-06-14,Comercializador regulado,2,12,-140.55,-266.44,1
PEQUEÑO,2026-06-14,Trader no regulado,0,4,-490.28,-464.77,4
PEQUEÑO,2026-06-14,Trader expuesto a bolsa (sin cobertura),3,4,-142.48,-141.42,2
PEQUEÑO,2026-06-15,Trader con sobrecobertura de contratos,4,8,-246.51,-325.18,3
PEQUEÑO,2026-06-15,Comercializador regulado,2,12,-175.64,-271.15,2
PEQUEÑO,2026-06-15,Trader no regulado,0,5,-500,-388.77,4
PEQUEÑO,2026-06-15,Trader expuesto a bolsa (sin cobertura),3,4,-100.7,-100.05,1
PEQUEÑO,2026-06-16,Trader con sobrecobertura de contratos,4,5,-500,-411.07,4
PEQUEÑO,2026-06-16,Trader no regulado,0,8,-350.22,-326.8,3
PEQUEÑO,2026-06-16,Comercializador regulado,2,13,-174.18,-256.8,1
PEQUEÑO,2026-06-16,Trader expuesto a bolsa (sin cobertura),3,4,-257.82,-255.56,2
PEQUEÑO,2026-06-17,Trader con sobrecobertura de contratos,4,6,-500,-425.72,4
PEQUEÑO,2026-06-17,Trader no regulado,0,6,-93.56,-259.41,1
PEQUEÑO,2026-06-17,Comercializador regulado,2,13,-105.86,-224.12,2
PEQUEÑO,2026-06-17,Trader expuesto a bolsa (sin cobertura),3,4,-184.47,-183.09,3
PEQUEÑO,2026-06-18,Trader con sobrecobertura de contratos,4,5,-500,-410.87,4
PEQUEÑO,2026-06-18,Trader no regulado,0,7,-318.14,-294.85,3
PEQUEÑO,2026-06-18,Comercializador regulado,2,13,-132.97,-225.86,1
PEQUEÑO,2026-06-18,Trader expuesto a bolsa (sin cobertura),3,4,-173.23,-171.66,2
PEQUEÑO,2026-06-19,Trader con sobrecobertura de contratos,4,5,-500,-411.03,4
PEQUEÑO,2026-06-19,Trader no regulado,0,7,-328.34,-300.87,3
PEQUEÑO,2026-06-19,Comercializador regulado,2,13,-127.95,-229.22,1
PEQUEÑO,2026-06-19,Trader expuesto a bolsa (sin cobertura),3,4,-246.95,-243.83,2
PEQUEÑO,2026-06-20,Trader con sobrecobertura de contratos,4,5,-500,-410.95,4
PEQUEÑO,2026-06-20,Trader no regulado,0,7,-339.79,-300.69,3
PEQUEÑO,2026-06-20,Comercializador regulado,2,13,-125.94,-230.46,1
PEQUEÑO,2026-06-20,Trader expuesto a bolsa (sin cobertura),3,4,-220.46,-218.6,2
PEQUEÑO,2026-06-21,Trader con sobrecobertura de contratos,4,8,-500,-399.12,3
PEQUEÑO,2026-06-21,Comercializador regulado,2,13,-200.54,-263.82,2
PEQUEÑO,2026-06-21,Trader no regulado,0,4,-500,-399.14,4
PEQUEÑO,2026-06-21,Trader expuesto a bolsa (sin cobertura),3,4,-163.36,-162.05,1
PEQUEÑO,2026-06-22,Trader con sobrecobertura de contratos,4,5,-500,-411.63,4
PEQUEÑO,2026-06-22,Trader no regulado,0,7,-439.95,-329.75,3
PEQUEÑO,2026-06-22,Comercializador regulado,2,13,-144.01,-243.56,1
PEQUEÑO,2026-06-22,Trader expuesto a bolsa (sin cobertura),3,4,-387.56,-383.94,2
PEQUEÑO,2026-06-23,Trader con sobrecobertura de contratos,4,5,-500,-411.29,4
PEQUEÑO,2026-06-23,Trader no regulado,0,7,-411.91,-323.11,3
PEQUEÑO,2026-06-23,Comercializador regulado,2,13,-146.2,-244.23,1
PEQUEÑO,2026-06-23,Trader expuesto a bolsa (sin cobertura),3,4,-402.5,-398.64,2
PEQUEÑO,2026-06-24,Trader con sobrecobertura de contratos,4,5,-500,-411.43,4
PEQUEÑO,2026-06-24,Trader no regulado,0,8,-407.18,-348.11,2
PEQUEÑO,2026-06-24,Comercializador regulado,2,13,-136.24,-244.52,1
PEQUEÑO,2026-06-24,Trader expuesto a bolsa (sin cobertura),3,3,-452.74,-447.16,3
PEQUEÑO,2026-06-25,Trader con sobrecobertura de contratos,4,5,-500,-411.55,4
PEQUEÑO,2026-06-25,Trader no regulado,0,7,-500,-339.36,3
PEQUEÑO,2026-06-25,Comercializador regulado,2,13,-129.67,-244.8,1
PEQUEÑO,2026-06-25,Trader expuesto a bolsa (sin cobertura),3,4,-461.58,-456.26,2
PEQUEÑO,2026-06-26,Trader con sobrecobertura de contratos,4,6,-500,-426.29,4
PEQUEÑO,2026-06-26,Trader no regulado,0,6,-156.06,-301.14,1
PEQUEÑO,2026-06-26,Comercializador regulado,2,12,-180.8,-260.42,2
PEQUEÑO,2026-06-26,Trader expuesto a bolsa (sin cobertura),3,4,-444.0,-437.71,3
PEQUEÑO,2026-06-27,Trader con sobrecobertura de contratos,4,5,-500,-411.5,4
PEQUEÑO,2026-06-27,Trader no regulado,0,7,-397.61,-319.5,2
PEQUEÑO,2026-06-27,Comercializador regulado,2,13,-144.28,-241.95,1
PEQUEÑO,2026-06-27,Trader expuesto a bolsa (sin cobertura),3,4,-432.14,-427.95,3
PEQUEÑO,2026-06-28,Trader con sobrecobertura de contratos,4,7,-500,-382.33,3
PEQUEÑO,2026-06-28,Comercializador regulado,2,13,-233.07,-289.76,1
PEQUEÑO,2026-06-28,Trader no regulado,0,5,-500,-406.97,4
PEQUEÑO,2026-06-28,Trader expuesto a bolsa (sin cobertura),3,4,-455.5,-450.72,2
PEQUEÑO,2026-06-29,Trader con sobrecobertura de contratos,4,6,-500,-361.0,4
PEQUEÑO,2026-06-29,Comercializador regulado,2,13,-174.62,-281.27,1
PEQUEÑO,2026-06-29,Trader no regulado,0,6,-419.9,-363.42,2
PEQUEÑO,2026-06-29,Trader expuesto a bolsa (sin cobertura),3,4,-479.11,-473.25,3
PEQUEÑO,2026-06-30,Trader con sobrecobertura de contratos,4,5,-500,-412.12,3
PEQUEÑO,2026-06-30,Trader no regulado,0,8,-419.74,-368.19,2
PEQUEÑO,2026-06-30,Comercializador regulado,2,13,-188.63,-252.84,1
PEQUEÑO,2026-06-30,Trader expuesto a bolsa (sin cobertura),3,4,-500,-500.0,4
PEQUEÑO,2026-07-01,Trader con sobrecobertura de contratos,4,5,-500,-413.12,3
PEQUEÑO,2026-07-01,Trader expuesto a bolsa (sin cobertura),3,5,-500,-500.0,4
PEQUEÑO,2026-07-01,Trader no regulado,0,7,-423.95,-333.93,2
PEQUEÑO,2026-07-01,Comercializador regulado,2,13,-175.39,-254.88,1
PEQUEÑO,2026-07-02,Trader con sobrecobertura de contratos,4,5,-500,-336.54,3
PEQUEÑO,2026-07-02,Trader no regulado,0,7,-482.61,-378.51,2
PEQUEÑO,2026-07-02,Comercializador regulado,2,13,-190.96,-254.93,1
PEQUEÑO,2026-07-02,Trader expuesto a bolsa (sin cobertura),3,4,-500,-500.0,4
PEQUEÑO,2026-07-03,Trader con sobrecobertura de contratos,4,3,-500,-353.78,3
PEQUEÑO,2026-07-03,Trader no regulado,0,9,-439.84,-357.56,2
PEQUEÑO,2026-07-03,Comercializador regulado,2,13,-217.24,-259.64,1
PEQUEÑO,2026-07-03,Trader expuesto a bolsa (sin cobertura),3,4,-500,-500.0,4
PEQUEÑO,2026-07-04,Trader con sobrecobertura de contratos,4,6,-500,-362.78,3
PEQUEÑO,2026-07-04,Trader no regulado,0,6,-382.7,-360.07,2
PEQUEÑO,2026-07-04,Comercializador regulado,2,13,-198.21,-279.35,1
PEQUEÑO,2026-07-04,Trader expuesto a bolsa (sin cobertura),3,4,-500,-497.9,4
PEQUEÑO,2026-07-05,Trader con sobrecobertura de contratos,4,7,-500,-370.23,3
PEQUEÑO,2026-07-05,Comercializador regulado,2,13,-204.82,-274.28,1
PEQUEÑO,2026-07-05,Trader no regulado,0,5,-500,-416.86,4
PEQUEÑO,2026-07-05,Trader expuesto a bolsa (sin cobertura),3,4,-435.5,-430.97,2
PEQUEÑO,2026-07-06,Trader con sobrecobertura de contratos,4,5,-500,-412.38,3
PEQUEÑO,2026-07-06,Trader no regulado,0,7,-436.78,-329.87,2
PEQUEÑO,2026-07-06,Comercializador regulado,2,13,-143.19,-250.28,1
PEQUEÑO,2026-07-06,Trader expuesto a bolsa (sin cobertura),3,4,-500,-500.0,4
PEQUEÑO,2026-07-07,Trader con sobrecobertura de contratos,4,4,-500,-390.0,4
PEQUEÑO,2026-07-07,Trader expuesto a bolsa (sin cobertura),3,5,-467.67,-470.51,3
PEQUEÑO,2026-07-07,Trader no regulado,0,8,-398.31,-359.27,2
PEQUEÑO,2026-07-07,Comercializador regulado,2,13,-140.64,-242.68,1
PEQUEÑO,2026-07-08,Trader con sobrecobertura de contratos,4,4,-500,-390.14,4
PEQUEÑO,2026-07-08,Trader expuesto a bolsa (sin cobertura),3,5,-486.03,-485.24,3
PEQUEÑO,2026-07-08,Trader no regulado,0,8,-409.43,-354.44,2
PEQUEÑO,2026-07-08,Comercializador regulado,2,13,-132.13,-243.26,1
PEQUEÑO,2026-07-09,Trader con sobrecobertura de contratos,4,4,-500,-390.66,4
PEQUEÑO,2026-07-09,Trader no regulado,0,9,-500,-373.51,3
PEQUEÑO,2026-07-09,Comercializador regulado,2,13,-142.48,-245.6,1
PEQUEÑO,2026-07-09,Trader expuesto a bolsa (sin cobertura),3,4,-472.62,-467.26,2
PEQUEÑO,2026-07-10,Trader con sobrecobertura de contratos,4,4,-500,-390.44,4
PEQUEÑO,2026-07-10,Trader no regulado,0,9,-500,-363.23,3
PEQUEÑO,2026-07-10,Comercializador regulado,2,13,-142.82,-247.47,1
PEQUEÑO,2026-07-10,Trader expuesto a bolsa (sin cobertura),3,4,-472.29,-465.63,2
PEQUEÑO,2026-07-11,Trader con sobrecobertura de contratos,4,4,-500,-390.61,3
PEQUEÑO,2026-07-11,Trader no regulado,0,8,-419.12,-355.86,2
PEQUEÑO,2026-07-11,Comercializador regulado,2,13,-136.0,-246.38,1
PEQUEÑO,2026-07-11,Trader expuesto a bolsa (sin cobertura),3,4,-500,-495.37,4
PEQUEÑO,2026-07-12,Trader con sobrecobertura de contratos,4,6,-483.3,-385.8,3
PEQUEÑO,2026-07-12,Trader no regulado,0,6,-462.35,-421.48,2
PEQUEÑO,2026-07-12,Comercializador regulado,2,13,-184.98,-274.92,1
PEQUEÑO,2026-07-12,Trader expuesto a bolsa (sin cobertura),3,4,-500,-500.0,4
PEQUEÑO,2026-07-13,Trader con sobrecobertura de contratos,4,5,-500,-412.7,3
PEQUEÑO,2026-07-13,Trader no regulado,0,7,-441.28,-320.93,2
PEQUEÑO,2026-07-13,Comercializador regulado,2,13,-180.73,-255.62,1
PEQUEÑO,2026-07-13,Trader expuesto a bolsa (sin cobertura),3,4,-500,-500.0,4
PEQUEÑO,2026-07-14,Trader con sobrecobertura de contratos,4,4,-500,-390.94,3
PEQUEÑO,2026-07-14,Trader no regulado,0,8,-412.29,-356.44,2
PEQUEÑO,2026-07-14,Comercializador regulado,2,13,-229.33,-263.57,1
PEQUEÑO,2026-07-14,Trader expuesto a bolsa (sin cobertura),3,4,-500,-500.0,4
PEQUEÑO,2026-07-15,Trader con sobrecobertura de contratos,4,4,-500,-391.25,3
PEQUEÑO,2026-07-15,Trader no regulado,0,10,-463.69,-391.56,2
PEQUEÑO,2026-07-15,Comercializador regulado,2,13,-178.4,-264.23,1
PEQUEÑO,2026-07-15,Trader expuesto a bolsa (sin cobertura),3,3,-500,-500.0,4
PEQUEÑO,2026-07-16,Trader con sobrecobertura de contratos,4,3,-500,-354.9,2
PEQUEÑO,2026-07-16,Trader no regulado,0,11,-500,-403.36,3
PEQUEÑO,2026-07-16,Comercializador regulado,2,13,-182.05,-257.54,1
PEQUEÑO,2026-07-16,Trader expuesto a bolsa (sin cobertura),3,3,-500,-500.0,4
PEQUEÑO,2026-07-17,Trader con sobrecobertura de contratos,4,3,-500,-355.0,2
PEQUEÑO,2026-07-17,Trader no regulado,0,11,-500,-402.79,3
PEQUEÑO,2026-07-17,Comercializador regulado,2,13,-209.85,-264.96,1
PEQUEÑO,2026-07-17,Trader expuesto a bolsa (sin cobertura),3,3,-500,-500.0,4
PEQUEÑO,2026-07-18,Trader con sobrecobertura de contratos,4,3,-500,-354.39,3
PEQUEÑO,2026-07-18,Trader no regulado,0,10,-442.89,-380.75,2
PEQUEÑO,2026-07-18,Comercializador regulado,2,12,-170.43,-270.76,1
PEQUEÑO,2026-07-18,Trader expuesto a bolsa (sin cobertura),3,3,-500,-500.0,4
PEQUEÑO,2026-07-19,Trader con sobrecobertura de contratos,4,8,-500,-406.65,2
PEQUEÑO,2026-07-19,Comercializador regulado,2,13,-229.63,-290.87,1
PEQUEÑO,2026-07-19,Trader no regulado,0,5,-500,-418.97,3
PEQUEÑO,2026-07-19,Trader expuesto a bolsa (sin cobertura),3,3,-500,-500.0,4
PEQUEÑO,2026-07-20,Trader con sobrecobertura de contratos,4,5,-500,-412.7,3
PEQUEÑO,2026-07-20,Trader no regulado,0,9,-500,-381.49,2
PEQUEÑO,2026-07-20,Comercializador regulado,2,13,-227.98,-268.47,1
PEQUEÑO,2026-07-20,Trader expuesto a bolsa (sin cobertura),3,3,-500,-500.0,4
PEQUEÑO,2026-07-21,Trader con sobrecobertura de contratos,4,5,-500,-335.17,2
PEQUEÑO,2026-07-21,Trader no regulado,0,8,-500,-407.51,3
PEQUEÑO,2026-07-21,Comercializador regulado,2,13,-218.02,-259.21,1
PEQUEÑO,2026-07-21,Trader expuesto a bolsa (sin cobertura),3,3,-500,-500.0,4
PEQUEÑO,2026-07-22,Trader con sobrecobertura de contratos,4,3,-500,-355.23,3
PEQUEÑO,2026-07-22,Trader no regulado,0,10,-463.31,-398.15,2
PEQUEÑO,2026-07-22,Comercializador regulado,2,13,-159.42,-262.23,1
PEQUEÑO,2026-07-22,Trader expuesto a bolsa (sin cobertura),3,3,-500,-500.0,4
PEQUEÑO,2026-07-23,Trader expuesto a bolsa (sin cobertura),3,17,144.04,19.37,1
PEQUEÑO,2026-07-23,Trader no regulado,0,9,-500,-313.16,2
PEQUEÑO,2026-07-23,Comercializador regulado,2,2,-500,-500.0,3
PEQUEÑO,2026-07-23,Trader con sobrecobertura de contratos,4,2,-500,-500.0,4
PEQUEÑO,2026-07-24,Trader expuesto a bolsa (sin cobertura),3,18,122.15,22.44,1
PEQUEÑO,2026-07-24,Trader no regulado,0,6,-500,-319.55,2
PEQUEÑO,2026-07-24,Comercializador regulado,2,2,-500,-500.0,4
PEQUEÑO,2026-07-24,Trader con sobrecobertura de contratos,4,3,-500,-410.13,3
PEQUEÑO,2026-07-25,Trader expuesto a bolsa (sin cobertura),3,17,147.57,54.83,1
PEQUEÑO,2026-07-25,Trader no regulado,0,7,-500,-244.71,2
PEQUEÑO,2026-07-25,Comercializador regulado,2,2,-500,-500.0,4
PEQUEÑO,2026-07-25,Trader con sobrecobertura de contratos,4,3,-500,-408.25,3
PEQUEÑO,2026-07-26,Trader expuesto a bolsa (sin cobertura),3,3,83.28,-63.07,1
PEQUEÑO,2026-07-27,Trader expuesto a bolsa (sin cobertura),3,3,116.08,-83.06,1
PEQUEÑO,2026-07-28,Trader expuesto a bolsa (sin cobertura),3,17,115.15,-4.87,1
PEQUEÑO,2026-07-28,Comercializador regulado,2,5,-500,-393.8,3
PEQUEÑO,2026-07-28,Trader no regulado,0,6,-368.0,-278.01,2
PEQUEÑO,2026-07-28,Trader con sobrecobertura de contratos,4,1,-500,-500.0,4
PEQUEÑO,2026-07-29,Trader expuesto a bolsa (sin cobertura),3,17,142.73,-11.14,1
PEQUEÑO,2026-07-29,Comercializador regulado,2,5,-500,-392.59,3
PEQUEÑO,2026-07-29,Trader no regulado,0,7,-500,-325.44,2
PEQUEÑO,2026-07-30,Trader expuesto a bolsa (sin cobertura),3,18,108.29,-13.13,2
PEQUEÑO,2026-07-30,Trader no regulado,0,6,-500,-404.78,3
PEQUEÑO,2026-07-30,Comercializador regulado,2,5,-500,-409.95,4
PEQUEÑO,2026-07-30,Trader con sobrecobertura de contratos,4,1,127.75,127.75,1
PEQUEÑO,2026-07-31,Trader expuesto a bolsa (sin cobertura),3,17,141.56,-3.11,1
PEQUEÑO,2026-07-31,Comercializador regulado,2,5,-500,-410.91,4
PEQUEÑO,2026-07-31,Trader no regulado,0,6,-500,-305.24,3
PEQUEÑO,2026-07-31,Trader con sobrecobertura de contratos,4,1,139.5,139.5,2
