estudio_ini,estudio_fin,impacto_ini,impacto_fin,segmento,estrategia,n_maestros,n_efectivo,codigos,mediana_relativa_top_cop_kwh,mediana_margen_absoluto_cop_kwh,p_valor_bootstrap,ratio_replicacion,dsr,pct_dias_gana_segmento,kill_switch_1_0,drawdown_max_cop_kwh,ev_historico_cop_kwh,ev_anio_nino_cop_kwh,supera_capacidad_1_0,capacidad_pct_segmento,mae_f1_promedio_pp,candidata_1_0,valida_cheap_1_0
2015-01-01,2015-03-31,2015-04-01,2015-04-07,PEQUEÑO,Comercializador regulado,10,5,"ASCC,CETC,EBPC,EMEC,EPTC,EVSC,CQTC,EMPC,ENIC,EGVC",9.01,83.95,0.005,0.977,1.0,100.0,0,0.0,83.95,83.96,0,2.6,0.0,1,1
2015-01-01,2015-03-31,2015-04-01,2015-04-07,MEDIANO,Comercializador regulado,10,2,"EPSC,ETTC,CNSC,CHCC,HLAC,CASC,EECC,ESCC,EEPC,ESSC",0.88,78.21,0.005,0.988,0.998,42.9,0,0.0,75.98,72.98,0,2.7,2.56,0,0
2015-01-01,2015-03-31,2015-04-01,2015-04-07,GRANDE,Comercializador regulado,3,2,"EPMC,CDSC,EDCC",0.0,75.17,0.005,0.987,1.0,0.0,0,0.0,73.04,70.16,1,32.9,2.56,0,0
2015-01-01,2015-03-31,2015-04-01,2015-04-07,PEQUEÑO,Trader no regulado,10,9,"TRMC,CCOC,PEEC,GSAC,ITLC,CMXC,EFEC,RQEC,ESPC,RTAC",-11.37,72.14,0.005,0.979,0.957,0.0,0,0.0,71.31,70.19,0,2.6,13.78,0,0
2015-01-01,2015-03-31,2015-04-01,2015-04-07,MEDIANO,Trader no regulado,5,3,"ENDC,GECC,ISGC,PRIC,CHVC",7.68,83.95,0.1493,0.977,1.0,100.0,0,0.0,83.95,83.96,0,2.7,0.0,0,0
2015-01-01,2015-03-31,2015-04-01,2015-04-07,PEQUEÑO,Trader expuesto a bolsa (sin cobertura),3,3,"CTIC,HIMC,EDPC",-25.22,52.37,0.4179,1.034,1.0,0.0,0,0.0,37.46,17.33,0,2.6,0.32,0,0
2015-01-31,2015-04-30,2015-05-01,2015-05-07,PEQUEÑO,Comercializador regulado,10,5,"ASCC,CETC,EBPC,EMEC,EPTC,EVSC,CQTC,EMPC,ENIC,EGVC",7.96,84.61,0.005,0.999,1.0,100.0,0,0.0,84.79,85.03,0,2.6,0.0,1,1
2015-01-31,2015-04-30,2015-05-01,2015-05-07,MEDIANO,Comercializador regulado,10,2,"EPSC,ETTC,CHCC,CNSC,HLAC,EEPC,EECC,ESCC,CASC,ESSC",0.53,80.22,0.005,1.007,0.895,14.3,0,0.0,77.95,74.89,0,2.7,3.92,0,0
2015-01-31,2015-04-30,2015-05-01,2015-05-07,GRANDE,Comercializador regulado,3,1,"EPMC,CDSC,EDCC",0.0,78.78,0.005,1.008,0.988,0.0,0,0.0,76.58,73.6,1,33.0,3.83,0,0
2015-01-31,2015-04-30,2015-05-01,2015-05-07,PEQUEÑO,Trader no regulado,10,10,"TRMC,CCOC,PEEC,GSAC,ITLC,CMXC,EFEC,RQEC,ESPC,RTAC",-20.21,63.47,0.005,1.012,0.907,0.0,0,0.0,62.73,61.73,0,2.6,10.28,0,0
2015-01-31,2015-04-30,2015-05-01,2015-05-07,MEDIANO,Trader no regulado,5,2,"ENDC,GECC,ISGC,PRIC,CHVC",5.76,84.61,0.204,0.999,1.0,100.0,0,0.0,84.79,85.03,0,2.7,0.0,0,0
2015-01-31,2015-04-30,2015-05-01,2015-05-07,PEQUEÑO,Trader expuesto a bolsa (sin cobertura),2,2,"CTIC,HIMC",-19.16,60.06,0.4826,1.045,0.992,0.0,0,0.0,44.33,23.1,0,2.6,0.15,0,0
2015-03-02,2015-05-30,2015-05-31,2015-06-06,PEQUEÑO,Comercializador regulado,10,5,"CTIC,ASCC,CETC,EBPC,EMEC,EPTC,EVSC,CQTC,EMPC,ENIC",10.81,83.8,0.005,0.995,0.987,100.0,0,0.0,83.84,83.89,0,2.6,0.0,1,1
2015-03-02,2015-05-30,2015-05-31,2015-06-06,MEDIANO,Comercializador regulado,10,2,"EPSC,ETTC,CNSC,HLAC,CHCC,EMSC,ESCC,CASC,EEPC,ESSC",0.86,75.7,0.005,0.987,1.0,0.0,0,0.0,74.94,73.92,0,2.7,5.58,0,0
2015-03-02,2015-05-30,2015-05-31,2015-06-06,GRANDE,Comercializador regulado,3,1,"EPMC,CDSC,EDCC",0.0,75.2,0.005,0.987,1.0,0.0,0,0.0,74.36,73.23,1,32.7,2.93,0,0
2015-03-02,2015-05-30,2015-05-31,2015-06-06,PEQUEÑO,Trader no regulado,10,10,"TRMC,CCOC,PEEC,GSAC,ITLC,CMXC,EFEC,RQEC,ESPC,RTAC",-30.08,49.03,0.005,0.99,1.0,0.0,0,0.0,47.71,45.92,0,2.6,10.54,0,0
2015-03-02,2015-05-30,2015-05-31,2015-06-06,PEQUEÑO,Trader expuesto a bolsa (sin cobertura),2,2,"CTIC,HIMC",-25.13,38.64,0.1045,0.916,1.0,0.0,0,0.0,25.79,8.46,0,2.6,3.39,0,0
2015-03-02,2015-05-30,2015-05-31,2015-06-06,MEDIANO,Trader no regulado,5,2,"ENDC,GECC,ISGC,PRIC,CHVC",8.98,83.8,0.1542,0.995,0.997,100.0,0,0.0,83.84,83.89,0,2.7,0.0,0,0
2015-04-01,2015-06-29,2015-06-30,2015-07-06,PEQUEÑO,Comercializador regulado,10,2,"CTIC,ASCC,CETC,EBPC,EMEC,EPTC,EVSC,CQTC,EMPC,ESCC",9.83,82.14,0.005,0.976,0.837,100.0,0,0.0,82.3,82.5,0,2.2,0.0,0,0
2015-04-01,2015-06-29,2015-06-30,2015-07-06,MEDIANO,Comercializador regulado,10,5,"EPSC,ETTC,CNSC,HLAC,CHCC,EMSC,EEPC,ESSC,CDNC,EDQC",1.36,78.2,0.005,0.973,0.861,100.0,0,0.0,77.12,75.66,0,2.7,2.58,0,0
2015-04-01,2015-06-29,2015-06-30,2015-07-06,GRANDE,Comercializador regulado,3,1,"EPMC,CDSC,EDCC",0.0,77.0,0.005,0.972,0.98,0.0,0,0.0,75.83,74.24,1,32.2,2.08,0,0
2015-04-01,2015-06-29,2015-06-30,2015-07-06,PEQUEÑO,Trader no regulado,10,10,"TRMC,CCOC,PEEC,GSAC,ITLC,EFEC,CMXC,RQEC,ESPC,RTAC",-37.9,35.8,0.005,0.933,0.933,0.0,0,0.0,35.74,35.67,0,2.2,6.66,0,0
2015-04-01,2015-06-29,2015-06-30,2015-07-06,MEDIANO,Trader no regulado,5,2,"ENDC,GECC,ISGC,PRIC,CHVC",5.8,82.14,0.1493,0.976,0.937,100.0,0,0.0,82.3,82.5,0,2.7,0.0,0,0
2015-04-01,2015-06-29,2015-06-30,2015-07-06,PEQUEÑO,Trader expuesto a bolsa (sin cobertura),2,2,"CTIC,HIMC",-23.04,44.6,0.2985,0.912,0.934,0.0,0,0.0,29.89,10.04,0,2.2,3.34,0,0
2015-05-01,2015-07-29,2015-07-30,2015-08-05,PEQUEÑO,Comercializador regulado,10,5,"ASCC,CETC,EBPC,EMEC,EPTC,EVSC,CTIC,CQTC,ENIC,EMPC",13.03,80.54,0.005,0.962,1.0,85.7,0,0.0,80.87,81.31,0,2.7,0.0,1,1
2015-05-01,2015-07-29,2015-07-30,2015-08-05,MEDIANO,Comercializador regulado,10,8,"EPSC,ETTC,CNSC,HLAC,CHCC,EMSC,CDNC,EEPC,ESSC,EDQC",1.32,79.78,0.005,1.002,1.0,85.7,0,0.0,78.53,76.85,0,2.6,1.83,1,1
2015-05-01,2015-07-29,2015-07-30,2015-08-05,GRANDE,Comercializador regulado,3,1,"EPMC,CDSC,EDCC",0.0,79.84,0.005,1.007,1.0,42.9,0,0.0,78.36,76.37,1,31.9,0.87,0,0
2015-05-01,2015-07-29,2015-07-30,2015-08-05,PEQUEÑO,Trader no regulado,9,9,"TRMC,GSAC,PEEC,ITLC,CMXC,EFEC,RQEC,ESPC,RTAC",-64.37,7.23,0.005,0.784,1.0,0.0,0,0.0,6.44,5.37,0,2.7,6.85,0,0
2015-05-01,2015-07-29,2015-07-30,2015-08-05,MEDIANO,Trader no regulado,6,3,"ENDC,GECC,ISGC,PRIC,CHVC,CCOC",6.92,80.54,0.0149,0.962,1.0,85.7,0,0.0,80.87,81.31,0,2.6,0.0,1,1
2015-05-01,2015-07-29,2015-07-30,2015-08-05,PEQUEÑO,Trader expuesto a bolsa (sin cobertura),2,2,"CTIC,HIMC",-29.94,66.2,0.0846,1.774,0.995,14.3,0,0.0,49.19,26.24,0,2.7,3.19,0,0
2015-05-31,2015-08-28,2015-08-29,2015-09-04,PEQUEÑO,Comercializador regulado,10,5,"ASCC,CETC,EBPC,EMEC,EPTC,EVSC,CQTC,ENIC,EGVC,EDPC",10.4,79.29,0.005,0.965,1.0,100.0,0,0.0,79.75,80.37,0,2.4,0.0,1,1
2015-05-31,2015-08-28,2015-08-29,2015-09-04,MEDIANO,Comercializador regulado,10,9,"EPSC,ETTC,CNSC,HLAC,EEPC,CHCC,EMSC,CDNC,EECC,EBSC",1.59,76.07,0.005,0.957,1.0,85.7,0,0.0,75.78,75.39,0,2.8,1.53,1,1
2015-05-31,2015-08-28,2015-08-29,2015-09-04,GRANDE,Comercializador regulado,3,1,"EPMC,CDSC,EDCC",0.0,75.67,0.005,0.958,1.0,57.1,0,0.0,75.2,74.57,1,31.7,1.1,0,0
2015-05-31,2015-08-28,2015-08-29,2015-09-04,PEQUEÑO,Trader no regulado,10,10,"TRMC,GSAC,CCOC,ITLC,PEEC,CMXC,EFEC,RQEC,ESPC,RTAC",-28.65,41.95,0.005,0.912,1.0,0.0,0,0.0,41.88,41.79,0,2.4,5.24,0,0
2015-05-31,2015-08-28,2015-08-29,2015-09-04,MEDIANO,Trader no regulado,5,2,"ENDC,GECC,ISGC,PRIC,CHVC",5.23,79.29,0.2139,0.965,1.0,100.0,0,0.0,79.75,80.37,0,2.8,0.0,0,0
2015-05-31,2015-08-28,2015-08-29,2015-09-04,PEQUEÑO,Trader expuesto a bolsa (sin cobertura),2,2,"CTIC,HIMC",-26.19,39.91,0.3781,0.917,0.992,0.0,0,0.52,25.7,6.52,0,2.4,12.67,0,0
2015-06-30,2015-09-27,2015-09-28,2015-10-04,PEQUEÑO,Comercializador regulado,10,4,"ASCC,CETC,EBPC,EMEC,EPTC,EVSC,CTIC,CQTC,ENIC,EDPC",13.22,71.64,0.005,0.891,0.983,100.0,0,0.0,72.91,74.62,0,2.4,0.0,1,1
2015-06-30,2015-09-27,2015-09-28,2015-10-04,MEDIANO,Comercializador regulado,10,2,"EPSC,ETTC,CNSC,HLAC,CHCC,EEPC,CDNC,EMSC,ESSC,EBSC",1.63,17.65,0.005,0.231,0.245,100.0,0,32.53,22.5,29.03,0,2.8,1.45,0,0
2015-06-30,2015-09-27,2015-09-28,2015-10-04,GRANDE,Comercializador regulado,3,1,"EPMC,CDSC,EDCC",0.0,33.26,0.005,0.437,0.997,100.0,0,0.0,37.04,42.15,1,31.9,0.53,0,0
2015-06-30,2015-09-27,2015-09-28,2015-10-04,PEQUEÑO,Trader no regulado,10,10,"TRMC,GSAC,CCOC,ITLC,PEEC,CMXC,EFEC,RQEC,ESPC,RTAC",-27.47,2.22,0.005,0.049,0.221,100.0,0,8.79,5.48,9.89,0,2.4,5.43,0,0
2015-06-30,2015-09-27,2015-09-28,2015-10-04,PEQUEÑO,Trader expuesto a bolsa (sin cobertura),2,2,"CTIC,HIMC",-29.35,-428.87,0.0348,-13.377,0.0,0.0,1,3395.1,-393.2,-345.07,0,2.4,24.26,0,0
2015-06-30,2015-09-27,2015-09-28,2015-10-04,MEDIANO,Trader no regulado,5,2,"ENDC,GECC,ISGC,PRIC,CHVC",6.74,71.64,0.1741,0.891,0.996,100.0,0,0.0,72.91,74.62,0,2.8,0.0,0,0
2015-07-30,2015-10-27,2015-10-28,2015-11-03,PEQUEÑO,Comercializador regulado,10,3,"CTIC,ASCC,CETC,EBPC,EMEC,EPTC,EVSC,CQTC,ENIC,EDPC",19.46,74.81,0.005,0.949,1.0,100.0,0,0.0,75.44,76.29,0,2.4,0.0,1,1
2015-07-30,2015-10-27,2015-10-28,2015-11-03,MEDIANO,Comercializador regulado,10,1,"EPSC,ETTC,CHCC,CNSC,HLAC,EEPC,CDNC,EMSC,ESSC,EECC",1.94,14.71,0.005,0.205,0.947,57.1,0,0.0,19.62,26.25,0,2.7,3.08,0,0
2015-07-30,2015-10-27,2015-10-28,2015-11-03,GRANDE,Comercializador regulado,3,1,"EPMC,CDSC,EDCC",0.0,27.67,0.005,0.39,0.991,42.9,0,0.0,31.79,37.35,1,31.8,1.59,0,0
2015-07-30,2015-10-27,2015-10-28,2015-11-03,PEQUEÑO,Trader no regulado,10,6,"TRMC,GSAC,CCOC,ITLC,PEEC,CMXC,EFEC,RQEC,ESPC,RTAC",-17.02,16.73,0.005,0.386,0.993,85.7,0,0.0,18.08,19.91,0,2.4,7.85,0,0
2015-07-30,2015-10-27,2015-10-28,2015-11-03,PEQUEÑO,Trader expuesto a bolsa (sin cobertura),3,2,"CTIC,HIMC,DLRC",-62.34,-534.33,0.005,17811.0,0.0,0.0,1,3758.47,-487.29,-423.81,0,2.4,0.0,0,0
2015-07-30,2015-10-27,2015-10-28,2015-11-03,MEDIANO,Trader no regulado,5,1,"ENDC,GECC,ISGC,PRIC,CHVC",13.51,74.81,0.1592,0.949,1.0,100.0,0,0.0,75.44,76.29,0,2.7,0.0,0,0
2015-08-29,2015-11-26,2015-11-27,2015-12-03,PEQUEÑO,Comercializador regulado,10,5,"ASCC,CETC,EBPC,EMEC,EPTC,EVSC,CTIC,CQTC,ENIC,EDPC",86.2,72.11,0.005,0.966,1.0,100.0,0,0.0,73.08,74.38,0,2.4,0.0,1,1
2015-08-29,2015-11-26,2015-11-27,2015-12-03,MEDIANO,Comercializador regulado,10,4,"EPSC,ETTC,CNSC,EEPC,CHCC,HLAC,CDNC,EMSC,ESSC,EDQC",9.99,20.13,0.005,0.822,1.0,71.4,0,0.0,24.51,30.42,0,2.7,2.69,1,1
2015-08-29,2015-11-26,2015-11-27,2015-12-03,GRANDE,Comercializador regulado,3,1,"EPMC,CDSC,EDCC",0.0,25.18,0.005,0.856,1.0,57.1,0,0.0,29.61,35.59,1,31.8,1.39,0,0
2015-08-29,2015-11-26,2015-11-27,2015-12-03,PEQUEÑO,Trader no regulado,10,7,"TRMC,GSAC,CCOC,PEEC,CMXC,ITLC,EFEC,RQEC,ESPC,RTAC",-29.56,11.83,0.005,0.909,1.0,85.7,0,0.0,13.77,16.39,0,2.4,7.58,1,1
2015-08-29,2015-11-26,2015-11-27,2015-12-03,PEQUEÑO,Trader expuesto a bolsa (sin cobertura),2,1,"HIMC,DLRC",-444.12,-549.38,0.2239,1.039,0.0,0.0,1,3834.97,-500.74,-435.1,0,2.4,25.0,0,0
2015-08-29,2015-11-26,2015-11-27,2015-12-03,MEDIANO,Trader no regulado,5,1,"ENDC,GECC,ISGC,PRIC,CHVC",54.08,72.11,0.2388,0.966,1.0,100.0,0,0.0,73.08,74.38,0,2.7,0.0,0,0
2015-09-28,2015-12-26,2015-12-27,2016-01-02,PEQUEÑO,Comercializador regulado,10,5,"ASCC,CETC,EBPC,EMEC,EPTC,EVSC,CTIC,CQTC,ENIC,EDPC",86.2,72.15,0.005,0.997,1.0,100.0,0,0.0,72.19,72.23,0,2.4,1.22,1,1
2015-09-28,2015-12-26,2015-12-27,2016-01-02,MEDIANO,Comercializador regulado,10,3,"EPSC,ETTC,EEPC,CNSC,CHCC,HLAC,EECC,CDNC,CASC,EMSC",13.67,53.06,0.005,2.024,0.893,100.0,0,0.0,52.71,52.24,0,2.8,3.43,0,0
2015-09-28,2015-12-26,2015-12-27,2016-01-02,GRANDE,Comercializador regulado,3,3,"EPMC,CDSC,EDCC",0.0,61.95,0.005,2.264,0.995,71.4,0,0.0,61.72,61.4,1,31.8,0.9,0,0
2015-09-28,2015-12-26,2015-12-27,2016-01-02,PEQUEÑO,Trader no regulado,10,9,"TRMC,GSAC,CMXC,CCOC,PEEC,EFEC,ITLC,RQEC,ESPC,RTAC",-29.12,27.93,0.005,1.934,0.956,57.1,0,0.0,27.99,28.06,0,2.4,21.09,0,0
2015-09-28,2015-12-26,2015-12-27,2016-01-02,MEDIANO,Trader no regulado,5,2,"ENDC,GECC,ISGC,PRIC,CHVC",64.38,72.15,0.194,0.997,1.0,100.0,0,0.0,72.19,72.23,0,2.8,0.0,0,0
2015-09-28,2015-12-26,2015-12-27,2016-01-02,PEQUEÑO,Trader expuesto a bolsa (sin cobertura),2,1,"DLRC,HIMC",-451.15,-18.25,0.7761,0.034,0.0,0.0,1,585.56,-22.79,-28.91,0,2.4,12.5,0,0
2015-10-28,2016-01-25,2016-01-26,2016-02-01,PEQUEÑO,Comercializador regulado,10,4,"ASCC,CETC,EBPC,EMEC,EVSC,ETTC,EPTC,CTIC,CQTC,EDPC",63.94,73.46,0.005,1.015,0.857,100.0,0,0.0,73.11,72.64,0,2.1,0.01,0,0
2015-10-28,2016-01-25,2016-01-26,2016-02-01,MEDIANO,Comercializador regulado,10,7,"EPSC,EEPC,CHCC,HLAC,CNSC,EECC,EMSC,ESSC,CASC,CDNC",2.12,30.12,0.005,1.346,0.727,100.0,0,0.0,32.17,34.94,0,2.9,2.94,0,0
2015-10-28,2016-01-25,2016-01-26,2016-02-01,GRANDE,Comercializador regulado,3,3,"EPMC,CDSC,EDCC",0.0,46.42,0.005,1.75,0.959,100.0,0,0.0,47.57,49.12,1,32.1,2.72,0,0
2015-10-28,2016-01-25,2016-01-26,2016-02-01,PEQUEÑO,Trader no regulado,10,8,"TRMC,GSAC,CMXC,CCOC,ITLC,PEEC,EFEC,RQEC,TPLC,ESPC",-42.51,31.29,0.005,1.388,0.821,100.0,0,0.0,32.24,33.52,0,2.1,8.06,0,0
2015-10-28,2016-01-25,2016-01-26,2016-02-01,PEQUEÑO,Trader expuesto a bolsa (sin cobertura),4,2,"CTIC,EMPC,DLRC,HIMC",-353.63,-194.88,0.0149,0.457,0.0,0.0,1,1382.5,-178.36,-156.06,0,2.1,0.0,0,0
2015-10-28,2016-01-25,2016-01-26,2016-02-01,MEDIANO,Trader no regulado,5,2,"ENDC,GECC,ISGC,PRIC,CHVC",61.79,73.46,0.1841,1.015,0.946,100.0,0,0.0,73.11,72.64,0,2.9,0.0,0,0
2015-11-27,2016-02-24,2016-02-25,2016-03-02,PEQUEÑO,Comercializador regulado,10,6,"ASCC,EBPC,EMEC,ETTC,EVSC,CETC,EGVC,CTIC,EDPC,ENIC",61.14,71.44,0.005,0.988,1.0,100.0,0,0.0,71.31,71.13,0,2.0,0.05,1,1
2015-11-27,2016-02-24,2016-02-25,2016-03-02,MEDIANO,Comercializador regulado,10,7,"EPSC,EEPC,EECC,CHCC,EMSC,EBSC,CNSC,ESSC,HLAC,EDQC",10.14,24.59,0.005,5.3,0.241,100.0,0,27.86,26.85,29.9,0,3.0,4.5,0,0
2015-11-27,2016-02-24,2016-02-25,2016-03-02,PEQUEÑO,Trader no regulado,10,7,"GECC,TRMC,RQEC,ITLC,CCOC,GSAC,CMXC,TPLC,EFEC,PEEC",-12.87,31.87,0.005,3.491,0.573,100.0,0,0.0,28.42,23.76,0,2.0,5.82,0,0
2015-11-27,2016-02-24,2016-02-25,2016-03-02,MEDIANO,Trader no regulado,4,2,"ENDC,ISGC,PRIC,CHVC",71.45,71.44,0.0796,0.988,1.0,100.0,0,0.0,71.31,71.13,0,3.0,0.0,0,0
2015-11-27,2016-02-24,2016-02-25,2016-03-02,PEQUEÑO,Trader expuesto a bolsa (sin cobertura),4,2,"CTIC,EMPC,DLRC,HIMC",-299.21,-245.89,0.403,0.762,0.0,0.0,1,2065.13,-223.94,-194.32,0,2.0,0.0,0,0
2015-11-27,2016-02-24,2016-02-25,2016-03-02,GRANDE,Comercializador regulado,3,3,"CDSC,EDCC,EPMC",0.0,27.45,1.0,1.123,0.68,100.0,0,18.75,30.12,33.73,1,32.1,1.59,0,0
2015-12-27,2016-03-25,2016-03-26,2016-04-01,PEQUEÑO,Comercializador regulado,10,6,"ASCC,CETC,EBPC,EMEC,EVSC,ETTC,EGVC,EDPC,ENIC,EPTC",134.93,71.45,0.005,0.989,0.996,100.0,0,0.0,71.59,71.78,0,2.0,0.0,1,1
2015-12-27,2016-03-25,2016-03-26,2016-04-01,MEDIANO,Comercializador regulado,10,7,"EPSC,EEPC,EECC,EMSC,EBSC,CHCC,ESSC,CNSC,HLAC,CTSC",3.9,-35.85,0.005,8.204,0.0,85.7,0,260.5,-26.72,-14.39,0,3.0,1.46,0,0
2015-12-27,2016-03-25,2016-03-26,2016-04-01,GRANDE,Comercializador regulado,3,1,"EDCC,CDSC,EPMC",0.0,-16.39,0.005,-1.127,0.0,0.0,0,123.63,-8.86,1.3,1,32.5,1.41,0,0
2015-12-27,2016-03-25,2016-03-26,2016-04-01,PEQUEÑO,Trader no regulado,10,7,"GECC,RQEC,TRMC,ITLC,CCOC,CMXC,GSAC,CHVC,TPLC,RPEC",-18.48,-92.21,0.005,2.608,0.0,85.7,1,658.45,-77.92,-58.63,0,2.0,9.43,0,0
2015-12-27,2016-03-25,2016-03-26,2016-04-01,MEDIANO,Trader no regulado,3,1,"ENDC,ISGC,PRIC",100.11,71.45,0.8756,0.989,1.0,100.0,0,0.0,71.59,71.78,0,3.0,0.0,0,0
2015-12-27,2016-03-25,2016-03-26,2016-04-01,PEQUEÑO,Trader expuesto a bolsa (sin cobertura),4,1,"DLRC,HIMC,CTIC,EMPC",-268.41,-534.39,0.9303,1.435,0.0,0.0,1,3791.8,-481.75,-410.7,0,2.0,0.0,0,0
2016-01-26,2016-04-24,2016-04-25,2016-05-01,PEQUEÑO,Comercializador regulado,10,3,"ASCC,CETC,EBPC,EMEC,ETTC,EVSC,EGVC,EDPC,ENIC,EPTC",166.1,75.73,0.005,1.049,0.907,100.0,0,0.0,75.45,75.08,0,2.0,0.0,0,0
2016-01-26,2016-04-24,2016-04-25,2016-05-01,MEDIANO,Comercializador regulado,10,4,"EPSC,EEPC,EECC,EMSC,EBSC,HLAC,CHCC,CTSC,ESSC,CNSC",6.41,72.41,0.005,-25.587,1.0,100.0,0,0.0,70.96,69.01,0,3.0,2.32,0,0
2016-01-26,2016-04-24,2016-04-25,2016-05-01,GRANDE,Comercializador regulado,3,1,"EDCC,CDSC,EPMC",0.0,71.19,0.005,21.508,1.0,42.9,0,0.0,69.39,66.95,1,32.4,1.17,0,0
2016-01-26,2016-04-24,2016-04-25,2016-05-01,PEQUEÑO,Trader no regulado,10,6,"GECC,TRMC,RQEC,ITLC,CCOC,CMXC,CHVC,TPLC,GSAC,RPEC",-11.82,38.73,0.005,-1.813,0.996,0.0,0,0.0,36.48,33.44,0,2.0,7.25,0,0
2016-01-26,2016-04-24,2016-04-25,2016-05-01,MEDIANO,Trader no regulado,3,1,"ENDC,ISGC,PRIC",106.72,75.73,0.9055,1.049,0.984,100.0,0,0.0,75.45,75.08,0,3.0,0.0,0,0
2016-01-26,2016-04-24,2016-04-25,2016-05-01,PEQUEÑO,Trader expuesto a bolsa (sin cobertura),4,1,"CTIC,DLRC,EMPC,HIMC",-267.12,56.34,0.9552,-0.13,0.974,14.3,0,0.0,46.55,33.34,0,2.0,0.0,0,0
2016-02-25,2016-05-24,2016-05-25,2016-05-31,MEDIANO,Comercializador regulado,10,1,"EPSC,EEPC,EECC,HLAC,EMSC,EBSC,CHCC,ESSC,CNSC,EDQC",1.98,76.05,0.005,1.703,1.0,100.0,0,0.0,73.79,70.75,0,2.9,2.87,0,0
2016-02-25,2016-05-24,2016-05-25,2016-05-31,GRANDE,Comercializador regulado,3,1,"CDSC,EDCC,EPMC",0.0,76.0,0.005,1.752,1.0,57.1,0,0.0,73.57,70.3,1,31.8,1.9,0,0
2016-02-25,2016-05-24,2016-05-25,2016-05-31,PEQUEÑO,Trader no regulado,10,5,"GECC,RQEC,TRMC,ITLC,CCOC,CMXC,CHVC,TPLC,RPEC,GSAC",-2.1,46.71,0.005,2.846,1.0,0.0,0,0.0,43.02,38.05,0,2.0,2.11,0,0
2016-02-25,2016-05-24,2016-05-25,2016-05-31,PEQUEÑO,Comercializador regulado,10,3,"EMEC,ASCC,CETC,EBPC,ETTC,EVSC,EGVC,EDPC,ENIC,EPTC",53.03,76.24,0.0398,1.042,1.0,57.1,0,0.0,75.72,75.01,0,2.0,0.0,0,0
2016-02-25,2016-05-24,2016-05-25,2016-05-31,MEDIANO,Trader no regulado,3,1,"ENDC,ISGC,PRIC",40.3,76.24,0.9005,1.042,1.0,57.1,0,0.0,75.72,75.01,0,2.9,0.0,0,0
2016-02-25,2016-05-24,2016-05-25,2016-05-31,PEQUEÑO,Trader expuesto a bolsa (sin cobertura),4,1,"CTIC,DLRC,EMPC,HIMC",-141.03,73.83,0.9303,-0.579,1.0,42.9,0,0.0,62.18,46.46,0,2.0,0.0,0,0
2016-03-26,2016-06-23,2016-06-24,2016-06-30,PEQUEÑO,Trader no regulado,10,6,"GECC,TRMC,RQEC,ITLC,CCOC,CHVC,CMXC,TPLC,RPEC,GSAC",0.81,58.59,0.005,1.136,0.708,0.0,0,0.0,54.89,49.89,0,2.0,3.79,0,0
2016-03-26,2016-06-23,2016-06-24,2016-06-30,MEDIANO,Comercializador regulado,10,2,"EPSC,EECC,EMSC,EBSC,HLAC,ESSC,CNSC,CHCC,EDQC,CASC",0.21,76.51,0.005,1.034,0.758,100.0,0,0.0,74.43,71.62,0,2.9,1.95,0,0
2016-03-26,2016-06-23,2016-06-24,2016-06-30,GRANDE,Comercializador regulado,3,1,"CDSC,EPMC,EDCC",0.0,76.26,0.005,1.033,0.969,85.7,0,0.0,73.97,70.88,1,31.6,1.7,0,0
2016-03-26,2016-06-23,2016-06-24,2016-06-30,PEQUEÑO,Comercializador regulado,10,4,"ASCC,CETC,EBPC,EMEC,ETTC,EVSC,ENIC,EDPC,EGVC,EPTC",6.4,73.8,0.0149,0.976,0.905,14.3,0,0.0,73.55,73.21,0,2.0,0.0,0,0
2016-03-26,2016-06-23,2016-06-24,2016-06-30,PEQUEÑO,Trader expuesto a bolsa (sin cobertura),5,2,"RPEC,CTIC,DLRC,EMPC,HIMC",-7.52,91.75,0.0149,1.498,0.86,85.7,0,0.0,78.19,59.9,0,2.0,0.0,0,0
2016-03-26,2016-06-23,2016-06-24,2016-06-30,MEDIANO,Trader no regulado,3,1,"ENDC,ISGC,PRIC",2.9,73.8,0.9254,0.976,0.983,14.3,0,0.0,73.55,73.21,0,2.9,0.0,0,0
2016-04-25,2016-07-23,2016-07-24,2016-07-30,MEDIANO,Comercializador regulado,10,4,"EMIC,CDNC,EMSC,EECC,EDQC,ESSC,CNSC,EBSC,CHCC,EPSC",0.89,74.29,0.005,0.988,1.0,100.0,0,0.0,72.35,69.73,0,3.2,2.36,1,1
2016-04-25,2016-07-23,2016-07-24,2016-07-30,PEQUEÑO,Comercializador regulado,10,6,"CASC,CQTC,EGVC,ENIC,EDPC,ASCC,CETC,EBPC,EMEC,ETTC",0.44,72.35,0.005,0.969,0.965,0.0,0,0.0,72.33,72.31,0,1.7,1.56,0,0
2016-04-25,2016-07-23,2016-07-24,2016-07-30,GRANDE,Comercializador regulado,3,1,"EDCC,EPMC,CDSC",0.0,74.05,0.005,0.987,1.0,85.7,0,0.0,72.35,70.06,1,31.3,2.21,0,0
2016-04-25,2016-07-23,2016-07-24,2016-07-30,PEQUEÑO,Trader no regulado,10,8,"TPLC,CCOC,CHVC,ITLC,GECC,RQEC,TRMC,CMXC,GSAC,RPEC",0.0,38.8,0.005,0.916,1.0,0.0,0,0.0,37.46,35.66,0,1.7,5.99,0,0
2016-04-25,2016-07-23,2016-07-24,2016-07-30,PEQUEÑO,Trader expuesto a bolsa (sin cobertura),6,3,"CHVC,CTIC,DLRC,EMPC,HIMC,RPEC",6.02,85.15,0.01,1.063,1.0,100.0,0,0.0,71.82,53.83,0,1.7,25.0,1,1
2016-04-25,2016-07-23,2016-07-24,2016-07-30,MEDIANO,Trader no regulado,3,2,"ENDC,ISGC,PRIC",0.0,72.49,1.0,0.97,0.995,28.6,0,0.0,72.46,72.41,0,3.2,0.0,0,0
2016-05-25,2016-08-22,2016-08-23,2016-08-29,MEDIANO,Comercializador regulado,10,3,"EMIC,CDNC,EMSC,EDQC,EECC,ESSC,EBSC,CNSC,CHCC,EPSC",0.99,59.87,0.005,0.809,0.99,100.0,0,0.0,59.62,59.28,0,3.2,1.62,1,1
2016-05-25,2016-08-22,2016-08-23,2016-08-29,PEQUEÑO,Comercializador regulado,10,6,"CQTC,EGVC,CASC,EDPC,ENIC,ASCC,CETC,EBPC,EMEC,ETTC",0.41,68.39,0.005,0.943,1.0,100.0,0,0.0,68.95,69.7,0,1.7,3.18,1,1
2016-05-25,2016-08-22,2016-08-23,2016-08-29,GRANDE,Comercializador regulado,3,1,"EDCC,EPMC,CDSC",0.0,61.28,0.005,0.832,0.999,85.7,0,0.0,61.18,61.05,1,31.3,0.64,0,0
2016-05-25,2016-08-22,2016-08-23,2016-08-29,PEQUEÑO,Trader no regulado,10,8,"TPLC,CCOC,ITLC,CMXC,GECC,RQEC,TRMC,PRIC,GSAC,RPEC",0.0,31.7,0.005,0.634,0.985,0.0,0,0.0,31.38,30.94,0,1.7,1.48,0,0
2016-05-25,2016-08-22,2016-08-23,2016-08-29,MEDIANO,Trader expuesto a bolsa (sin cobertura),1,1,CHVC,12.56,20.01,0.5224,0.245,1.0,0.0,0,5.75,12.73,2.9,0,3.2,0.07,0,0
2016-05-25,2016-08-22,2016-08-23,2016-08-29,PEQUEÑO,Trader expuesto a bolsa (sin cobertura),5,2,"CTIC,DLRC,EMPC,HIMC,RPEC",8.0,17.41,0.9701,0.213,0.198,0.0,0,59.0,9.8,-0.47,0,1.7,0.0,0,0
2016-05-25,2016-08-22,2016-08-23,2016-08-29,MEDIANO,Trader no regulado,3,2,"ENDC,ISGC,CHVC",0.0,68.39,1.0,0.942,1.0,100.0,0,0.0,68.95,69.7,0,3.2,0.0,0,0
2016-06-24,2016-09-21,2016-09-22,2016-09-28,MEDIANO,Comercializador regulado,10,1,"EMIC,CDNC,EMSC,EDQC,EECC,ESSC,CNSC,EBSC,CASC,CHCC",0.66,75.1,0.005,1.032,0.921,100.0,0,0.0,73.09,70.38,0,3.1,0.94,0,0
2016-06-24,2016-09-21,2016-09-22,2016-09-28,GRANDE,Comercializador regulado,3,1,"EDCC,EPMC,CDSC",0.0,74.37,0.005,1.025,0.992,28.6,0,0.0,72.93,70.98,1,31.3,0.44,0,0
2016-06-24,2016-09-21,2016-09-22,2016-09-28,PEQUEÑO,Comercializador regulado,10,5,"CQTC,EGVC,EDPC,ENIC,ASCC,CETC,EBPC,EMEC,EPTC,ETTC",0.0,70.96,0.005,0.996,0.984,14.3,0,0.0,71.02,71.09,0,2.0,1.74,0,0
2016-06-24,2016-09-21,2016-09-22,2016-09-28,PEQUEÑO,Trader no regulado,10,8,"TPLC,CCOC,ITLC,CMXC,GECC,RQEC,TRMC,PRIC,GSAC,RPEC",0.0,51.3,0.005,1.072,0.915,0.0,0,0.0,48.41,44.51,0,2.0,1.75,0,0
2016-06-24,2016-09-21,2016-09-22,2016-09-28,MEDIANO,Trader no regulado,3,2,"CHVC,ENDC,ISGC",0.0,71.09,0.0149,0.995,0.999,14.3,0,0.0,71.36,71.72,0,3.1,0.0,0,0
2016-06-24,2016-09-21,2016-09-22,2016-09-28,MEDIANO,Trader expuesto a bolsa (sin cobertura),1,1,CHVC,7.3,97.31,0.6866,1.18,1.0,85.7,0,0.0,81.82,60.92,0,3.1,41.87,0,0
2016-06-24,2016-09-21,2016-09-22,2016-09-28,PEQUEÑO,Trader expuesto a bolsa (sin cobertura),4,1,"CTIC,DLRC,EMPC,HIMC",11.02,101.46,0.9104,1.225,0.951,85.7,0,0.0,84.91,62.57,0,2.0,0.0,0,0
2016-07-24,2016-10-21,2016-10-22,2016-10-28,MEDIANO,Comercializador regulado,10,3,"EECC,CHCC,EDQC,EPSC,ESSC,CNSC,EBSC,HLAC,EMSC,CASC",0.55,61.46,0.005,0.88,1.0,100.0,0,0.0,61.23,60.91,0,3.1,1.33,1,1
2016-07-24,2016-10-21,2016-10-22,2016-10-28,PEQUEÑO,Trader no regulado,10,7,"CCOC,ITLC,GECC,TRMC,RQEC,CMXC,TPLC,PRIC,GSAC,RPEC",0.93,28.38,0.0199,0.691,1.0,0.0,0,0.0,27.84,27.12,0,2.0,3.05,0,0
2016-07-24,2016-10-21,2016-10-22,2016-10-28,PEQUEÑO,Comercializador regulado,10,5,"ENIC,EGVC,EDPC,ASCC,CETC,EBPC,EMEC,ETTC,EVSC,CQTC",2.02,67.37,0.0498,0.963,1.0,100.0,0,0.0,68.04,68.94,0,2.0,0.0,1,1
2016-07-24,2016-10-21,2016-10-22,2016-10-28,MEDIANO,Trader no regulado,3,2,"ENDC,ISGC,CHVC",0.59,67.37,0.5821,0.963,1.0,100.0,0,0.0,68.04,68.94,0,3.1,0.0,0,0
2016-07-24,2016-10-21,2016-10-22,2016-10-28,PEQUEÑO,Trader expuesto a bolsa (sin cobertura),4,1,"CTIC,DLRC,EMPC,HIMC",-0.05,21.22,0.9751,0.307,0.994,0.0,0,0.0,13.2,2.39,0,2.0,0.0,0,0
2016-07-24,2016-10-21,2016-10-22,2016-10-28,GRANDE,Comercializador regulado,3,1,"CDSC,EPMC,EDCC",0.0,61.83,1.0,0.886,1.0,100.0,0,0.0,61.65,61.41,1,31.3,1.66,0,0
2016-08-23,2016-11-20,2016-11-21,2016-11-27,PEQUEÑO,Trader no regulado,10,8,"GECC,TRMC,RQEC,ITLC,CCOC,CMXC,TPLC,PRIC,RPEC,GSAC",0.77,42.7,0.005,1.222,0.992,0.0,0,0.0,39.3,34.71,0,2.0,2.28,0,0
2016-08-23,2016-11-20,2016-11-21,2016-11-27,MEDIANO,Comercializador regulado,10,5,"EPSC,ESSC,CHCC,CNSC,EDQC,HLAC,EBSC,CASC,EMSC,EMIC",0.74,70.51,0.005,1.05,0.998,100.0,0,0.0,68.25,65.21,0,3.2,3.77,1,1
2016-08-23,2016-11-20,2016-11-21,2016-11-27,MEDIANO,Trader no regulado,3,2,"ENDC,ISGC,CHVC",2.78,69.34,0.0199,1.0,1.0,42.9,0,0.0,69.14,68.88,0,3.2,0.0,0,0
2016-08-23,2016-11-20,2016-11-21,2016-11-27,PEQUEÑO,Comercializador regulado,10,2,"ASCC,EBPC,EMEC,ETTC,EVSC,CETC,EECC,ENIC,EGVC,EDPC",6.07,69.34,0.0697,1.0,1.0,28.6,0,0.0,69.14,68.88,0,2.0,0.0,0,0
2016-08-23,2016-11-20,2016-11-21,2016-11-27,PEQUEÑO,Trader expuesto a bolsa (sin cobertura),4,1,"CTIC,DLRC,EMPC,HIMC",-5.2,80.31,0.9303,1.413,0.999,71.4,0,0.0,63.22,40.15,0,2.0,0.0,0,0
2016-08-23,2016-11-20,2016-11-21,2016-11-27,GRANDE,Comercializador regulado,3,1,"CDSC,EPMC,EDCC",0.0,70.61,1.0,1.047,1.0,14.3,0,0.0,68.57,65.81,1,31.1,7.15,0,0
2016-09-22,2016-12-20,2016-12-21,2016-12-27,PEQUEÑO,Trader no regulado,10,6,"CCOC,ITLC,GECC,RQEC,TRMC,CMXC,TPLC,PRIC,RPEC,GSAC",1.77,42.22,0.005,1.178,1.0,0.0,0,0.0,38.66,33.85,0,2.1,3.96,0,0
2016-09-22,2016-12-20,2016-12-21,2016-12-27,MEDIANO,Comercializador regulado,10,3,"EDIC,CNSC,EDQC,ESSC,EPSC,EMSC,CHCC,EBSC,HLAC,EMIC",1.13,73.38,0.005,1.081,1.0,100.0,0,0.0,70.7,67.07,0,3.2,2.87,1,1
2016-09-22,2016-12-20,2016-12-21,2016-12-27,PEQUEÑO,Comercializador regulado,10,4,"EDPC,ENIC,EGVC,ASCC,CETC,EBPC,EMEC,ETTC,EVSC,CQTC",2.3,69.71,0.0498,1.003,0.987,0.0,0,0.0,69.66,69.59,0,2.1,0.0,0,0
2016-09-22,2016-12-20,2016-12-21,2016-12-27,MEDIANO,Trader no regulado,3,2,"ENDC,ISGC,CHVC",1.22,69.71,0.2886,1.003,0.999,0.0,0,0.0,69.66,69.59,0,3.2,0.0,0,0
2016-09-22,2016-12-20,2016-12-21,2016-12-27,PEQUEÑO,Trader expuesto a bolsa (sin cobertura),5,2,"CTIC,DLRC,EMPC,HIMC,RPEC",-0.9,91.38,0.9652,1.41,1.0,100.0,0,0.0,71.99,45.82,0,2.1,0.0,0,0
2016-09-22,2016-12-20,2016-12-21,2016-12-27,GRANDE,Comercializador regulado,3,1,"CDSC,EPMC,EDCC",0.0,73.41,1.0,1.071,1.0,42.9,0,0.0,71.08,67.92,1,34.7,6.96,0,0
2016-10-22,2017-01-19,2017-01-20,2017-01-26,MEDIANO,Comercializador regulado,10,5,"EMIC,EMSC,EDQC,EBSC,CNSC,CHCC,ESSC,HLAC,EPSC,CASC",2.79,69.51,0.005,0.984,0.997,100.0,0,0.0,67.02,63.66,0,3.2,3.7,1,1
2016-10-22,2017-01-19,2017-01-20,2017-01-26,PEQUEÑO,Trader no regulado,10,5,"CMXC,TPLC,CCOC,ITLC,AMZC,GECC,RQEC,TRMC,RPEC,PRIC",0.57,61.0,0.005,0.979,0.996,0.0,0,0.0,57.35,52.44,0,2.1,1.01,0,0
2016-10-22,2017-01-19,2017-01-20,2017-01-26,GRANDE,Comercializador regulado,3,1,"EDIC,CDSC,EPMC",0.0,70.79,0.005,0.988,1.0,0.0,0,0.0,68.37,65.1,1,32.1,4.23,0,0
2016-10-22,2017-01-19,2017-01-20,2017-01-26,PEQUEÑO,Comercializador regulado,10,5,"EDPC,ENIC,EGVC,ASCC,CETC,EBPC,EMEC,ETTC,EVSC,EPTC",0.0,65.12,0.005,0.951,0.997,0.0,0,0.0,65.23,65.38,0,2.1,0.0,0,0
2016-10-22,2017-01-19,2017-01-20,2017-01-26,PEQUEÑO,Trader expuesto a bolsa (sin cobertura),6,2,"TPLC,RPEC,CTIC,DLRC,EMPC,HIMC",17.7,94.67,0.01,1.098,1.0,100.0,0,0.0,73.69,45.38,0,2.1,25.0,0,0
2016-10-22,2017-01-19,2017-01-20,2017-01-26,MEDIANO,Trader no regulado,3,2,"CHVC,ENDC,ISGC",0.0,65.12,0.0348,0.951,1.0,14.3,0,0.0,65.23,65.38,0,3.2,0.0,0,0
2016-11-21,2017-02-18,2017-02-19,2017-02-25,MEDIANO,Comercializador regulado,10,6,"EMSC,EMIC,EDQC,ESSC,CHCC,EBSC,CNSC,EPSC,HLAC,CTSC",3.72,60.56,0.005,0.854,1.0,85.7,0,0.0,58.83,56.5,0,3.2,1.58,1,1
2016-11-21,2017-02-18,2017-02-19,2017-02-25,PEQUEÑO,Trader no regulado,10,5,"CMXC,TPLC,CCOC,ITLC,AMZC,GECC,PRIC,TRMC,RQEC,RPEC",0.52,62.56,0.005,0.944,0.997,71.4,0,0.0,62.86,63.28,0,2.1,2.41,1,1
2016-11-21,2017-02-18,2017-02-19,2017-02-25,GRANDE,Comercializador regulado,3,2,"EDIC,CDSC,EPMC",0.0,60.59,0.005,0.837,1.0,100.0,0,0.0,56.97,52.09,1,31.4,1.73,0,0
2016-11-21,2017-02-18,2017-02-19,2017-02-25,MEDIANO,Trader no regulado,3,2,"CHVC,ENDC,ISGC",0.0,62.56,0.005,0.944,1.0,71.4,0,0.0,62.86,63.28,0,3.2,0.0,0,0
2016-11-21,2017-02-18,2017-02-19,2017-02-25,PEQUEÑO,Comercializador regulado,10,6,"EDPC,EGVC,ENIC,ASCC,CETC,CQTC,EBPC,EMEC,EPTC,ETTC",0.0,62.56,0.005,0.944,0.998,71.4,0,0.0,62.86,63.28,0,2.1,0.0,1,1
2016-11-21,2017-02-18,2017-02-19,2017-02-25,PEQUEÑO,Trader expuesto a bolsa (sin cobertura),7,3,"RPEC,TPLC,CTIC,DLRC,EMPC,HIMC,CMXC",25.35,55.14,0.0348,0.603,1.0,28.6,0,0.0,36.94,12.38,0,2.1,25.0,0,0
2016-12-21,2017-03-20,2017-03-21,2017-03-27,MEDIANO,Comercializador regulado,10,7,"EMSC,EDQC,ESSC,CHCC,EMIC,EBSC,CNSC,EPSC,HLAC,CTSC",3.42,69.04,0.005,1.011,1.0,100.0,0,0.0,66.02,61.95,0,3.2,1.6,1,1
2016-12-21,2017-03-20,2017-03-21,2017-03-27,GRANDE,Comercializador regulado,3,1,"EDIC,CDSC,EPMC",0.0,72.92,0.005,1.02,1.0,57.1,0,0.0,67.91,61.16,1,31.4,1.91,0,0
2016-12-21,2017-03-20,2017-03-21,2017-03-27,MEDIANO,Trader no regulado,3,2,"CHVC,ENDC,ISGC",0.0,64.08,0.005,0.994,1.0,14.3,0,0.0,64.22,64.42,0,3.2,0.0,0,0
2016-12-21,2017-03-20,2017-03-21,2017-03-27,PEQUEÑO,Comercializador regulado,10,3,"EDPC,EGVC,ENIC,ASCC,CETC,EBPC,EMEC,ETTC,EVSC,EPTC",0.0,64.08,0.005,0.994,1.0,0.0,0,0.0,64.22,64.42,0,2.1,0.0,0,0
2016-12-21,2017-03-20,2017-03-21,2017-03-27,PEQUEÑO,Trader no regulado,10,6,"CMXC,CCOC,AMZC,ITLC,GECC,PRIC,TRMC,RQEC,RPEC,GSAC",0.0,59.91,0.005,0.997,1.0,0.0,0,0.0,59.42,58.75,0,2.1,2.21,0,0
2016-12-21,2017-03-20,2017-03-21,2017-03-27,PEQUEÑO,Trader expuesto a bolsa (sin cobertura),7,3,"RPEC,CTIC,DLRC,EMPC,HIMC,TPLC,CMXC",25.35,97.32,0.0647,1.087,1.0,100.0,0,0.0,74.63,44.02,0,2.1,25.0,0,0
2017-01-20,2017-04-19,2017-04-20,2017-04-26,PEQUEÑO,Trader expuesto a bolsa (sin cobertura),7,4,"RPEC,CTIC,DLRC,HIMC,TPLC,EMPC,CMXC",27.4,105.38,0.005,1.161,1.0,100.0,0,0.0,81.84,50.06,0,2.1,12.5,1,1
2017-01-20,2017-04-19,2017-04-20,2017-04-26,MEDIANO,Comercializador regulado,10,5,"EMSC,EDQC,ESSC,CHCC,EBSC,EMIC,CNSC,EPSC,HLAC,CTSC",2.78,70.31,0.005,1.038,1.0,100.0,0,0.0,67.16,62.9,0,3.2,1.34,1,1
2017-01-20,2017-04-19,2017-04-20,2017-04-26,GRANDE,Comercializador regulado,3,1,"EDIC,CDSC,EPMC",0.0,75.78,0.005,1.065,1.0,85.7,0,0.0,70.47,63.3,1,31.2,1.19,0,0
2017-01-20,2017-04-19,2017-04-20,2017-04-26,MEDIANO,Trader no regulado,3,2,"CHVC,ENDC,ISGC",0.0,64.69,0.005,1.009,1.0,0.0,0,0.0,64.77,64.87,0,3.2,0.0,0,0
2017-01-20,2017-04-19,2017-04-20,2017-04-26,PEQUEÑO,Comercializador regulado,10,5,"EGVC,EDPC,ENIC,ASCC,CETC,EMEC,ETTC,EVSC,EBPC,EPTC",0.0,64.69,0.005,1.009,1.0,0.0,0,0.0,64.77,64.87,0,2.1,0.0,0,0
2017-01-20,2017-04-19,2017-04-20,2017-04-26,PEQUEÑO,Trader no regulado,10,6,"CMXC,CCOC,AMZC,ITLC,GECC,PRIC,TRMC,RQEC,RPEC,GSAC",0.0,61.1,0.005,1.015,1.0,0.0,0,0.0,60.48,59.64,0,2.1,1.03,0,0
2017-02-19,2017-05-19,2017-05-20,2017-05-26,MEDIANO,Comercializador regulado,10,8,"EMSC,EDQC,ESSC,CHCC,EMIC,CNSC,EBSC,EPSC,HLAC,CTSC",2.74,72.16,0.005,1.062,0.728,100.0,0,0.0,68.65,63.91,0,3.2,3.13,0,0
2017-02-19,2017-05-19,2017-05-20,2017-05-26,GRANDE,Comercializador regulado,3,1,"EDIC,CDSC,EPMC",0.0,83.35,0.005,1.108,0.932,85.7,0,0.0,77.06,68.58,1,31.0,3.43,0,0
2017-02-19,2017-05-19,2017-05-20,2017-05-26,MEDIANO,Trader no regulado,3,2,"CHVC,ENDC,ISGC",0.0,65.98,0.005,1.022,1.0,28.6,0,0.0,65.71,65.34,0,3.2,0.0,0,0
2017-02-19,2017-05-19,2017-05-20,2017-05-26,PEQUEÑO,Comercializador regulado,10,4,"EGVC,EDPC,ENIC,ASCC,CETC,EMEC,ETTC,EVSC,EBPC,EPTC",0.0,65.98,0.005,1.022,1.0,0.0,0,0.0,65.71,65.34,0,2.1,0.0,0,0
2017-02-19,2017-05-19,2017-05-20,2017-05-26,PEQUEÑO,Trader no regulado,10,5,"CCOC,CMXC,AMZC,ITLC,GECC,PRIC,TRMC,RQEC,RPEC,RTAC",0.0,65.98,0.005,1.022,1.0,0.0,0,0.0,65.71,65.34,0,2.1,0.74,0,0
2017-02-19,2017-05-19,2017-05-20,2017-05-26,PEQUEÑO,Trader expuesto a bolsa (sin cobertura),7,4,"RPEC,CTIC,DLRC,HIMC,TPLC,CMXC,EMPC",42.3,132.99,0.2239,1.26,0.795,100.0,0,0.0,106.51,70.77,0,2.1,0.0,0,0
2017-03-21,2017-06-18,2017-06-19,2017-06-25,MEDIANO,Comercializador regulado,10,10,"EMSC,ESSC,EDQC,EMIC,CNSC,CHCC,EBSC,EPSC,CDNC,CTSC",3.05,68.23,0.005,1.009,1.0,100.0,0,0.0,66.38,63.88,0,3.3,2.67,1,1
2017-03-21,2017-06-18,2017-06-19,2017-06-25,GRANDE,Comercializador regulado,3,3,"EDIC,CDSC,EPMC",0.0,78.83,0.005,1.019,1.0,100.0,0,0.0,74.22,67.99,1,30.9,3.0,0,0
2017-03-21,2017-06-18,2017-06-19,2017-06-25,MEDIANO,Trader no regulado,3,2,"CHVC,ENDC,ISGC",0.0,65.32,0.005,1.001,1.0,71.4,0,0.0,65.19,65.01,0,3.3,0.0,0,0
2017-03-21,2017-06-18,2017-06-19,2017-06-25,PEQUEÑO,Comercializador regulado,10,5,"EGVC,EDPC,ENIC,ASCC,CETC,EMEC,ETTC,EVSC,EBPC,EPTC",0.0,65.32,0.005,1.001,0.999,0.0,0,0.0,65.19,65.01,0,2.1,0.0,0,0
2017-03-21,2017-06-18,2017-06-19,2017-06-25,PEQUEÑO,Trader no regulado,10,6,"CMXC,CCOC,ITLC,AMZC,GECC,PRIC,TRMC,RQEC,RPEC,RTAC",0.0,65.32,0.005,1.001,0.999,0.0,0,0.0,65.19,65.01,0,2.1,0.8,0,0
2017-03-21,2017-06-18,2017-06-19,2017-06-25,PEQUEÑO,Trader expuesto a bolsa (sin cobertura),7,4,"CTIC,DLRC,HIMC,TPLC,CMXC,RPEC,EMPC",60.49,131.54,0.9055,1.052,1.0,100.0,0,0.0,105.81,71.09,0,2.1,0.0,0,0
2017-04-20,2017-07-18,2017-07-19,2017-07-25,MEDIANO,Comercializador regulado,10,10,"ESSC,EMSC,EDQC,EMIC,CNSC,CDNC,EPSC,EBSC,CHCC,CTSC",1.35,65.11,0.005,0.991,0.98,85.7,0,0.0,63.96,62.41,0,3.4,1.69,1,1
2017-04-20,2017-07-18,2017-07-19,2017-07-25,GRANDE,Comercializador regulado,3,3,"EDIC,CDSC,EPMC",0.0,75.56,0.005,0.99,0.998,100.0,0,0.0,72.06,67.34,1,30.8,1.44,0,0
2017-04-20,2017-07-18,2017-07-19,2017-07-25,MEDIANO,Trader no regulado,3,2,"CHVC,ENDC,ISGC",0.0,64.81,0.005,0.992,1.0,28.6,0,0.0,64.83,64.85,0,3.4,0.0,0,0
2017-04-20,2017-07-18,2017-07-19,2017-07-25,PEQUEÑO,Comercializador regulado,10,5,"EGVC,ENIC,ASCC,CETC,EBPC,EMEC,EPTC,ETTC,EVSC,EDPC",0.0,64.81,0.005,0.992,0.992,0.0,0,0.0,64.83,64.85,0,1.9,0.0,0,0
2017-04-20,2017-07-18,2017-07-19,2017-07-25,PEQUEÑO,Trader no regulado,10,8,"CMXC,CCOC,ITLC,AMZC,GECC,PRIC,TRMC,RQEC,RPEC,RTAC",0.0,64.81,0.005,0.992,0.993,0.0,0,0.0,64.83,64.85,0,1.9,1.03,0,0
2017-04-20,2017-07-18,2017-07-19,2017-07-25,PEQUEÑO,Trader expuesto a bolsa (sin cobertura),6,3,"CTIC,DLRC,HIMC,TPLC,CMXC,RPEC",65.8,128.43,0.3184,0.979,0.986,100.0,0,0.0,104.5,72.22,0,1.9,0.0,0,0
2017-05-20,2017-08-17,2017-08-18,2017-08-24,MEDIANO,Comercializador regulado,10,10,"ESSC,EDQC,EMSC,EMIC,CNSC,CDNC,EBSC,EPSC,CHCC,CTSC",1.96,61.83,0.005,0.947,1.0,28.6,0,0.0,61.07,60.05,0,3.5,3.19,0,0
2017-05-20,2017-08-17,2017-08-18,2017-08-24,GRANDE,Comercializador regulado,3,3,"EDIC,CDSC,EPMC",0.0,66.69,0.005,0.893,1.0,0.0,0,0.0,64.37,61.23,1,30.9,0.77,0,0
2017-05-20,2017-08-17,2017-08-18,2017-08-24,MEDIANO,Trader no regulado,3,2,"CHVC,ENDC,ISGC",0.0,64.02,0.005,0.985,1.0,28.6,0,0.0,64.12,64.25,0,3.5,0.0,0,0
2017-05-20,2017-08-17,2017-08-18,2017-08-24,PEQUEÑO,Comercializador regulado,10,5,"EGVC,ENIC,ASCC,CETC,EBPC,EMEC,ETTC,EVSC,EDPC,EPTC",0.0,64.02,0.005,0.985,1.0,0.0,0,0.0,64.12,64.25,0,1.9,0.0,0,0
2017-05-20,2017-08-17,2017-08-18,2017-08-24,PEQUEÑO,Trader no regulado,10,8,"CCOC,CMXC,ITLC,AMZC,GECC,PRIC,TRMC,RQEC,RPEC,RTAC",0.0,63.18,0.005,0.98,1.0,0.0,0,0.0,63.18,63.19,0,1.9,0.71,0,0
2017-05-20,2017-08-17,2017-08-18,2017-08-24,PEQUEÑO,Trader expuesto a bolsa (sin cobertura),6,3,"CTIC,DLRC,HIMC,TPLC,CMXC,RPEC",65.76,83.76,0.5473,0.64,1.0,100.0,0,0.0,64.59,38.71,0,1.9,0.0,0,0
2017-06-19,2017-09-16,2017-09-17,2017-09-23,MEDIANO,Comercializador regulado,10,10,"ESSC,EDQC,EMSC,EMIC,CDNC,CNSC,EBSC,EPSC,CHCC,CTSC",2.4,63.57,0.005,0.96,0.999,28.6,0,0.0,62.33,60.65,0,3.6,2.92,0,0
2017-06-19,2017-09-16,2017-09-17,2017-09-23,GRANDE,Comercializador regulado,3,2,"EDIC,CDSC,EPMC",0.0,67.97,0.005,0.93,1.0,100.0,0,0.0,65.28,61.64,1,30.7,0.65,0,0
2017-06-19,2017-09-16,2017-09-17,2017-09-23,MEDIANO,Trader no regulado,3,1,"CHVC,ENDC,ISGC",0.0,63.79,0.005,0.986,1.0,14.3,0,0.0,63.7,63.58,0,3.6,0.0,0,0
2017-06-19,2017-09-16,2017-09-17,2017-09-23,PEQUEÑO,Comercializador regulado,10,5,"EGVC,ENIC,ASCC,CETC,EBPC,EMEC,ETTC,EVSC,EPTC,EDPC",0.0,63.79,0.005,0.986,1.0,0.0,0,0.0,63.7,63.58,0,1.9,0.0,0,0
2017-06-19,2017-09-16,2017-09-17,2017-09-23,PEQUEÑO,Trader no regulado,10,5,"CCOC,ITLC,AMZC,CMXC,GECC,PRIC,TRMC,EMPC,RQEC,RPEC",0.0,58.97,0.005,0.969,1.0,0.0,0,0.0,58.18,57.12,0,1.9,1.06,0,0
2017-06-19,2017-09-16,2017-09-17,2017-09-23,PEQUEÑO,Trader expuesto a bolsa (sin cobertura),5,2,"DLRC,CTIC,HIMC,TPLC,CMXC",62.72,95.66,0.3383,0.757,1.0,100.0,0,0.0,74.5,45.94,0,1.9,0.0,0,0
2017-07-19,2017-10-16,2017-10-17,2017-10-23,PEQUEÑO,Trader expuesto a bolsa (sin cobertura),4,1,"DLRC,CTIC,HIMC,TPLC",36.16,66.63,0.005,0.667,0.994,100.0,0,0.0,47.58,21.87,0,2.2,0.0,0,0
2017-07-19,2017-10-16,2017-10-17,2017-10-23,MEDIANO,Comercializador regulado,10,10,"EDQC,ESSC,EMSC,EMIC,CDNC,CNSC,CHCC,EPSC,EBSC,HLAC",2.71,60.64,0.005,0.939,0.973,14.3,0,0.0,59.49,57.94,0,3.4,2.91,0,0
2017-07-19,2017-10-16,2017-10-17,2017-10-23,MEDIANO,Trader no regulado,3,1,"CHVC,ENDC,ISGC",0.0,62.63,0.005,0.98,1.0,42.9,0,0.0,62.76,62.94,0,3.4,0.0,0,0
2017-07-19,2017-10-16,2017-10-17,2017-10-23,PEQUEÑO,Comercializador regulado,10,5,"EGVC,ENIC,ASCC,CETC,EBPC,EMEC,ETTC,EVSC,EPTC,EDPC",0.0,62.63,0.005,0.98,1.0,42.9,0,0.0,62.76,62.94,0,2.2,0.0,0,0
2017-07-19,2017-10-16,2017-10-17,2017-10-23,PEQUEÑO,Trader no regulado,10,5,"CCOC,CMXC,ITLC,AMZC,GECC,PRIC,TRMC,EMPC,RQEC,RPEC",0.0,55.37,0.005,0.952,0.991,0.0,0,0.0,54.81,54.06,0,2.2,0.99,0,0
2017-07-19,2017-10-16,2017-10-17,2017-10-23,GRANDE,Comercializador regulado,3,2,"CDSC,EDIC,EPMC",0.0,62.04,1.0,0.911,0.996,0.0,0,0.0,59.87,56.94,1,30.7,1.67,0,0
2017-08-18,2017-11-15,2017-11-16,2017-11-22,MEDIANO,Comercializador regulado,10,10,"ESSC,EDQC,EMSC,CNSC,CDNC,EMIC,CHCC,EPSC,EBSC,HLAC",1.0,63.91,0.005,0.999,1.0,71.4,0,0.0,62.22,59.94,0,3.4,2.13,1,1
2017-08-18,2017-11-15,2017-11-16,2017-11-22,GRANDE,Comercializador regulado,3,1,"CDSC,EPMC,EDIC",0.0,66.15,0.005,1.009,1.0,0.0,0,0.0,62.79,58.25,1,30.7,1.11,0,0
2017-08-18,2017-11-15,2017-11-16,2017-11-22,MEDIANO,Trader no regulado,3,2,"CHVC,ENDC,ISGC",0.0,62.51,0.005,0.989,1.0,28.6,0,0.0,62.42,62.29,0,3.4,0.0,0,0
2017-08-18,2017-11-15,2017-11-16,2017-11-22,PEQUEÑO,Comercializador regulado,10,4,"EGVC,ASCC,CETC,EBPC,EMEC,ETTC,EVSC,ENIC,EPTC,EDPC",0.0,62.51,0.005,0.989,1.0,0.0,0,0.0,62.42,62.29,0,2.2,0.0,0,0
2017-08-18,2017-11-15,2017-11-16,2017-11-22,PEQUEÑO,Trader no regulado,10,6,"CCOC,AMZC,ITLC,GECC,PRIC,TRMC,EMPC,CMXC,RQEC,RPEC",0.0,56.16,0.005,0.992,1.0,0.0,0,0.0,55.13,53.73,0,2.2,1.96,0,0
2017-08-18,2017-11-15,2017-11-16,2017-11-22,PEQUEÑO,Trader expuesto a bolsa (sin cobertura),3,1,"CTIC,HIMC,TPLC",26.77,95.36,0.9104,1.092,1.0,100.0,0,0.0,71.52,39.35,0,2.2,0.0,0,0
2017-09-17,2017-12-15,2017-12-16,2017-12-22,MEDIANO,Comercializador regulado,10,10,"EMSC,ESSC,EDQC,CNSC,CHCC,CDNC,EBSC,EMIC,EPSC,HLAC",1.19,66.38,0.005,1.02,1.0,28.6,0,0.0,64.39,61.71,0,3.4,4.13,0,0
2017-09-17,2017-12-15,2017-12-16,2017-12-22,GRANDE,Comercializador regulado,3,1,"CDSC,EPMC,EDIC",0.0,70.63,0.005,1.044,1.0,0.0,0,0.0,66.57,61.09,1,31.0,3.27,0,0
2017-09-17,2017-12-15,2017-12-16,2017-12-22,MEDIANO,Trader no regulado,3,2,"CHVC,ENDC,ISGC",0.0,62.76,0.005,0.996,1.0,0.0,0,0.0,62.78,62.8,0,3.4,0.0,0,0
2017-09-17,2017-12-15,2017-12-16,2017-12-22,PEQUEÑO,Comercializador regulado,10,4,"EGVC,ASCC,CETC,EBPC,EMEC,ETTC,EVSC,EPTC,ENIC,EDPC",0.0,62.76,0.005,0.996,0.999,0.0,0,0.0,62.78,62.8,0,2.2,0.0,0,0
2017-09-17,2017-12-15,2017-12-16,2017-12-22,PEQUEÑO,Trader no regulado,10,7,"CCOC,ITLC,AMZC,GECC,PRIC,TRMC,EMPC,RQEC,CMXC,RTAC",0.0,56.97,0.005,1.008,1.0,0.0,0,0.0,55.83,54.28,0,2.2,0.46,0,0
2017-09-17,2017-12-15,2017-12-16,2017-12-22,PEQUEÑO,Trader expuesto a bolsa (sin cobertura),4,2,"CTIC,HIMC,TPLC,GSAC",30.78,113.96,0.5821,1.217,1.0,100.0,0,0.0,85.35,46.73,0,2.2,25.0,0,0
2017-10-17,2018-01-14,2018-01-15,2018-01-21,MEDIANO,Comercializador regulado,10,9,"EMSC,EDQC,ESSC,CHCC,CNSC,EBSC,EMIC,CDNC,EPSC,HLAC",1.03,60.96,0.005,0.968,0.819,100.0,0,0.0,58.99,56.33,0,3.4,2.37,0,0
2017-10-17,2018-01-14,2018-01-15,2018-01-21,GRANDE,Comercializador regulado,3,2,"CDSC,EPMC,EDIC",0.0,63.36,0.005,0.991,0.968,0.0,0,0.0,59.56,54.42,1,31.0,3.57,0,0
2017-10-17,2018-01-14,2018-01-15,2018-01-21,MEDIANO,Trader no regulado,3,2,"CHVC,ENDC,ISGC",0.0,58.51,0.005,0.94,0.992,28.6,0,0.0,58.38,58.22,0,3.4,0.0,0,0
2017-10-17,2018-01-14,2018-01-15,2018-01-21,PEQUEÑO,Comercializador regulado,10,6,"EGVC,ASCC,CETC,EBPC,ETTC,EVSC,EMEC,EPTC,ENIC,EDPC",0.0,58.51,0.005,0.94,0.942,71.4,0,0.0,58.38,58.22,0,2.2,0.19,0,0
2017-10-17,2018-01-14,2018-01-15,2018-01-21,PEQUEÑO,Trader no regulado,10,7,"CCOC,AMZC,ITLC,GECC,PRIC,TRMC,EMPC,RQEC,CMXC,RTAC",0.0,50.8,0.005,0.947,0.844,0.0,0,0.0,49.71,48.24,0,2.2,2.93,0,0
2017-10-17,2018-01-14,2018-01-15,2018-01-21,PEQUEÑO,Trader expuesto a bolsa (sin cobertura),4,2,"CTIC,HIMC,TPLC,GSAC",28.54,94.81,0.2488,1.096,0.961,100.0,0,0.0,67.99,31.79,0,2.2,25.0,0,0
2017-11-16,2018-02-13,2018-02-14,2018-02-20,MEDIANO,Comercializador regulado,10,10,"EMSC,EMIC,EDQC,ESSC,HLAC,CHCC,EPSC,CNSC,CDNC,EBSC",3.25,59.23,0.005,0.958,0.996,100.0,0,0.0,57.07,54.16,0,3.3,2.96,1,1
2017-11-16,2018-02-13,2018-02-14,2018-02-20,GRANDE,Comercializador regulado,3,2,"CDSC,EDIC,EPMC",0.0,62.28,0.005,0.947,1.0,100.0,0,0.0,57.59,51.25,1,31.6,1.42,0,0
2017-11-16,2018-02-13,2018-02-14,2018-02-20,MEDIANO,Trader no regulado,4,2,"CHVC,ENDC,ISGC,SOEC",0.0,57.79,0.005,0.951,1.0,0.0,0,0.0,57.74,57.67,0,3.3,0.0,0,0
2017-11-16,2018-02-13,2018-02-14,2018-02-20,PEQUEÑO,Comercializador regulado,10,8,"EGVC,ASCC,CETC,EBPC,ENIC,ETTC,EVSC,EMEC,EMPC,EDPC",0.0,57.79,0.005,0.951,1.0,100.0,0,0.0,57.74,57.67,0,2.3,0.45,1,1
2017-11-16,2018-02-13,2018-02-14,2018-02-20,PEQUEÑO,Trader no regulado,10,5,"CCOC,ITLC,AMZC,EMPC,GECC,PRIC,TRMC,RQEC,EMEC,CMXC",0.0,51.3,0.005,0.954,1.0,0.0,0,0.0,50.34,49.03,0,2.3,2.38,0,0
2017-11-16,2018-02-13,2018-02-14,2018-02-20,PEQUEÑO,Trader expuesto a bolsa (sin cobertura),4,2,"CTIC,HIMC,TPLC,GSAC",37.41,84.23,0.1045,0.885,0.999,100.0,0,0.0,58.53,23.85,0,2.3,25.0,0,0
2017-12-16,2018-03-15,2018-03-16,2018-03-22,MEDIANO,Comercializador regulado,10,10,"EMSC,EMIC,EDQC,ESSC,HLAC,CHCC,EPSC,CDNC,CNSC,CASC",2.62,56.09,0.005,0.939,0.999,14.3,0,0.0,52.82,48.41,0,3.2,2.19,0,0
2017-12-16,2018-03-15,2018-03-16,2018-03-22,PEQUEÑO,Comercializador regulado,10,7,"EGVC,ASCC,EBPC,CETC,ENIC,EDPC,EMPC,EPTC,EVSC,CQTC",0.59,56.33,0.005,0.981,1.0,71.4,0,0.0,55.67,54.78,0,2.5,1.3,1,1
2017-12-16,2018-03-15,2018-03-16,2018-03-22,GRANDE,Comercializador regulado,3,3,"CDSC,EPMC,EDIC",0.0,56.8,0.005,0.905,0.995,42.9,0,0.0,51.9,45.29,1,32.7,1.83,0,0
2017-12-16,2018-03-15,2018-03-16,2018-03-22,MEDIANO,Trader no regulado,4,1,"CHVC,ENDC,ISGC,SOEC",0.0,56.83,0.005,0.982,1.0,28.6,0,0.0,56.88,56.95,0,3.2,0.0,0,0
2017-12-16,2018-03-15,2018-03-16,2018-03-22,PEQUEÑO,Trader no regulado,10,8,"CCOC,ITLC,GECC,PRIC,RQEC,CMXC,RTAC,GSAC,RPEC,ESPC",-61.69,25.59,0.005,0.813,0.999,0.0,0,0.0,19.73,11.81,0,2.5,6.56,0,0
2017-12-16,2018-03-15,2018-03-16,2018-03-22,PEQUEÑO,Trader expuesto a bolsa (sin cobertura),4,2,"CTIC,HIMC,TPLC,GSAC",28.98,59.52,0.2736,0.697,0.995,85.7,0,0.0,36.45,5.32,0,2.5,25.0,0,0
2018-01-15,2018-04-14,2018-04-15,2018-04-21,MEDIANO,Comercializador regulado,10,7,"EMIC,EMSC,EDQC,ESSC,HLAC,CHCC,EPSC,CASC,CDNC,CNSC",2.27,60.96,0.005,1.017,0.956,100.0,0,0.0,57.18,52.07,0,3.2,2.23,1,1
2018-01-15,2018-04-14,2018-04-15,2018-04-21,PEQUEÑO,Comercializador regulado,10,9,"EGVC,ASCC,EBPC,CETC,ENIC,EDPC,EPTC,EMPC,CQTC,EVSC",1.73,56.46,0.005,1.0,0.965,42.9,0,0.0,55.81,54.93,0,2.5,0.17,0,0
2018-01-15,2018-04-14,2018-04-15,2018-04-21,GRANDE,Comercializador regulado,3,1,"CDSC,EPMC,EDIC",0.0,63.21,0.005,1.048,0.997,0.0,0,0.0,57.71,50.28,1,33.2,2.15,0,0
2018-01-15,2018-04-14,2018-04-15,2018-04-21,MEDIANO,Trader no regulado,4,2,"CHVC,ENDC,ISGC,SOEC",0.0,57.4,0.005,0.999,0.995,0.0,0,0.0,57.52,57.68,0,3.2,0.0,0,0
2018-01-15,2018-04-14,2018-04-15,2018-04-21,PEQUEÑO,Trader no regulado,9,7,"CCOC,ITLC,GECC,PRIC,RQEC,CMXC,RPEC,GSAC,ESPC",-8.92,19.5,0.005,1.188,0.997,0.0,0,0.0,14.0,6.57,0,2.5,1.81,0,0
2018-01-15,2018-04-14,2018-04-15,2018-04-21,PEQUEÑO,Trader expuesto a bolsa (sin cobertura),4,3,"HIMC,TPLC,CTIC,GSAC",25.32,93.1,0.5821,1.141,0.998,100.0,0,0.0,66.46,30.51,0,2.5,46.28,0,0
2018-02-14,2018-05-14,2018-05-15,2018-05-21,PEQUEÑO,Comercializador mixto,8,6,"HIMC,TPLC,RPEC,CTIC,CCOC,ITLC,CMXC,GSAC",14.72,28.75,0.005,1.59,1.0,42.9,0,0.0,-0.35,-39.62,0,2.5,8.04,0,0
2018-02-14,2018-05-14,2018-05-15,2018-05-21,PEQUEÑO,Comercializador regulado,10,9,"CTIC,EDPC,EGVC,ASCC,EBPC,CETC,ENIC,EPTC,EMPC,EVSC",2.06,55.61,0.005,0.995,1.0,0.0,0,0.0,54.89,53.91,0,2.5,0.97,0,0
2018-02-14,2018-05-14,2018-05-15,2018-05-21,MEDIANO,Comercializador regulado,10,9,"EMIC,EMSC,EDQC,ESSC,HLAC,CHCC,EPSC,CASC,CDNC,CNSC",1.94,59.4,0.005,1.009,1.0,85.7,0,0.0,55.67,50.63,0,3.2,1.85,1,1
2018-02-14,2018-05-14,2018-05-15,2018-05-21,GRANDE,Comercializador regulado,3,1,"CDSC,EDIC,EPMC",0.0,64.21,0.005,1.029,1.0,42.9,0,0.0,58.52,50.84,1,33.0,4.84,0,0
2018-02-14,2018-05-14,2018-05-15,2018-05-21,PEQUEÑO,Trader no regulado,5,4,"GECC,PRIC,RQEC,ITLC,RPEC",-8.67,56.9,0.0498,0.994,0.991,0.0,0,0.0,56.91,56.92,0,2.5,0.0,0,0
2018-02-14,2018-05-14,2018-05-15,2018-05-21,PEQUEÑO,Trader con sobrecobertura de contratos,2,1,"ESPC,NRCC",-555.99,-144434.62,0.3234,1.003,0.0,0.0,1,1010949.87,-139282.11,-132328.15,0,2.5,1063850.16,0,0
2018-02-14,2018-05-14,2018-05-15,2018-05-21,MEDIANO,Comercializador mixto,1,1,CHVC,19.85,85.28,0.5224,1.103,1.0,100.0,0,0.0,65.79,39.5,0,3.2,0.34,0,0
2018-02-14,2018-05-14,2018-05-15,2018-05-21,MEDIANO,Trader no regulado,3,1,"ENDC,ISGC,SOEC",0.0,56.9,1.0,0.994,0.996,0.0,0,0.0,56.91,56.92,0,3.2,0.0,0,0
2018-03-16,2018-06-13,2018-06-14,2018-06-20,PEQUEÑO,Comercializador mixto,8,6,"HIMC,TPLC,RPEC,CCOC,CTIC,ITLC,CMXC,GSAC",18.2,60.94,0.005,1.292,0.891,100.0,0,0.0,28.61,-15.02,0,2.5,7.93,0,0
2018-03-16,2018-06-13,2018-06-14,2018-06-20,MEDIANO,Comercializador regulado,10,10,"EMIC,EMSC,EDQC,ESSC,HLAC,CHCC,EPSC,CDNC,CASC,CNSC",2.13,61.51,0.005,1.017,0.854,100.0,0,0.0,56.93,50.76,0,3.2,2.16,0,0
2018-03-16,2018-06-13,2018-06-14,2018-06-20,GRANDE,Comercializador regulado,3,1,"EDIC,CDSC,EPMC",0.0,67.0,0.005,1.029,0.967,100.0,0,0.0,59.94,50.42,1,32.5,1.9,0,0
2018-03-16,2018-06-13,2018-06-14,2018-06-20,PEQUEÑO,Comercializador regulado,10,8,"CTIC,EDPC,EGVC,EPTC,ASCC,CETC,EBPC,ENIC,EMPC,EVSC",0.0,55.67,0.005,1.004,0.99,71.4,0,0.0,54.68,53.34,0,2.5,0.35,1,1
2018-03-16,2018-06-13,2018-06-14,2018-06-20,MEDIANO,Comercializador mixto,1,1,CHVC,30.5,110.87,0.5622,1.102,1.0,100.0,0,0.0,85.26,50.7,0,3.2,21.11,0,0
2018-03-16,2018-06-13,2018-06-14,2018-06-20,PEQUEÑO,Trader con sobrecobertura de contratos,2,1,"ESPC,NRCC",-556.75,-126824.45,0.592,1.0,0.0,0.0,1,887775.86,-161391.59,-208044.24,0,2.5,6801.96,0,0
2018-03-16,2018-06-13,2018-06-14,2018-06-20,MEDIANO,Trader no regulado,3,1,"ENDC,ISGC,SOEC",0.0,57.02,1.0,1.0,1.0,14.3,0,0.0,57.0,56.98,0,3.2,0.0,0,0
2018-03-16,2018-06-13,2018-06-14,2018-06-20,PEQUEÑO,Trader no regulado,5,4,"GECC,PRIC,RQEC,ITLC,RPEC",-7.7,57.02,1.0,1.0,1.0,85.7,0,0.0,57.0,56.98,0,2.5,0.12,0,0
2018-04-15,2018-07-13,2018-07-14,2018-07-20,PEQUEÑO,Trader no regulado,10,8,"HIMC,TPLC,RPEC,CCOC,ITLC,GECC,PRIC,RQEC,CMXC,GSAC",10.59,76.65,0.005,1.004,0.933,100.0,0,0.0,66.88,53.7,0,2.4,8.87,0,0
2018-04-15,2018-07-13,2018-07-14,2018-07-20,MEDIANO,Comercializador regulado,10,10,"EMIC,EMSC,EDQC,ESSC,HLAC,CDNC,CHCC,EPSC,CNSC,CASC",2.03,59.59,0.005,1.007,0.946,100.0,0,0.0,57.56,54.83,0,3.2,0.62,0,0
2018-04-15,2018-07-13,2018-07-14,2018-07-20,PEQUEÑO,Comercializador regulado,10,8,"CTIC,EDPC,EPTC,EGVC,ASCC,CETC,EBPC,EMPC,ENIC,EVSC",0.08,55.71,0.005,1.007,0.985,42.9,0,0.0,55.23,54.59,0,2.4,0.84,0,0
2018-04-15,2018-07-13,2018-07-14,2018-07-20,GRANDE,Comercializador regulado,3,3,"EDIC,CDSC,EPMC",0.0,65.56,0.005,1.007,0.991,85.7,0,0.0,62.11,57.44,1,32.6,2.51,0,0
2018-04-15,2018-07-13,2018-07-14,2018-07-20,MEDIANO,Trader no regulado,4,2,"CHVC,ENDC,ISGC,SOEC",0.0,57.32,0.005,1.006,0.986,0.0,0,0.0,57.32,57.31,0,3.2,0.0,0,0
2018-04-15,2018-07-13,2018-07-14,2018-07-20,PEQUEÑO,Trader con sobrecobertura de contratos,2,1,"ESPC,NRCC",-556.58,-39756.76,0.6766,0.998,0.0,0.0,1,278117.42,-39802.05,-39863.18,0,2.4,5987.8,0,0
2018-05-15,2018-08-12,2018-08-13,2018-08-19,PEQUEÑO,Comercializador regulado,10,8,"CTIC,EDPC,EGVC,EPTC,ASCC,EBPC,CETC,DLRC,EMPC,EVSC",5.0,54.08,0.005,0.988,1.0,14.3,0,0.0,53.42,52.53,0,2.2,0.44,0,0
2018-05-15,2018-08-12,2018-08-13,2018-08-19,PEQUEÑO,Trader no regulado,10,8,"HIMC,TPLC,CCOC,ITLC,GECC,PRIC,RQEC,CMXC,RPEC,GSAC",5.0,63.0,0.005,0.897,1.0,85.7,0,0.0,53.76,41.28,0,2.2,8.4,1,1
2018-05-15,2018-08-12,2018-08-13,2018-08-19,MEDIANO,Comercializador regulado,10,10,"EMIC,EDQC,EMSC,CDNC,ESSC,CHCC,HLAC,EPSC,CNSC,CTSC",1.67,56.23,0.005,0.971,1.0,28.6,0,0.0,54.3,51.69,0,3.3,2.95,0,0
2018-05-15,2018-08-12,2018-08-13,2018-08-19,GRANDE,Comercializador regulado,3,3,"EDIC,CDSC,EPMC",0.0,61.23,0.005,0.964,1.0,71.4,0,0.0,58.56,54.97,1,32.7,1.18,0,0
2018-05-15,2018-08-12,2018-08-13,2018-08-19,MEDIANO,Trader no regulado,4,2,"CHVC,ENDC,ISGC,SOEC",0.0,56.9,0.005,0.998,1.0,0.0,0,0.0,56.89,56.88,0,3.3,0.0,0,0
2018-05-15,2018-08-12,2018-08-13,2018-08-19,PEQUEÑO,Trader con sobrecobertura de contratos,2,1,"ESPC,NRCC",-552.32,-35403.51,0.796,1.002,0.0,0.0,1,247831.14,-35448.31,-35508.76,0,2.2,2997.65,0,0
2018-06-14,2018-09-11,2018-09-12,2018-09-18,PEQUEÑO,Comercializador regulado,10,8,"CTIC,EDPC,EGVC,DLRC,ASCC,EBPC,CETC,EPTC,EMPC,ENIC",4.53,54.1,0.005,0.972,0.981,85.7,0,0.0,53.73,53.23,0,2.4,0.52,1,1
2018-06-14,2018-09-11,2018-09-12,2018-09-18,PEQUEÑO,Trader no regulado,10,8,"HIMC,TPLC,CCOC,ITLC,GECC,PRIC,RQEC,CMXC,RPEC,GSAC",4.53,49.6,0.005,0.926,0.988,42.9,0,0.0,39.12,24.97,0,2.4,7.27,0,0
2018-06-14,2018-09-11,2018-09-12,2018-09-18,MEDIANO,Comercializador regulado,10,10,"EMIC,EDQC,EMSC,CHCC,CDNC,ESSC,EPSC,HLAC,CNSC,CASC",1.67,56.72,0.005,0.968,0.983,100.0,0,0.0,55.04,52.78,0,3.2,1.52,1,1
2018-06-14,2018-09-11,2018-09-12,2018-09-18,GRANDE,Comercializador regulado,3,3,"EDIC,EPMC,CDSC",0.0,60.4,0.005,0.967,0.999,57.1,0,0.0,57.92,54.57,1,33.0,0.42,0,0
2018-06-14,2018-09-11,2018-09-12,2018-09-18,MEDIANO,Trader no regulado,4,2,"CHVC,ENDC,ISGC,SOEC",0.0,55.48,0.005,0.974,0.998,28.6,0,0.0,55.46,55.44,0,3.2,0.0,0,0
2018-06-14,2018-09-11,2018-09-12,2018-09-18,PEQUEÑO,Trader con sobrecobertura de contratos,3,1,"GSAC,ESPC,NRCC",-552.41,-9810.14,0.6418,1.014,0.0,0.0,1,68656.88,-10009.46,-10278.46,0,2.4,834.4,0,0
2018-07-14,2018-10-11,2018-10-12,2018-10-18,PEQUEÑO,Comercializador regulado,10,8,"CTIC,EGVC,ASCC,EBPC,DLRC,CETC,EDPC,EPTC,EMPC,ENIC",4.01,53.81,0.005,0.978,1.0,57.1,0,0.0,53.47,53.01,0,2.4,0.99,0,0
2018-07-14,2018-10-11,2018-10-12,2018-10-18,MEDIANO,Comercializador regulado,10,10,"EMIC,EMSC,EDQC,CDNC,CHCC,ESSC,EPSC,CNSC,HLAC,CASC",1.92,56.38,0.005,0.98,1.0,57.1,0,0.0,54.63,52.26,0,3.2,1.0,0,0
2018-07-14,2018-10-11,2018-10-12,2018-10-18,GRANDE,Comercializador regulado,3,3,"EDIC,EPMC,CDSC",0.0,59.94,0.005,0.983,1.0,0.0,0,0.0,57.51,54.23,1,33.0,0.82,0,0
2018-07-14,2018-10-11,2018-10-12,2018-10-18,MEDIANO,Trader no regulado,4,2,"CHVC,ENDC,ISGC,SOEC",0.0,55.19,0.005,0.976,1.0,0.0,0,0.0,55.2,55.22,0,3.2,0.0,0,0
2018-07-14,2018-10-11,2018-10-12,2018-10-18,PEQUEÑO,Trader no regulado,10,7,"TPLC,CCOC,ITLC,GECC,PRIC,RQEC,CMXC,RPEC,ESPC,GSAC",-1.08,20.32,0.005,0.945,0.998,0.0,0,0.0,8.47,-7.53,0,2.4,4.54,0,0
2018-07-14,2018-10-11,2018-10-12,2018-10-18,PEQUEÑO,Trader expuesto a bolsa (sin cobertura),2,2,"HIMC,GSAC",-245.21,112.42,0.3085,0.99,1.0,100.0,0,0.0,74.76,23.92,0,2.4,2676.3,0,0
2018-08-13,2018-11-10,2018-11-11,2018-11-17,PEQUEÑO,Comercializador regulado,10,8,"CTIC,EGVC,ASCC,DLRC,EBPC,CETC,EDPC,EPTC,EMPC,ENIC",4.11,53.06,0.005,0.986,1.0,57.1,0,0.0,51.64,49.71,0,2.4,1.28,0,0
2018-08-13,2018-11-10,2018-11-11,2018-11-17,MEDIANO,Comercializador regulado,10,10,"EMIC,EMSC,EDQC,CDNC,CHCC,ESSC,EPSC,CASC,CNSC,HLAC",1.31,55.66,0.005,0.994,0.996,100.0,0,0.0,53.88,51.47,0,3.2,0.91,1,1
2018-08-13,2018-11-10,2018-11-11,2018-11-17,GRANDE,Comercializador regulado,3,2,"EDIC,EPMC,CDSC",0.0,59.72,0.005,0.998,0.999,0.0,0,0.0,56.45,52.03,1,33.2,0.77,0,0
2018-08-13,2018-11-10,2018-11-11,2018-11-17,MEDIANO,Trader no regulado,4,2,"CHVC,ENDC,ISGC,SOEC",0.0,54.41,0.005,0.984,1.0,14.3,0,0.0,54.33,54.22,0,3.2,0.0,0,0
2018-08-13,2018-11-10,2018-11-11,2018-11-17,PEQUEÑO,Trader no regulado,10,6,"TPLC,CCOC,ITLC,GECC,PRIC,RQEC,CMXC,RPEC,ESPC,GSAC",-1.32,20.21,0.005,1.075,0.956,0.0,0,0.0,5.2,-15.05,0,2.4,4.27,0,0
2018-08-13,2018-11-10,2018-11-11,2018-11-17,PEQUEÑO,Trader expuesto a bolsa (sin cobertura),2,2,"HIMC,GSAC",-249.07,114.62,0.2985,1.092,0.996,100.0,0,0.0,70.54,11.04,0,2.4,2543.12,0,0
2018-09-12,2018-12-10,2018-12-11,2018-12-17,PEQUEÑO,Comercializador mixto,7,5,"HIMC,RPEC,TPLC,CCOC,ITLC,CMXC,GSAC",16.83,-10.08,0.005,-0.239,0.024,0.0,0,47.44,-40.09,-80.59,0,2.3,7.56,0,0
2018-09-12,2018-12-10,2018-12-11,2018-12-17,PEQUEÑO,Comercializador regulado,10,8,"CTIC,EGVC,DLRC,EDPC,ASCC,CETC,EBPC,EPTC,ENIC,EMPC",2.36,52.05,0.005,1.002,1.0,100.0,0,0.0,50.73,48.95,0,2.3,1.7,1,1
2018-09-12,2018-12-10,2018-12-11,2018-12-17,MEDIANO,Comercializador regulado,10,10,"EMIC,EMSC,EDQC,ESSC,CHCC,CASC,EPSC,CDNC,CNSC,HLAC",0.61,51.59,0.005,0.932,0.933,57.1,0,0.0,50.24,48.42,0,3.3,1.74,0,0
2018-09-12,2018-12-10,2018-12-11,2018-12-17,GRANDE,Comercializador regulado,3,2,"EDIC,EPMC,CDSC",0.0,53.03,0.005,0.893,1.0,100.0,0,0.0,50.47,47.02,1,33.0,0.6,0,0
2018-09-12,2018-12-10,2018-12-11,2018-12-17,PEQUEÑO,Trader no regulado,5,4,"GECC,PRIC,RQEC,RPEC,ESPC",-9.55,41.58,0.005,0.912,1.0,42.9,0,0.0,41.61,41.64,0,2.3,0.67,0,0
2018-09-12,2018-12-10,2018-12-11,2018-12-17,MEDIANO,Comercializador mixto,1,1,CHVC,37.5,49.95,0.5274,0.553,1.0,28.6,0,0.0,24.65,-9.49,0,3.3,2.73,0,0
2018-09-12,2018-12-10,2018-12-11,2018-12-17,MEDIANO,Trader no regulado,3,1,"ENDC,ISGC,SOEC",0.0,53.42,1.0,0.978,1.0,71.4,0,0.0,53.44,53.47,0,3.3,0.0,0,0
2018-10-12,2019-01-09,2019-01-10,2019-01-16,PEQUEÑO,Comercializador mixto,7,5,"HIMC,TPLC,CCOC,ITLC,RPEC,CMXC,GSAC",15.16,-57.55,0.005,-2.231,0.0,0.0,0,454.31,-80.25,-110.88,0,2.2,17.82,0,0
2018-10-12,2019-01-09,2019-01-10,2019-01-16,PEQUEÑO,Comercializador regulado,10,6,"CTIC,EGVC,DLRC,EDPC,ASCC,CETC,EBPC,ENIC,EMPC,EPTC",6.58,40.42,0.005,0.766,0.999,100.0,0,0.0,39.49,38.23,0,2.2,1.73,1,1
2018-10-12,2019-01-09,2019-01-10,2019-01-16,MEDIANO,Comercializador regulado,10,6,"EMIC,EDQC,EMSC,CASC,ESSC,CHCC,EPSC,CNSC,HLAC,CDNC",2.17,42.45,0.005,0.777,0.999,100.0,0,0.0,40.72,38.38,0,3.3,0.75,1,1
2018-10-12,2019-01-09,2019-01-10,2019-01-16,PEQUEÑO,Trader no regulado,7,4,"GECC,PRIC,RQEC,ITLC,RPEC,GSAC,ESPC",-53.75,-31.27,0.005,-0.719,0.0,0.0,0,219.23,-30.21,-28.77,0,2.2,25.67,0,0
2018-10-12,2019-01-09,2019-01-10,2019-01-16,MEDIANO,Comercializador mixto,2,1,"CHVC,ECTC",2.39,7.1,0.1343,0.092,0.288,0.0,0,72.16,-15.19,-45.27,0,3.3,11.61,0,0
2018-10-12,2019-01-09,2019-01-10,2019-01-16,GRANDE,Comercializador regulado,3,2,"EDIC,EPMC,CDSC",0.0,43.66,1.0,0.753,1.0,100.0,0,0.0,42.18,40.18,1,31.7,6.95,0,0
2018-10-12,2019-01-09,2019-01-10,2019-01-16,MEDIANO,Trader no regulado,3,2,"ENDC,ISGC,SOEC",0.0,48.87,1.0,0.901,0.999,100.0,0,0.0,49.38,50.06,0,3.3,0.0,0,0
2018-11-11,2019-02-08,2019-02-09,2019-02-15,PEQUEÑO,Comercializador regulado,10,7,"ASCC,CETC,EGVC,EDPC,ENIC,DLRC,CTIC,EBPC,EVSC,EPTC",10.05,40.83,0.005,0.884,0.781,100.0,0,0.0,40.42,39.86,0,2.2,0.7,0,0
2018-11-11,2019-02-08,2019-02-09,2019-02-15,MEDIANO,Comercializador regulado,10,3,"EPSC,EDQC,CASC,ESSC,CHCC,HLAC,CNSC,EMIC,CDNC,EMSC",1.52,42.19,0.005,0.859,0.769,100.0,0,0.0,40.13,37.34,0,3.2,1.88,0,0
2018-11-11,2019-02-08,2019-02-09,2019-02-15,GRANDE,Comercializador regulado,3,1,"EPMC,CDSC,EDIC",0.0,36.91,0.005,0.798,0.937,100.0,0,0.0,32.88,27.44,1,30.9,3.28,0,0
2018-11-11,2019-02-08,2019-02-09,2019-02-15,PEQUEÑO,Trader no regulado,10,6,"TPLC,CCOC,GECC,PRIC,ITLC,RQEC,CMXC,LESC,RPEC,ESPC",-7.17,42.43,0.005,1.021,0.871,100.0,0,0.0,42.6,42.82,0,2.2,3.26,0,0
2018-11-11,2019-02-08,2019-02-09,2019-02-15,PEQUEÑO,Trader expuesto a bolsa (sin cobertura),3,2,"RPEC,HIMC,TPLC",-4.59,0.36,0.0149,0.014,0.035,0.0,0,72.97,-31.57,-74.66,0,2.2,25.0,0,0
2018-11-11,2019-02-08,2019-02-09,2019-02-15,MEDIANO,Trader no regulado,5,4,"ENDC,ISGC,SOEC,CHVC,ECTC",2.94,48.27,0.2736,0.916,0.983,100.0,0,0.0,48.96,49.9,0,3.2,0.0,0,0
2018-11-11,2019-02-08,2019-02-09,2019-02-15,MEDIANO,Trader expuesto a bolsa (sin cobertura),1,1,ECTC,-8.97,0.36,0.607,0.014,1.0,0.0,0,72.97,-31.57,-74.66,0,3.2,49.29,0,0
2018-12-11,2019-03-10,2019-03-11,2019-03-17,PEQUEÑO,Comercializador regulado,10,6,"ASCC,CETC,EGVC,EDPC,ENIC,EVSC,EBPC,ETTC,DLRC,EPTC",19.52,44.04,0.005,0.99,1.0,100.0,0,0.0,44.34,44.75,0,2.2,2.67,1,1
2018-12-11,2019-03-10,2019-03-11,2019-03-17,MEDIANO,Trader no regulado,5,4,"ENDC,ISGC,SOEC,ECTC,CHVC",8.61,47.62,0.005,0.984,1.0,100.0,0,0.0,48.26,49.12,0,3.1,0.0,1,1
2018-12-11,2019-03-10,2019-03-11,2019-03-17,MEDIANO,Comercializador regulado,10,3,"EPSC,EDQC,CHCC,CASC,EBSC,ESSC,HLAC,CDNC,CNSC,EMSC",1.34,41.2,0.005,1.041,1.0,100.0,0,0.0,39.1,36.26,0,3.1,2.0,1,1
2018-12-11,2019-03-10,2019-03-11,2019-03-17,GRANDE,Comercializador regulado,3,1,"EPMC,CDSC,EDIC",0.0,35.3,0.005,1.121,1.0,85.7,0,0.0,30.56,24.16,1,31.0,2.32,0,0
2018-12-11,2019-03-10,2019-03-11,2019-03-17,PEQUEÑO,Trader no regulado,10,7,"GECC,PRIC,ITLC,TPLC,CMXC,RQEC,LESC,RPEC,ESPC,GSAC",-159.14,-76.35,0.005,0.978,0.0,0.0,1,530.19,-78.44,-81.27,0,2.2,19.54,0,0
2018-12-11,2019-03-10,2019-03-11,2019-03-17,PEQUEÑO,Trader expuesto a bolsa (sin cobertura),2,1,"HIMC,TPLC",-43.55,1.47,0.393,-0.053,0.586,14.3,0,28.42,-29.04,-70.22,0,2.2,25.0,0,0
2018-12-11,2019-03-10,2019-03-11,2019-03-17,MEDIANO,Trader expuesto a bolsa (sin cobertura),1,1,ECTC,-19.49,1.47,0.597,-0.142,1.0,0.0,0,28.42,-29.04,-70.22,0,3.1,48.61,0,0
2019-01-10,2019-04-09,2019-04-10,2019-04-16,PEQUEÑO,Comercializador regulado,10,8,"ASCC,CETC,EGVC,ENIC,EDPC,EVSC,EPTC,EBPC,DLRC,ETTC",20.16,42.77,0.005,1.009,1.0,100.0,0,0.0,42.09,41.16,0,2.2,1.42,1,1
2019-01-10,2019-04-09,2019-04-10,2019-04-16,MEDIANO,Trader no regulado,5,4,"ENDC,ISGC,SOEC,ECTC,CHVC",7.74,47.31,0.005,0.989,1.0,100.0,0,0.0,47.27,47.22,0,3.1,0.0,1,1
2019-01-10,2019-04-09,2019-04-10,2019-04-16,MEDIANO,Comercializador regulado,10,4,"EPSC,EBSC,EDQC,CASC,CHCC,HLAC,ESSC,CDNC,CNSC,EMSC",1.03,44.19,0.005,1.1,0.999,85.7,0,0.0,41.08,36.88,0,3.1,1.44,1,1
2019-01-10,2019-04-09,2019-04-10,2019-04-16,GRANDE,Comercializador regulado,3,1,"EPMC,CDSC,EDIC",0.0,41.2,0.005,1.245,1.0,0.0,0,0.0,35.05,26.75,1,30.8,1.46,0,0
2019-01-10,2019-04-09,2019-04-10,2019-04-16,PEQUEÑO,Trader no regulado,9,7,"GECC,PRIC,ITLC,CMXC,RQEC,LESC,RPEC,ESPC,GSAC",-312.57,-116.52,0.005,0.967,0.0,0.0,1,822.98,-120.03,-124.78,0,2.2,16.19,0,0
2019-01-10,2019-04-09,2019-04-10,2019-04-16,PEQUEÑO,Trader expuesto a bolsa (sin cobertura),4,3,"RPEC,HIMC,TPLC,ECGC",-25.2,26.61,0.9353,-4.821,0.914,28.6,0,3.77,-3.47,-44.08,0,2.2,0.0,0,0
2019-02-09,2019-05-09,2019-05-10,2019-05-16,PEQUEÑO,Comercializador regulado,10,8,"ASCC,CETC,EGVC,ENIC,EDPC,EVSC,EPTC,CQTC,EBPC,DLRC",16.4,42.63,0.005,1.045,0.889,100.0,0,0.0,40.79,38.32,0,2.1,1.75,0,0
2019-02-09,2019-05-09,2019-05-10,2019-05-16,MEDIANO,Comercializador regulado,10,4,"EPSC,EBSC,EDQC,CASC,CHCC,ESSC,CDNC,HLAC,CNSC,EMSC",0.75,47.82,0.005,1.139,0.938,100.0,0,0.0,44.18,39.27,0,3.1,2.3,0,0
2019-02-09,2019-05-09,2019-05-10,2019-05-16,GRANDE,Comercializador regulado,3,1,"EPMC,CDSC,EDIC",0.0,49.59,0.005,1.359,0.991,71.4,0,0.0,42.12,32.05,1,30.6,6.58,0,0
2019-02-09,2019-05-09,2019-05-10,2019-05-16,PEQUEÑO,Trader expuesto a bolsa (sin cobertura),6,5,"CMXC,HIMC,TPLC,RPEC,LESC,ECGC",-13.73,64.2,0.005,8.392,0.866,71.4,0,0.0,28.69,-19.23,0,2.1,6.28,0,0
2019-02-09,2019-05-09,2019-05-10,2019-05-16,PEQUEÑO,Trader no regulado,7,5,"GECC,PRIC,ITLC,RQEC,RPEC,ESPC,GSAC",-308.96,-242.12,0.005,0.969,0.0,0.0,1,1731.41,-243.25,-244.78,0,2.1,32.34,0,0
2019-02-09,2019-05-09,2019-05-10,2019-05-16,MEDIANO,Trader no regulado,4,3,"ENDC,ISGC,SOEC,ECTC",6.03,46.4,0.1294,0.977,1.0,28.6,0,0.0,46.42,46.45,0,3.1,0.0,0,0
2019-02-09,2019-05-09,2019-05-10,2019-05-16,MEDIANO,Trader expuesto a bolsa (sin cobertura),1,1,CHVC,-16.53,56.94,0.4726,2.423,1.0,71.4,0,0.0,36.64,9.24,0,3.1,4.07,0,0
2019-03-11,2019-06-08,2019-06-09,2019-06-15,PEQUEÑO,Comercializador regulado,10,8,"EGVC,EPTC,ASCC,CETC,EDPC,CQTC,ENIC,CTIC,EBPC,DLRC",13.6,46.9,0.005,1.105,0.979,100.0,0,0.0,43.36,38.57,0,2.0,1.45,1,1
2019-03-11,2019-06-08,2019-06-09,2019-06-15,PEQUEÑO,Trader expuesto a bolsa (sin cobertura),5,4,"RPEC,HIMC,TPLC,ECGC,GSAC",10.19,92.8,0.005,2.093,1.0,100.0,0,0.0,51.69,-3.79,0,2.0,0.0,1,1
2019-03-11,2019-06-08,2019-06-09,2019-06-15,MEDIANO,Comercializador regulado,10,5,"EDQC,CHCC,EPSC,ESSC,CASC,EMSC,CNSC,EBSC,EMIC,CDNC",0.7,50.5,0.005,1.089,0.973,100.0,0,0.0,46.3,40.62,0,3.1,1.69,1,1
2019-03-11,2019-06-08,2019-06-09,2019-06-15,GRANDE,Comercializador regulado,3,1,"EPMC,CDSC,EDIC",0.0,51.73,0.005,1.139,0.999,57.1,0,0.0,44.27,34.19,1,30.3,0.86,0,0
2019-03-11,2019-06-08,2019-06-09,2019-06-15,PEQUEÑO,Trader no regulado,9,7,"GECC,PRIC,ITLC,CMXC,RPEC,RQEC,LESC,GSAC,ESPC",-101.14,31.31,0.005,-2.004,0.992,14.3,0,0.0,20.29,5.42,0,2.0,9.13,0,0
2019-03-11,2019-06-08,2019-06-09,2019-06-15,MEDIANO,Trader no regulado,5,4,"ECTC,ENDC,ISGC,SOEC,CHVC",1.44,47.22,0.7413,0.999,1.0,0.0,0,0.0,47.18,47.12,0,3.1,0.0,0,0
2019-04-10,2019-07-08,2019-07-09,2019-07-15,PEQUEÑO,Trader expuesto a bolsa (sin cobertura),5,4,"HIMC,TPLC,RPEC,ECGC,GSAC",46.68,92.59,0.005,1.093,0.998,100.0,0,0.0,51.5,-3.95,0,1.9,0.64,1,1
2019-04-10,2019-07-08,2019-07-09,2019-07-15,PEQUEÑO,Comercializador regulado,10,10,"CTIC,EPTC,EGVC,CQTC,ASCC,CETC,EDPC,EBPC,ENIC,DLRC",13.07,42.95,0.005,0.993,0.96,100.0,0,0.0,39.89,35.75,0,1.9,2.93,1,1
2019-04-10,2019-07-08,2019-07-09,2019-07-15,MEDIANO,Comercializador regulado,10,6,"EMIC,CNSC,EMSC,ESSC,CHCC,EDQC,CASC,EBSC,EPSC,CDNC",2.05,48.53,0.005,0.991,0.961,100.0,0,0.0,45.12,40.52,0,3.1,0.84,1,1
2019-04-10,2019-07-08,2019-07-09,2019-07-15,MEDIANO,Trader no regulado,5,4,"CHVC,ECTC,ENDC,ISGC,SOEC",0.0,45.84,0.005,0.975,1.0,0.0,0,0.0,45.95,46.09,0,3.1,0.0,0,0
2019-04-10,2019-07-08,2019-07-09,2019-07-15,PEQUEÑO,Trader no regulado,9,7,"CMXC,GECC,PRIC,ITLC,RPEC,RQEC,LESC,ESPC,GSAC",-85.77,29.53,0.005,1.001,0.985,28.6,0,0.0,24.72,18.22,0,1.9,8.99,0,0
2019-04-10,2019-07-08,2019-07-09,2019-07-15,GRANDE,Comercializador regulado,3,1,"CDSC,EDIC,EPMC",0.0,51.08,1.0,0.999,0.997,85.7,0,0.0,47.1,41.72,1,30.3,0.55,0,0
2019-05-10,2019-08-07,2019-08-08,2019-08-14,PEQUEÑO,Comercializador regulado,10,10,"CTIC,EPTC,EGVC,ASCC,CETC,CQTC,EDPC,EBPC,ENIC,EMPC",12.36,36.97,0.005,0.944,0.92,85.7,0,0.0,34.83,31.93,0,1.9,2.16,0,0
2019-05-10,2019-08-07,2019-08-08,2019-08-14,MEDIANO,Comercializador regulado,10,10,"EMIC,CNSC,EMSC,ESSC,CHCC,EDQC,CASC,EBSC,EPSC,CDNC",2.16,46.11,0.005,0.943,0.999,85.7,0,0.0,43.68,40.39,0,3.1,1.38,1,1
2019-05-10,2019-08-07,2019-08-08,2019-08-14,GRANDE,Comercializador regulado,3,3,"EDIC,CDSC,EPMC",0.0,47.6,0.005,0.933,1.0,71.4,0,0.0,44.33,39.91,1,30.4,0.37,0,0
2019-05-10,2019-08-07,2019-08-08,2019-08-14,MEDIANO,Trader no regulado,5,3,"CHVC,ECTC,ENDC,ISGC,SOEC",0.0,44.81,0.005,0.961,1.0,28.6,0,0.0,45.03,45.32,0,3.1,0.0,0,0
2019-05-10,2019-08-07,2019-08-08,2019-08-14,PEQUEÑO,Trader no regulado,9,7,"CMXC,ITLC,GECC,PRIC,RPEC,RQEC,LESC,ECGC,ESPC",-123.94,14.06,0.005,0.76,0.265,0.0,0,25.84,-1.5,-22.51,0,1.9,13.3,0,0
2019-05-10,2019-08-07,2019-08-08,2019-08-14,PEQUEÑO,Trader expuesto a bolsa (sin cobertura),5,4,"HIMC,TPLC,RPEC,ECGC,GSAC",49.81,72.02,0.0149,0.798,0.12,85.7,0,441.04,-78.57,-281.8,0,1.9,36.46,0,0
2019-06-09,2019-09-06,2019-09-07,2019-09-13,PEQUEÑO,Comercializador regulado,10,10,"EPTC,CTIC,EGVC,ASCC,CETC,CQTC,EDPC,EBPC,ENIC,EMPC",10.09,34.06,0.005,0.88,1.0,100.0,0,0.0,32.99,31.54,0,2.0,1.56,1,1
2019-06-09,2019-09-06,2019-09-07,2019-09-13,MEDIANO,Comercializador regulado,10,8,"EMIC,CNSC,EMSC,ESSC,CHCC,EDQC,EBSC,EPSC,CASC,CDNC",2.67,41.42,0.005,0.858,0.999,71.4,0,0.0,39.28,36.4,0,3.1,1.98,1,1
2019-06-09,2019-09-06,2019-09-07,2019-09-13,GRANDE,Comercializador regulado,3,1,"EDIC,CDSC,EPMC",0.0,41.14,0.005,0.818,1.0,71.4,0,0.0,38.51,34.96,1,30.0,1.59,0,0
2019-06-09,2019-09-06,2019-09-07,2019-09-13,MEDIANO,Trader no regulado,5,3,"CHVC,ECTC,ENDC,ISGC,SOEC",0.0,43.41,0.005,0.947,1.0,71.4,0,0.0,43.79,44.3,0,3.1,0.0,1,1
2019-06-09,2019-09-06,2019-09-07,2019-09-13,PEQUEÑO,Trader no regulado,9,7,"CMXC,ITLC,GECC,PRIC,RPEC,RQEC,LESC,ECGC,ESPC",-129.96,-95.9,0.005,0.961,0.0,0.0,1,727.43,-104.85,-116.92,0,2.0,7.63,0,0
2019-06-09,2019-09-06,2019-09-07,2019-09-13,PEQUEÑO,Trader expuesto a bolsa (sin cobertura),5,4,"HIMC,TPLC,RPEC,ECGC,GSAC",50.3,28.8,0.4279,0.319,0.89,71.4,0,6.36,-5.5,-51.79,0,2.0,50.83,0,0
2019-07-09,2019-10-06,2019-10-07,2019-10-13,PEQUEÑO,Comercializador regulado,10,6,"EPTC,CTIC,EGVC,ASCC,CETC,ENIC,CQTC,EBPC,EVSC,EDPC",11.86,34.07,0.005,0.831,0.987,100.0,0,0.0,33.46,32.62,0,2.1,1.23,1,1
2019-07-09,2019-10-06,2019-10-07,2019-10-13,MEDIANO,Comercializador regulado,10,4,"EMIC,CNSC,EDQC,ESSC,CHCC,EMSC,EBSC,CASC,EPSC,CDNC",2.71,31.67,0.005,0.694,0.992,100.0,0,0.0,30.96,30.0,0,3.2,1.37,1,1
2019-07-09,2019-10-06,2019-10-07,2019-10-13,MEDIANO,Trader no regulado,5,1,"CHVC,ECTC,ENDC,ISGC,SOEC",0.0,42.41,0.005,0.949,0.998,100.0,0,0.0,42.39,42.36,0,3.2,0.0,0,0
2019-07-09,2019-10-06,2019-10-07,2019-10-13,PEQUEÑO,Trader no regulado,9,7,"CMXC,GECC,PRIC,ITLC,RPEC,RQEC,LESC,ECGC,ESPC",-185.94,-149.76,0.005,1.052,0.0,0.0,1,1054.76,-152.84,-156.99,0,2.1,11.27,0,0
2019-07-09,2019-10-06,2019-10-07,2019-10-13,GRANDE,Comercializador regulado,3,1,"EDIC,CDSC,EPMC",0.0,27.31,0.01,0.583,1.0,14.3,0,0.0,25.74,23.63,1,30.1,0.82,0,0
2019-07-09,2019-10-06,2019-10-07,2019-10-13,PEQUEÑO,Trader expuesto a bolsa (sin cobertura),2,1,"HIMC,TPLC",41.13,-111.53,0.8209,-1.659,0.0,0.0,1,761.88,-129.81,-154.47,0,2.1,12.5,0,0
2019-08-08,2019-11-05,2019-11-06,2019-11-12,PEQUEÑO,Comercializador regulado,10,8,"ASCC,CETC,EGVC,EPTC,CTIC,ENIC,CQTC,EVSC,EBPC,DLRC",15.46,35.07,0.005,0.925,1.0,100.0,0,0.0,35.26,35.52,0,2.1,0.37,1,1
2019-08-08,2019-11-05,2019-11-06,2019-11-12,MEDIANO,Comercializador regulado,10,6,"EPSC,EDQC,CHCC,ESSC,CNSC,EBSC,EMIC,EMSC,CASC,CDNC",1.17,36.31,0.005,0.899,1.0,100.0,0,0.0,34.91,33.03,0,3.2,1.93,1,1
2019-08-08,2019-11-05,2019-11-06,2019-11-12,GRANDE,Comercializador regulado,3,1,"EPMC,CDSC,EDIC",0.0,34.75,0.005,0.87,1.0,28.6,0,0.0,32.35,29.1,1,30.4,0.64,0,0
2019-08-08,2019-11-05,2019-11-06,2019-11-12,PEQUEÑO,Trader no regulado,9,7,"GECC,PRIC,ITLC,CMXC,RPEC,RQEC,LESC,ECGC,ESPC",-188.51,-133.72,0.005,1.038,0.0,0.0,1,936.93,-137.52,-142.64,0,2.1,12.45,0,0
2019-08-08,2019-11-05,2019-11-06,2019-11-12,MEDIANO,Trader no regulado,5,3,"ENDC,ISGC,SOEC,ECTC,CHVC",5.61,41.74,0.0846,0.965,1.0,100.0,0,0.0,41.82,41.93,0,3.2,0.0,0,0
2019-08-08,2019-11-05,2019-11-06,2019-11-12,PEQUEÑO,Trader expuesto a bolsa (sin cobertura),3,2,"HIMC,TPLC,RPEC",0.0,-12.27,0.9403,-0.596,0.0,0.0,0,114.04,-43.18,-84.9,0,2.1,0.0,0,0
2019-09-07,2019-12-05,2019-12-06,2019-12-12,PEQUEÑO,Comercializador regulado,10,8,"ASCC,CETC,EGVC,ENIC,EPTC,CTIC,CQTC,EVSC,EDPC,EMPC",21.09,34.62,0.005,0.967,1.0,100.0,0,0.0,34.91,35.29,0,2.3,3.54,1,1
2019-09-07,2019-12-05,2019-12-06,2019-12-12,MEDIANO,Trader no regulado,5,3,"ENDC,ISGC,SOEC,CHVC,ECTC",8.72,41.87,0.005,0.985,1.0,100.0,0,0.0,41.94,42.03,0,3.2,0.0,1,1
2019-09-07,2019-12-05,2019-12-06,2019-12-12,MEDIANO,Comercializador regulado,10,9,"EPSC,EDQC,CHCC,ESSC,EBSC,CNSC,CASC,CDNC,EMIC,EPIC",1.55,35.48,0.005,0.952,1.0,100.0,0,0.0,34.15,32.36,0,3.2,1.43,1,1
2019-09-07,2019-12-05,2019-12-06,2019-12-12,GRANDE,Comercializador regulado,3,1,"EPMC,CDSC,EDIC",0.0,32.91,0.005,0.926,1.0,100.0,0,0.0,30.7,27.72,1,30.3,4.43,0,0
2019-09-07,2019-12-05,2019-12-06,2019-12-12,PEQUEÑO,Trader no regulado,9,7,"GECC,PRIC,ITLC,CMXC,RPEC,RQEC,LESC,ECGC,ESPC",-205.0,-130.34,0.005,1.027,0.0,0.0,1,916.54,-134.49,-140.1,0,2.3,10.44,0,0
2019-09-07,2019-12-05,2019-12-06,2019-12-12,PEQUEÑO,Trader expuesto a bolsa (sin cobertura),4,3,"EMPC,RPEC,HIMC,TPLC",-12.26,-40.8,0.398,4.401,0.0,0.0,0,304.11,-68.67,-106.29,0,2.3,25.0,0,0
2019-10-07,2020-01-04,2020-01-05,2020-01-11,PEQUEÑO,Comercializador regulado,10,9,"ASCC,CETC,EGVC,ENIC,CTIC,EPTC,EVSC,EDPC,CQTC,EMPC",20.1,33.24,0.005,0.903,0.999,85.7,0,0.0,33.86,34.69,0,2.3,0.61,1,1
2019-10-07,2020-01-04,2020-01-05,2020-01-11,MEDIANO,Comercializador regulado,10,10,"EPSC,EDQC,CHCC,EBSC,ESSC,CASC,CNSC,EMIC,HLAC,CDNC",1.3,34.21,0.005,0.916,1.0,85.7,0,0.0,33.31,32.09,0,3.2,3.15,1,1
2019-10-07,2020-01-04,2020-01-05,2020-01-11,GRANDE,Comercializador regulado,3,1,"EPMC,CDSC,EDIC",0.0,32.67,0.005,0.925,1.0,0.0,0,0.0,30.52,27.62,1,30.2,1.62,0,0
2019-10-07,2020-01-04,2020-01-05,2020-01-11,PEQUEÑO,Trader no regulado,9,7,"PRIC,GECC,ITLC,CMXC,LESC,RPEC,RQEC,ECGC,ESPC",-496.69,-213.7,0.005,1.051,0.0,0.0,1,1496.76,-208.96,-202.55,0,2.3,46.75,0,0
2019-10-07,2020-01-04,2020-01-05,2020-01-11,MEDIANO,Trader no regulado,5,4,"ENDC,ISGC,SOEC,CHVC,ECTC",7.76,38.5,0.01,0.913,0.999,100.0,0,0.0,38.93,39.5,0,3.2,0.01,1,1
2019-10-07,2020-01-04,2020-01-05,2020-01-11,PEQUEÑO,Trader expuesto a bolsa (sin cobertura),4,3,"EMPC,RPEC,HIMC,TPLC",-6.82,-5.13,0.5075,0.71,0.041,0.0,0,118.29,-36.8,-79.54,0,2.3,25.0,0,0
2019-11-06,2020-02-03,2020-02-04,2020-02-10,PEQUEÑO,Comercializador regulado,10,9,"ASCC,CETC,EGVC,ENIC,EVSC,EDPC,CTIC,CQTC,EPTC,EBPC",28.36,29.63,0.005,0.856,1.0,100.0,0,0.0,29.68,29.74,0,2.3,4.64,1,1
2019-11-06,2020-02-03,2020-02-04,2020-02-10,MEDIANO,Trader no regulado,5,4,"ENDC,ISGC,SOEC,CHVC,ECTC",3.06,38.31,0.005,0.919,1.0,100.0,0,0.0,38.11,37.84,0,3.2,0.03,1,1
2019-11-06,2020-02-03,2020-02-04,2020-02-10,MEDIANO,Comercializador regulado,10,4,"EPSC,CHCC,EDQC,EBSC,ESSC,CNSC,CASC,EMIC,CDNC,HLAC",1.91,27.08,0.005,0.792,0.96,100.0,0,0.0,23.77,19.3,0,3.2,3.25,1,1
2019-11-06,2020-02-03,2020-02-04,2020-02-10,GRANDE,Comercializador regulado,3,2,"EPMC,CDSC,EDIC",0.0,21.69,0.005,0.68,1.0,100.0,0,0.0,19.69,16.99,1,29.8,2.71,0,0
2019-11-06,2020-02-03,2020-02-04,2020-02-10,PEQUEÑO,Trader no regulado,10,9,"GECC,PRIC,CBNC,ITLC,TPLC,CMXC,LESC,RQEC,RPEC,ESPC",-26.36,9.73,0.005,0.586,0.002,71.4,0,235.39,-11.38,-39.88,0,2.3,8.73,0,0
2019-11-06,2020-02-03,2020-02-04,2020-02-10,PEQUEÑO,Trader expuesto a bolsa (sin cobertura),7,2,"TPLC,EMPC,HIMC,RPEC,FREC,CTIC,ECGC",-27.38,-123.76,0.2139,3.905,0.0,0.0,1,861.49,-146.37,-176.89,0,2.3,25.0,0,0
2019-12-06,2020-03-04,2020-03-05,2020-03-11,PEQUEÑO,Comercializador regulado,10,9,"ASCC,CETC,EVSC,CQTC,ENIC,EBPC,EDPC,CTIC,DLRC,EGVC",37.23,31.1,0.005,1.011,0.995,100.0,0,0.0,29.95,28.4,0,2.3,2.79,1,1
2019-12-06,2020-03-04,2020-03-05,2020-03-11,MEDIANO,Trader no regulado,5,4,"ENDC,ISGC,SOEC,ECTC,CHVC",12.5,38.61,0.005,0.998,1.0,100.0,0,0.0,38.57,38.52,0,3.2,0.0,1,1
2019-12-06,2020-03-04,2020-03-05,2020-03-11,MEDIANO,Comercializador regulado,10,4,"EPSC,EBSC,CNSC,CDNC,EDQC,CHCC,ESSC,EMIC,EMSC,HLAC",5.25,24.41,0.005,1.009,0.861,100.0,0,0.0,20.5,15.23,0,3.2,2.59,0,0
2019-12-06,2020-03-04,2020-03-05,2020-03-11,GRANDE,Comercializador regulado,3,2,"EPMC,CDSC,EDIC",0.0,18.9,0.005,1.032,0.958,100.0,0,0.0,15.14,10.07,1,30.6,2.2,0,0
2019-12-06,2020-03-04,2020-03-05,2020-03-11,PEQUEÑO,Trader no regulado,10,8,"GECC,RQEC,PRIC,CBNC,ITLC,TPLC,FREC,CMXC,LESC,ESPC",-6.88,-65.2,0.005,0.978,0.0,0.0,1,680.34,-81.95,-104.57,0,2.3,10.81,0,0
2019-12-06,2020-03-04,2020-03-05,2020-03-11,PEQUEÑO,Trader expuesto a bolsa (sin cobertura),8,1,"FREC,TPLC,EMPC,HIMC,RPEC,CTIC,TRPC,ECGC",-89.95,-93.92,0.005,0.969,0.0,0.0,1,786.57,-119.71,-154.51,0,2.3,25.0,0,0
2020-01-05,2020-04-03,2020-04-04,2020-04-10,PEQUEÑO,Comercializador regulado,10,8,"ASCC,CETC,EVSC,EBPC,ENIC,CQTC,EDPC,DLRC,PEEC,EGVC",40.17,30.12,0.005,1.073,0.957,100.0,0,0.0,28.63,26.63,0,2.2,0.87,1,1
2020-01-05,2020-04-03,2020-04-04,2020-04-10,MEDIANO,Trader no regulado,5,3,"ENDC,ISGC,SOEC,ECTC,CHVC",7.21,37.63,0.005,0.981,0.979,100.0,0,0.0,37.7,37.79,0,3.2,0.0,1,1
2020-01-05,2020-04-03,2020-04-04,2020-04-10,MEDIANO,Comercializador regulado,10,4,"EPSC,EBSC,CNSC,CDNC,ESSC,CHCC,EDQC,EMIC,EMSC,EPIC",5.37,32.57,0.005,1.478,1.0,71.4,0,0.0,27.67,21.05,0,3.2,4.0,1,1
2020-01-05,2020-04-03,2020-04-04,2020-04-10,GRANDE,Comercializador regulado,3,2,"EPMC,CDSC,EDIC",0.0,32.02,0.005,1.616,1.0,100.0,0,0.0,26.9,19.98,1,30.7,3.99,0,0
2020-01-05,2020-04-03,2020-04-04,2020-04-10,PEQUEÑO,Trader no regulado,9,8,"GECC,RQEC,CBNC,ITLC,TPLC,FREC,CMXC,LESC,ESPC",-10.51,-84.02,0.005,0.644,0.0,0.0,1,552.14,-100.07,-121.74,0,2.2,16.25,0,0
2020-01-05,2020-04-03,2020-04-04,2020-04-10,PEQUEÑO,Trader expuesto a bolsa (sin cobertura),7,3,"FREC,CTIC,EMPC,HIMC,RPEC,TRPC,ECGC",-82.68,4.45,0.0348,-0.045,0.83,42.9,0,4.3,-31.8,-80.73,0,2.2,25.0,0,0
2020-02-04,2020-05-03,2020-05-04,2020-05-10,PEQUEÑO,Comercializador regulado,10,8,"ASCC,CETC,EVSC,ENIC,EDPC,EBPC,CQTC,EGVC,DLRC,EPTC",33.13,32.48,0.005,1.012,0.921,100.0,0,0.0,30.18,27.08,0,2.2,0.2,0,0
2020-02-04,2020-05-03,2020-05-04,2020-05-10,MEDIANO,Comercializador regulado,10,5,"EPSC,EBSC,CNSC,ESSC,CHCC,CDNC,EDQC,EMIC,EMSC,EPIC",2.26,30.36,0.005,1.096,0.992,85.7,0,0.0,25.42,18.76,0,3.4,2.3,1,1
2020-02-04,2020-05-03,2020-05-04,2020-05-10,GRANDE,Comercializador regulado,3,2,"EPMC,CDSC,EDIC",0.0,27.87,0.005,1.172,1.0,14.3,0,0.0,23.06,16.56,1,31.7,5.91,0,0
2020-02-04,2020-05-03,2020-05-04,2020-05-10,PEQUEÑO,Trader no regulado,9,8,"GECC,RQEC,CBNC,ITLC,TPLC,FREC,CMXC,LESC,ESPC",-6.27,-56.43,0.005,0.819,0.0,0.0,0,387.8,-76.16,-102.79,0,2.2,4.29,0,0
2020-02-04,2020-05-03,2020-05-04,2020-05-10,MEDIANO,Trader no regulado,5,3,"ENDC,ISGC,ECTC,SOEC,CHVC",-6.59,37.93,0.005,0.995,1.0,100.0,0,0.0,37.95,37.98,0,3.4,0.0,1,1
2020-02-04,2020-05-03,2020-05-04,2020-05-10,PEQUEÑO,Trader expuesto a bolsa (sin cobertura),6,3,"EMPC,HIMC,RPEC,CTIC,TRPC,ECGC",-60.4,-34.78,0.1841,0.463,0.0,0.0,0,224.34,-66.86,-110.16,0,2.2,25.0,0,0
2020-03-05,2020-06-02,2020-06-03,2020-06-09,PEQUEÑO,Comercializador regulado,10,7,"ASCC,CETC,EVSC,EGVC,ENIC,EDPC,EBPC,DLRC,EPTC,EMEC",41.62,30.69,0.005,0.978,0.845,100.0,0,0.0,30.73,30.78,0,1.9,0.53,0,0
2020-03-05,2020-06-02,2020-06-03,2020-06-09,MEDIANO,Trader no regulado,5,4,"ENDC,ISGC,ECTC,SOEC,CHVC",0.91,38.71,0.005,1.016,0.911,100.0,0,0.0,38.62,38.49,0,3.6,0.0,0,0
2020-03-05,2020-06-02,2020-06-03,2020-06-09,MEDIANO,Comercializador regulado,10,4,"EPSC,CNSC,ESSC,EMSC,EMIC,CHCC,EBSC,EDQC,EPIC,CASC",0.41,27.43,0.005,0.906,0.999,0.0,0,0.0,26.08,24.26,0,3.6,2.68,0,0
2020-03-05,2020-06-02,2020-06-03,2020-06-09,GRANDE,Comercializador regulado,3,3,"EPMC,CDSC,EDIC",0.0,28.96,0.005,0.927,0.986,0.0,0,0.0,28.31,27.43,1,30.0,2.04,0,0
2020-03-05,2020-06-02,2020-06-03,2020-06-09,PEQUEÑO,Trader no regulado,10,8,"GECC,RQEC,CBNC,ITLC,TPLC,FREC,CMXC,TRPC,LESC,ESPC",-2.39,-41.03,0.005,1.343,0.0,71.4,0,329.91,-49.37,-60.64,0,1.9,4.89,0,0
2020-03-05,2020-06-02,2020-06-03,2020-06-09,PEQUEÑO,Trader expuesto a bolsa (sin cobertura),6,2,"EMPC,HIMC,CTIC,RPEC,VESC,ECGC",-24.72,-102.59,0.398,1.95,0.0,0.0,1,790.47,-122.4,-149.12,0,1.9,21.43,0,0
2020-04-04,2020-07-02,2020-07-03,2020-07-09,PEQUEÑO,Comercializador regulado,10,7,"ASCC,CETC,EVSC,EGVC,ENIC,EDQC,EDPC,DLRC,EBPC,EPTC",37.45,35.04,0.005,1.074,1.0,71.4,0,0.0,34.72,34.29,0,1.7,0.38,1,1
2020-04-04,2020-07-02,2020-07-03,2020-07-09,MEDIANO,Trader no regulado,5,4,"ENDC,ISGC,ECTC,CHVC,SOEC",1.3,39.0,0.005,1.017,1.0,57.1,0,0.0,38.9,38.77,0,3.7,0.0,0,0
2020-04-04,2020-07-02,2020-07-03,2020-07-09,MEDIANO,Comercializador regulado,10,10,"EPSC,ESSC,EMSC,CNSC,EPIC,EMIC,CHCC,CASC,EBSC,HLAC",0.85,39.33,0.005,1.175,0.997,85.7,0,0.0,37.84,35.83,0,3.7,2.58,1,1
2020-04-04,2020-07-02,2020-07-03,2020-07-09,GRANDE,Comercializador regulado,3,3,"EPMC,CDSC,EDIC",0.0,39.01,0.005,1.155,1.0,28.6,0,0.0,37.85,36.29,1,28.7,1.33,0,0
2020-04-04,2020-07-02,2020-07-03,2020-07-09,PEQUEÑO,Trader no regulado,10,9,"GECC,RQEC,CBNC,ITLC,TPLC,FREC,VESC,CMXC,LESC,TRPC",-0.58,19.29,0.005,2.081,0.991,14.3,0,0.0,10.72,-0.84,0,1.7,4.27,0,0
2020-04-04,2020-07-02,2020-07-03,2020-07-09,PEQUEÑO,Trader expuesto a bolsa (sin cobertura),5,3,"EMPC,HIMC,RPEC,VESC,ECGC",-10.34,55.96,0.4726,-2.025,0.98,100.0,0,0.0,30.28,-4.38,0,1.7,0.0,0,0
2020-05-04,2020-08-01,2020-08-02,2020-08-08,PEQUEÑO,Comercializador regulado,10,8,"EGVC,ASCC,CETC,EVSC,EDPC,ENIC,DLRC,EPTC,EBPC,EMEC",31.02,34.63,0.005,0.989,0.829,42.9,0,0.0,34.5,34.32,0,2.2,0.83,0,0
2020-05-04,2020-08-01,2020-08-02,2020-08-08,MEDIANO,Comercializador regulado,10,5,"EPSC,ESSC,EDQC,CNSC,EMSC,CHCC,EPIC,EMIC,CASC,EBSC",1.77,40.06,0.005,1.126,0.947,100.0,0,0.0,38.92,37.38,0,3.3,1.57,0,0
2020-05-04,2020-08-01,2020-08-02,2020-08-08,GRANDE,Comercializador regulado,3,2,"EPMC,CDSC,EDIC",0.0,38.4,0.005,1.074,0.98,14.3,0,0.0,37.59,36.5,1,29.4,0.99,0,0
2020-05-04,2020-08-01,2020-08-02,2020-08-08,PEQUEÑO,Trader no regulado,10,9,"GECC,RQEC,CBNC,ITLC,TPLC,FREC,VESC,CMXC,LESC,ESPC",-6.28,9.34,0.005,-0.359,0.911,0.0,0,0.0,1.54,-8.99,0,2.2,3.0,0,0
2020-05-04,2020-08-01,2020-08-02,2020-08-08,MEDIANO,Trader no regulado,5,4,"ENDC,ISGC,ECTC,CHVC,SOEC",3.29,37.94,0.0199,0.98,1.0,0.0,0,0.0,37.94,37.94,0,3.3,0.0,0,0
2020-05-04,2020-08-01,2020-08-02,2020-08-08,PEQUEÑO,Trader expuesto a bolsa (sin cobertura),6,3,"FREC,EMPC,HIMC,RPEC,ECGC,VESC",0.0,72.89,0.0249,61.252,0.99,100.0,0,0.0,50.27,19.74,0,2.2,0.0,1,1
2020-05-04,2020-08-01,2020-08-02,2020-08-08,PEQUEÑO,Integrado/regional regulado,1,1,PEEC,-257.17,-229.5,0.5572,1.005,1.0,0.0,1,1612.03,-231.22,-233.53,0,2.2,2.78,0,0
2020-06-03,2020-08-31,2020-09-01,2020-09-07,PEQUEÑO,Comercializador regulado,10,8,"EDPC,EGVC,ASCC,CETC,EVSC,ENIC,DLRC,EPTC,EBPC,EMEC",5.83,34.27,0.005,0.964,1.0,14.3,0,0.0,34.38,34.54,0,2.1,1.12,0,0
2020-06-03,2020-08-31,2020-09-01,2020-09-07,MEDIANO,Comercializador regulado,10,6,"EDQC,CNSC,ESSC,CHCC,EMSC,CASC,EMIC,EPIC,EPSC,EBSC",1.75,39.64,0.005,0.993,0.999,100.0,0,0.0,38.58,37.15,0,3.2,1.13,1,1
2020-06-03,2020-08-31,2020-09-01,2020-09-07,GRANDE,Comercializador regulado,3,2,"EDIC,EPMC,CDSC",0.0,37.99,0.005,0.992,1.0,0.0,0,0.0,37.25,36.26,1,29.7,0.57,0,0
2020-06-03,2020-08-31,2020-09-01,2020-09-07,MEDIANO,Trader no regulado,5,4,"CHVC,ECTC,ENDC,ISGC,SOEC",0.0,37.86,0.005,0.984,0.995,0.0,0,0.0,37.87,37.88,0,3.2,0.0,0,0
2020-06-03,2020-08-31,2020-09-01,2020-09-07,PEQUEÑO,Trader no regulado,10,9,"ITLC,TPLC,CBNC,GECC,RQEC,VESC,CMXC,LESC,ESPC,TRPC",-51.28,1.28,0.005,0.977,0.943,0.0,0,0.0,-1.49,-5.22,0,2.1,6.03,0,0
2020-06-03,2020-08-31,2020-09-01,2020-09-07,PEQUEÑO,Trader expuesto a bolsa (sin cobertura),7,1,"NEUC,FREC,EMPC,HIMC,RPEC,DLRC,ECGC",30.11,65.13,0.0945,1.048,1.0,100.0,0,0.0,43.33,13.92,0,2.1,0.42,0,0
2020-06-03,2020-08-31,2020-09-01,2020-09-07,PEQUEÑO,Integrado/regional regulado,1,1,PEEC,-260.17,-228.84,0.597,1.011,1.0,0.0,1,1603.11,-230.63,-233.04,0,2.1,3.69,0,0
2020-07-03,2020-09-30,2020-10-01,2020-10-07,MEDIANO,Comercializador regulado,10,10,"CHCC,CASC,CNSC,EDQC,EMSC,ESSC,EMIC,EPIC,EPSC,EBSC",2.41,40.1,0.005,0.986,0.972,42.9,0,0.0,38.41,36.14,0,3.2,1.95,0,0
2020-07-03,2020-09-30,2020-10-01,2020-10-07,GRANDE,Comercializador regulado,3,3,"EDIC,EPMC,CDSC",0.0,38.07,0.005,0.984,0.998,0.0,0,0.0,37.11,35.8,1,30.0,8.57,0,0
2020-07-03,2020-09-30,2020-10-01,2020-10-07,MEDIANO,Trader no regulado,5,4,"CHVC,ECTC,ENDC,ISGC,SOEC",0.0,37.48,0.005,0.985,1.0,0.0,0,0.0,37.53,37.59,0,3.2,0.0,0,0
2020-07-03,2020-09-30,2020-10-01,2020-10-07,PEQUEÑO,Comercializador regulado,10,8,"ENIC,EGVC,EDPC,ASCC,CETC,EVSC,EPTC,EBPC,EMEC,ETTC",0.0,35.75,0.005,0.983,0.944,14.3,0,0.0,35.57,35.33,0,2.1,0.72,0,0
2020-07-03,2020-09-30,2020-10-01,2020-10-07,PEQUEÑO,Trader no regulado,10,9,"TPLC,ITLC,CBNC,GECC,RQEC,VESC,CMXC,LESC,TRPC,ESPC",-38.86,8.26,0.005,0.934,0.983,0.0,0,0.0,3.11,-3.84,0,2.1,11.18,0,0
2020-07-03,2020-09-30,2020-10-01,2020-10-07,PEQUEÑO,Integrado/regional regulado,2,2,"NMRC,PEEC",-128.79,-197.0,0.005,1.009,0.0,0.0,1,1377.92,-198.84,-201.32,0,2.1,9.46,0,0
2020-07-03,2020-09-30,2020-10-01,2020-10-07,PEQUEÑO,Trader expuesto a bolsa (sin cobertura),6,1,"EMPC,HIMC,RPEC,NEUC,FREC,DLRC",37.09,74.88,0.2637,1.017,0.993,100.0,0,0.0,47.56,10.69,0,2.1,0.64,0,0
2020-08-02,2020-10-30,2020-10-31,2020-11-06,MEDIANO,Comercializador regulado,10,2,"CASC,CNSC,CHCC,EMSC,EDQC,ESSC,EMIC,CMMC,EPIC,EPSC",2.0,37.16,0.005,0.915,0.968,85.7,0,0.0,34.78,31.56,0,3.3,1.61,0,0
2020-08-02,2020-10-30,2020-10-31,2020-11-06,GRANDE,Comercializador regulado,3,3,"EDIC,EPMC,CDSC",0.0,36.64,0.005,0.941,0.999,0.0,0,0.0,35.28,33.45,1,30.1,7.96,0,0
2020-08-02,2020-10-30,2020-10-31,2020-11-06,MEDIANO,Trader no regulado,5,4,"CHVC,ECTC,ENDC,ISGC,SOEC",0.0,36.99,0.005,0.978,1.0,28.6,0,0.0,37.04,37.11,0,3.3,0.0,0,0
2020-08-02,2020-10-30,2020-10-31,2020-11-06,PEQUEÑO,Comercializador regulado,10,7,"ENIC,EDPC,EGVC,ASCC,CETC,EVSC,EBPC,EMEC,EPTC,CQTC",0.0,33.78,0.005,0.961,0.968,57.1,0,0.0,32.83,31.54,0,2.1,2.54,0,0
2020-08-02,2020-10-30,2020-10-31,2020-11-06,PEQUEÑO,Trader no regulado,10,9,"TPLC,CBNC,VESC,ITLC,GECC,RQEC,CMXC,LESC,TRPC,ESPC",0.0,-5.33,0.005,-2.835,0.0,0.0,0,99.14,-23.38,-47.73,0,2.1,7.87,0,0
2020-08-02,2020-10-30,2020-10-31,2020-11-06,PEQUEÑO,Integrado/regional regulado,3,3,"NMRC,DLRC,PEEC",-4.05,-169.15,0.3831,1.023,0.007,0.0,1,1000.87,-151.55,-127.79,0,2.1,20.01,0,0
2020-08-02,2020-10-30,2020-10-31,2020-11-06,PEQUEÑO,Trader expuesto a bolsa (sin cobertura),6,2,"EMPC,HIMC,NEUC,RPEC,FREC,DLRC",32.56,38.83,0.6766,0.572,0.994,71.4,0,0.0,15.28,-16.5,0,2.1,6.66,0,0
2020-09-01,2020-11-29,2020-11-30,2020-12-06,MEDIANO,Comercializador regulado,10,3,"EDIC,CMMC,CNSC,CASC,EMSC,CHCC,EMIC,EDQC,ESSC,EPIC",1.38,44.53,0.005,1.095,0.988,28.6,0,0.0,41.32,36.98,0,2.2,2.37,0,0
2020-09-01,2020-11-29,2020-11-30,2020-12-06,PEQUEÑO,Comercializador regulado,10,7,"ENIC,EDPC,EGVC,ASCC,CETC,EVSC,EBPC,EMEC,EPTC,ETTC",0.0,34.41,0.005,1.034,0.966,14.3,0,0.0,33.0,31.11,0,2.2,0.73,0,0
2020-09-01,2020-11-29,2020-11-30,2020-12-06,PEQUEÑO,Trader no regulado,10,8,"VESC,CBNC,TPLC,ITLC,GECC,RQEC,CMXC,LESC,TRPC,ESPC",0.0,3.95,0.005,-0.947,0.839,0.0,0,0.0,-6.78,-21.25,0,2.2,3.21,0,0
2020-09-01,2020-11-29,2020-11-30,2020-12-06,MEDIANO,Trader no regulado,5,3,"CHVC,ECTC,ENDC,ISGC,SOEC",-0.58,38.01,0.005,1.016,0.98,0.0,0,0.0,37.89,37.73,0,2.2,0.03,0,0
2020-09-01,2020-11-29,2020-11-30,2020-12-06,PEQUEÑO,Integrado/regional regulado,3,3,"NMRC,DLRC,PEEC",-6.47,25.29,0.4876,1.054,0.997,0.0,0,0.0,21.16,15.58,0,2.2,5.6,0,0
2020-09-01,2020-11-29,2020-11-30,2020-12-06,GRANDE,Comercializador regulado,2,1,"EPMC,CDSC",-0.57,41.07,0.8308,1.055,1.0,0.0,0,0.0,39.34,37.01,1,49.1,8.25,0,0
2020-09-01,2020-11-29,2020-11-30,2020-12-06,PEQUEÑO,Trader expuesto a bolsa (sin cobertura),6,2,"EMPC,HIMC,NEUC,RPEC,DLRC,FREC",27.74,94.49,0.9303,1.466,0.999,100.0,0,0.0,64.49,24.01,0,2.2,6.65,0,0
2020-10-01,2020-12-29,2020-12-30,2021-01-05,MEDIANO,Comercializador regulado,10,2,"CDNC,CMMC,EDQC,CASC,EMIC,CNSC,EMSC,CHCC,ESSC,EPIC",0.99,40.32,0.005,1.039,0.998,100.0,0,0.0,37.35,33.35,0,2.2,1.46,0,0
2020-10-01,2020-12-29,2020-12-30,2021-01-05,PEQUEÑO,Comercializador regulado,10,8,"EDPC,ENIC,EGVC,NMRC,EMPC,ASCC,CETC,EVSC,EBPC,DLRC",0.99,30.27,0.005,0.901,1.0,57.1,0,0.0,29.81,29.2,0,2.2,0.28,0,0
2020-10-01,2020-12-29,2020-12-30,2021-01-05,PEQUEÑO,Trader no regulado,10,8,"VESC,TPLC,CBNC,ITLC,GECC,RQEC,CMXC,LESC,TRPC,ESPC",0.86,-2.35,0.005,0.46,0.0,0.0,0,15.36,-11.5,-23.85,0,2.2,34.49,0,0
2020-10-01,2020-12-29,2020-12-30,2021-01-05,MEDIANO,Trader no regulado,5,3,"CHVC,ECTC,ENDC,ISGC,SOEC",-0.45,33.38,0.005,0.896,1.0,0.0,0,0.0,33.75,34.26,0,2.2,0.01,0,0
2020-10-01,2020-12-29,2020-12-30,2021-01-05,GRANDE,Comercializador regulado,2,1,"EPMC,CDSC",-0.28,36.26,0.7761,0.956,1.0,14.3,0,0.0,35.07,33.45,1,48.9,7.3,0,0
2020-10-01,2020-12-29,2020-12-30,2021-01-05,PEQUEÑO,Trader expuesto a bolsa (sin cobertura),5,1,"HIMC,NEUC,RPEC,EMPC,FREC",15.02,73.29,0.9751,1.453,1.0,100.0,0,0.0,45.55,8.11,0,2.2,0.0,0,0
2020-10-31,2021-01-28,2021-01-29,2021-02-04,PEQUEÑO,Trader no regulado,10,7,"VESC,GAPC,TPLC,CBNC,ITLC,GECC,RQEC,FREC,CMXC,LESC",1.94,-21.89,0.005,-5.776,0.0,0.0,0,196.64,-28.38,-37.13,0,2.2,4.07,0,0
2020-10-31,2021-01-28,2021-01-29,2021-02-04,MEDIANO,Comercializador regulado,10,6,"CMMC,EDQC,EMIC,CNSC,CASC,EMSC,CDNC,ESSC,CHCC,EPIC",0.96,27.79,0.005,0.709,1.0,71.4,0,0.0,25.47,22.35,0,2.2,3.17,1,1
2020-10-31,2021-01-28,2021-01-29,2021-02-04,PEQUEÑO,Comercializador regulado,10,8,"EDPC,ENIC,EGVC,ASCC,CETC,EVSC,EBPC,EPTC,EMEC,CQTC",0.86,22.76,0.005,0.692,1.0,71.4,0,0.0,21.84,20.6,0,2.2,0.59,1,1
2020-10-31,2021-01-28,2021-01-29,2021-02-04,PEQUEÑO,Comercializador mixto con convocatoria,7,6,"ENIC,CQTC,EMPC,NMRC,DLRC,PEEC,RTQC",0.0,11.72,0.005,0.575,1.0,28.6,0,0.0,10.9,9.78,0,2.2,3.29,0,0
2020-10-31,2021-01-28,2021-01-29,2021-02-04,MEDIANO,Trader no regulado,5,4,"ECTC,CHVC,ENDC,ISGC,SOEC",-1.39,30.15,0.005,0.813,1.0,100.0,0,0.0,30.36,30.64,0,2.2,0.03,1,1
2020-10-31,2021-01-28,2021-01-29,2021-02-04,PEQUEÑO,Trader expuesto a bolsa (sin cobertura),5,3,"EMPC,HIMC,NEUC,RPEC,FREC",25.88,15.99,0.5672,0.269,0.38,28.6,0,42.06,-6.37,-36.55,0,2.2,0.0,0,0
2020-10-31,2021-01-28,2021-01-29,2021-02-04,MEDIANO,Comercializador mixto con convocatoria,1,1,GNCC,-88.56,-62.69,0.6219,1.381,1.0,0.0,0,431.68,-65.98,-70.43,0,2.2,3.95,0,0
2020-10-31,2021-01-28,2021-01-29,2021-02-04,GRANDE,Comercializador regulado,2,2,"CDSC,EPMC",-0.03,28.86,0.8109,0.767,1.0,85.7,0,0.0,27.79,26.34,1,48.8,11.44,0,0
2020-11-30,2021-02-27,2021-02-28,2021-03-06,PEQUEÑO,Comercializador regulado,10,6,"EDPC,EPIC,EGVC,ENIC,ASCC,CETC,EVSC,EBPC,EPTC,CQTC",3.87,24.97,0.005,0.816,0.827,85.7,0,0.0,24.8,24.58,0,2.1,1.46,0,0
2020-11-30,2021-02-27,2021-02-28,2021-03-06,PEQUEÑO,Integrado/regional regulado,7,6,"ENIC,DLRC,CQTC,EMPC,RTQC,PEEC,NMRC",3.27,12.19,0.005,0.643,1.0,0.0,0,0.0,11.23,9.94,0,2.1,2.49,0,0
2020-11-30,2021-02-27,2021-02-28,2021-03-06,PEQUEÑO,Trader no regulado,10,7,"VESC,GAPC,CBNC,ITLC,GECC,TPLC,FREC,CMXC,LESC,RQEC",3.0,-5.69,0.005,-2.485,0.0,0.0,0,80.87,-16.11,-30.18,0,2.1,7.1,0,0
2020-11-30,2021-02-27,2021-02-28,2021-03-06,MEDIANO,Comercializador regulado,10,1,"CASC,ESSC,CHCC,EDQC,CNSC,HLAC,EMSC,EMIC,EPSC,CDNC",0.59,29.71,0.005,0.804,1.0,71.4,0,0.0,25.78,20.47,0,2.6,1.82,0,0
2020-11-30,2021-02-27,2021-02-28,2021-03-06,GRANDE,Comercializador regulado,3,1,"CMMC,CDSC,EPMC",0.0,29.47,0.005,0.803,1.0,14.3,0,0.0,24.05,16.74,1,33.1,3.8,0,0
2020-11-30,2021-02-27,2021-02-28,2021-03-06,MEDIANO,Trader no regulado,5,4,"CHVC,ECTC,ENDC,ISGC,SOEC",0.0,27.92,0.005,0.84,0.911,28.6,0,0.0,28.15,28.45,0,2.6,0.01,0,0
2020-11-30,2021-02-27,2021-02-28,2021-03-06,PEQUEÑO,Trader expuesto a bolsa (sin cobertura),4,2,"FREC,HIMC,NEUC,RPEC",11.59,40.01,0.1194,0.971,1.0,100.0,0,0.0,10.09,-30.3,0,2.1,25.0,0,0
2020-11-30,2021-02-27,2021-02-28,2021-03-06,MEDIANO,Integrado/regional regulado,1,1,GNCC,-92.81,-64.47,0.5871,1.285,1.0,0.0,0,445.84,-69.43,-76.12,0,2.6,3.65,0,0
2020-12-30,2021-03-29,2021-03-30,2021-04-05,PEQUEÑO,Trader expuesto a bolsa (sin cobertura),4,1,"GNYC,HIMC,NEUC,RPEC",22.22,71.8,0.005,1.477,0.949,100.0,0,0.0,33.23,-18.83,0,2.2,25.0,0,0
2020-12-30,2021-03-29,2021-03-30,2021-04-05,PEQUEÑO,Comercializador regulado,10,7,"EDPC,ASCC,CETC,EGVC,EVSC,EMEC,EBPC,EPTC,ETTC,RTAC",8.32,25.74,0.005,0.884,1.0,100.0,0,0.0,25.78,25.84,0,2.2,6.48,1,1
2020-12-30,2021-03-29,2021-03-30,2021-04-05,PEQUEÑO,Trader no regulado,10,8,"GECC,GAPC,VESC,CBNC,ITLC,FREC,TPLC,CMXC,LESC,RQEC",3.7,-25.54,0.005,1.009,0.0,14.3,0,184.02,-35.75,-49.52,0,2.2,12.17,0,0
2020-12-30,2021-03-29,2021-03-30,2021-04-05,MEDIANO,Comercializador regulado,10,2,"CSSC,EMIC,CASC,CHCC,ESSC,EMSC,HLAC,EDQC,EBSC,CNSC",0.93,34.13,0.005,1.05,0.917,100.0,0,0.0,27.47,18.48,0,2.5,2.98,0,0
2020-12-30,2021-03-29,2021-03-30,2021-04-05,GRANDE,Comercializador regulado,3,2,"CMMC,CDSC,EPMC",0.0,37.19,0.005,1.102,0.969,57.1,0,0.0,29.38,18.84,1,32.8,1.51,0,0
2020-12-30,2021-03-29,2021-03-30,2021-04-05,MEDIANO,Trader no regulado,5,4,"CHVC,ECTC,ENDC,ISGC,SOEC",-0.92,25.74,0.005,0.857,1.0,0.0,0,0.0,25.97,26.27,0,2.5,0.01,0,0
2020-12-30,2021-03-29,2021-03-30,2021-04-05,PEQUEÑO,Integrado/regional regulado,8,8,"DLRC,ENIC,CQTC,EMPC,RTQC,PEEC,EMEC,NMRC",-175.88,-5.12,0.005,-1.309,0.0,14.3,0,31.83,-4.73,-4.21,0,2.2,27.12,0,0
2020-12-30,2021-03-29,2021-03-30,2021-04-05,MEDIANO,Integrado/regional regulado,1,1,GNCC,-91.58,-56.04,0.5572,1.002,1.0,0.0,0,388.69,-62.98,-72.34,0,2.5,8.35,0,0
2021-01-29,2021-04-28,2021-04-29,2021-05-05,PEQUEÑO,Comercializador regulado,10,7,"EDPC,EGVC,ASCC,CETC,EVSC,EBPC,EPTC,EMEC,RTAC,ETTC",7.11,22.01,0.005,0.792,1.0,100.0,0,0.0,21.97,21.91,0,2.2,4.58,1,1
2021-01-29,2021-04-28,2021-04-29,2021-05-05,PEQUEÑO,Trader no regulado,10,10,"VESC,GAPC,CBNC,GECC,FREC,ITLC,TPLC,CMXC,LESC,ESPC",5.21,-64.49,0.005,1.081,0.0,0.0,0,447.26,-77.28,-94.55,0,2.2,10.92,0,0
2021-01-29,2021-04-28,2021-04-29,2021-05-05,MEDIANO,Comercializador regulado,10,2,"CSSC,EMIC,CASC,CHCC,EMSC,ESSC,HLAC,EBSC,EDQC,CNSC",1.04,32.06,0.005,1.01,1.0,100.0,0,0.0,24.03,13.2,0,2.6,5.73,0,0
2021-01-29,2021-04-28,2021-04-29,2021-05-05,GRANDE,Comercializador regulado,3,2,"CMMC,CDSC,EPMC",0.0,34.49,0.005,1.035,1.0,100.0,0,0.0,25.44,13.22,1,33.0,6.17,0,0
2021-01-29,2021-04-28,2021-04-29,2021-05-05,MEDIANO,Trader no regulado,5,4,"ECTC,CHVC,ENDC,ISGC,SOEC",-2.94,22.01,0.005,0.782,1.0,14.3,0,0.0,22.4,22.94,0,2.6,0.0,0,0
2021-01-29,2021-04-28,2021-04-29,2021-05-05,PEQUEÑO,Integrado/regional regulado,8,8,"ENIC,CQTC,EMPC,DLRC,EMEC,RTQC,PEEC,NMRC",-146.46,-77.16,0.005,1.15,0.0,0.0,1,538.96,-69.48,-59.11,0,2.2,21.43,0,0
2021-01-29,2021-04-28,2021-04-29,2021-05-05,PEQUEÑO,Trader expuesto a bolsa (sin cobertura),4,1,"GNYC,HIMC,NEUC,RPEC",36.65,62.51,0.01,1.135,1.0,100.0,0,0.0,20.0,-37.38,0,2.2,25.0,0,0
2021-01-29,2021-04-28,2021-04-29,2021-05-05,MEDIANO,Integrado/regional regulado,1,1,GNCC,-91.35,-56.93,0.5721,0.997,1.0,0.0,0,413.19,-65.44,-76.92,0,2.6,6.17,0,0
2021-02-28,2021-05-28,2021-05-29,2021-06-04,PEQUEÑO,Comercializador regulado,10,7,"ENIC,EDPC,EGVC,ASCC,CETC,EVSC,EBPC,EPTC,ETTC,RTAC",10.68,21.48,0.005,0.832,1.0,85.7,0,0.0,21.16,20.72,0,2.0,0.32,1,1
2021-02-28,2021-05-28,2021-05-29,2021-06-04,PEQUEÑO,Trader no regulado,10,10,"VESC,GAPC,CBNC,FREC,GECC,ITLC,TPLC,CMXC,LESC,TRPC",4.99,-10.98,0.005,0.533,0.0,0.0,0,135.75,-19.61,-31.26,0,2.0,1.21,0,0
2021-02-28,2021-05-28,2021-05-29,2021-06-04,MEDIANO,Comercializador regulado,10,10,"EMIC,CHCC,EBSC,EDQC,ESSC,EMSC,CASC,CNSC,HLAC,EPSC",1.74,34.32,0.005,1.064,1.0,85.7,0,0.0,27.95,19.35,0,3.2,3.38,1,1
2021-02-28,2021-05-28,2021-05-29,2021-06-04,GRANDE,Comercializador regulado,4,4,"CMMC,CSSC,CDSC,EPMC",-1.16,42.94,0.005,1.16,1.0,71.4,0,0.0,32.02,17.29,1,23.2,7.56,0,0
2021-02-28,2021-05-28,2021-05-29,2021-06-04,MEDIANO,Trader no regulado,5,4,"ECTC,CHVC,ENDC,ISGC,SOEC",-3.35,21.48,0.005,0.831,1.0,0.0,0,0.0,21.93,22.54,0,3.2,0.0,0,0
2021-02-28,2021-05-28,2021-05-29,2021-06-04,PEQUEÑO,Comercializador mixto con convocatoria,8,8,"ENIC,CQTC,EMPC,DLRC,EMEC,RTQC,PEEC,NMRC",-133.91,-111.64,0.005,1.043,0.0,0.0,1,792.99,-101.55,-87.93,0,2.0,8.82,0,0
2021-02-28,2021-05-28,2021-05-29,2021-06-04,PEQUEÑO,Trader expuesto a bolsa (sin cobertura),5,1,"GSAC,GNYC,HIMC,NEUC,RPEC",60.44,113.05,0.0398,1.534,1.0,100.0,0,0.0,65.16,0.52,0,2.0,0.0,0,0
2021-02-28,2021-05-28,2021-05-29,2021-06-04,MEDIANO,Comercializador mixto con convocatoria,1,1,GNCC,-87.17,-52.87,0.602,0.945,1.0,0.0,0,405.95,-62.19,-74.76,0,3.2,3.27,0,0
2021-03-30,2021-06-27,2021-06-28,2021-07-04,PEQUEÑO,Comercializador regulado,10,7,"ENIC,EDPC,EGVC,ASCC,CETC,EVSC,EBPC,EPTC,ETTC,RTAC",8.03,19.73,0.005,0.892,1.0,28.6,0,0.0,19.89,20.11,0,1.9,0.59,0,0
2021-03-30,2021-06-27,2021-06-28,2021-07-04,MEDIANO,Comercializador regulado,10,10,"EMIC,CHCC,ESSC,CNSC,EBSC,EDQC,EMSC,EPSC,CASC,HLAC",4.12,30.71,0.005,0.954,1.0,100.0,0,0.0,26.27,20.27,0,3.2,2.92,1,1
2021-03-30,2021-06-27,2021-06-28,2021-07-04,PEQUEÑO,Trader no regulado,10,10,"GAPC,VESC,CBNC,FREC,GECC,ITLC,TPLC,LESC,CMXC,TRPC",1.12,-14.04,0.005,1.137,0.0,0.0,0,94.06,-29.47,-50.3,0,1.9,3.61,0,0
2021-03-30,2021-06-27,2021-06-28,2021-07-04,GRANDE,Comercializador regulado,4,4,"CSSC,CMMC,CDSC,EPMC",-1.78,33.04,0.005,0.961,1.0,100.0,0,0.0,27.6,20.26,1,23.3,5.73,0,0
2021-03-30,2021-06-27,2021-06-28,2021-07-04,MEDIANO,Trader no regulado,5,4,"ECTC,CHVC,ENDC,ISGC,SOEC",-2.66,19.73,0.005,0.892,1.0,0.0,0,0.0,19.89,20.11,0,3.2,0.0,0,0
2021-03-30,2021-06-27,2021-06-28,2021-07-04,PEQUEÑO,Comercializador mixto con convocatoria,8,8,"ENIC,CQTC,EMPC,DLRC,EMEC,PEEC,RTQC,NMRC",-117.02,-211.13,0.005,1.03,0.0,0.0,1,1467.07,-214.55,-219.17,0,1.9,6.02,0,0
2021-03-30,2021-06-27,2021-06-28,2021-07-04,MEDIANO,Comercializador mixto con convocatoria,1,1,GNCC,-87.17,-63.65,0.4577,1.05,1.0,0.0,0,439.06,-73.34,-86.41,0,3.2,3.73,0,0
2021-03-30,2021-06-27,2021-06-28,2021-07-04,PEQUEÑO,Trader expuesto a bolsa (sin cobertura),6,1,"GSAC,GNYC,HIMC,NEUC,RPEC,ESOC",96.18,114.71,0.9602,1.028,1.0,100.0,0,0.0,65.42,-1.1,0,1.9,25.0,0,0
2021-04-29,2021-07-27,2021-07-28,2021-08-03,MEDIANO,Comercializador regulado,10,10,"EMIC,CHCC,ESSC,CNSC,EBSC,EDQC,EPSC,EMSC,CDNC,HLAC",7.27,27.57,0.005,0.944,0.989,100.0,0,0.0,23.38,17.73,0,3.1,3.29,1,1
2021-04-29,2021-07-27,2021-07-28,2021-08-03,PEQUEÑO,Comercializador regulado,10,8,"ENIC,EDPC,EGVC,ASCC,CETC,EVSC,EBPC,EPTC,ETTC,RTAC",5.61,19.54,0.005,0.907,1.0,14.3,0,0.0,19.54,19.54,0,1.9,0.58,0,0
2021-04-29,2021-07-27,2021-07-28,2021-08-03,PEQUEÑO,Trader no regulado,10,10,"GAPC,VESC,CBNC,FREC,GECC,ITLC,TPLC,TRPC,LESC,CMXC",-0.08,-17.05,0.005,1.161,0.0,0.0,0,126.41,-34.01,-56.91,0,1.9,4.91,0,0
2021-04-29,2021-07-27,2021-07-28,2021-08-03,MEDIANO,Trader no regulado,5,4,"ECTC,CHVC,ENDC,ISGC,SOEC",-1.79,19.54,0.005,0.907,1.0,0.0,0,0.0,19.54,19.54,0,3.1,0.0,0,0
2021-04-29,2021-07-27,2021-07-28,2021-08-03,PEQUEÑO,Comercializador mixto con convocatoria,8,8,"TPLC,CQTC,DLRC,EMPC,EMEC,PEEC,RTQC,NMRC",-119.64,-195.85,0.005,1.025,0.0,0.0,1,1378.3,-200.26,-206.2,0,1.9,20.86,0,0
2021-04-29,2021-07-27,2021-07-28,2021-08-03,MEDIANO,Comercializador mixto con convocatoria,1,1,GNCC,-82.85,-60.96,0.4925,1.056,1.0,0.0,0,433.77,-71.76,-86.34,0,3.1,5.98,0,0
2021-04-29,2021-07-27,2021-07-28,2021-08-03,PEQUEÑO,Trader expuesto a bolsa (sin cobertura),6,1,"GNYC,HIMC,NEUC,RPEC,GSAC,ESOC",98.42,115.57,0.9403,1.005,0.873,100.0,0,0.0,64.86,-3.59,0,1.9,7.14,0,0
2021-04-29,2021-07-27,2021-07-28,2021-08-03,GRANDE,Comercializador regulado,4,4,"CMMC,CSSC,EPMC,CDSC",-1.79,28.48,0.9502,0.946,0.999,28.6,0,0.0,24.84,19.92,1,23.3,1.74,0,0
2021-05-29,2021-08-26,2021-08-27,2021-09-02,MEDIANO,Comercializador regulado,10,10,"EMIC,CHCC,ESSC,CNSC,EBSC,EDQC,EMSC,EPSC,CDNC,HLAC",7.18,27.99,0.005,0.939,0.998,71.4,0,0.0,22.71,15.58,0,3.1,2.56,1,1
2021-05-29,2021-08-26,2021-08-27,2021-09-02,PEQUEÑO,Trader no regulado,10,10,"GAPC,CBNC,VESC,FREC,TPLC,GECC,ITLC,CMXC,TRPC,LESC",1.38,-23.03,0.005,1.157,0.0,0.0,0,199.61,-44.9,-74.41,0,2.0,5.83,0,0
2021-05-29,2021-08-26,2021-08-27,2021-09-02,PEQUEÑO,Comercializador regulado,10,7,"ENIC,EDPC,EGVC,ASCC,CETC,EVSC,EBPC,EPTC,ETTC,RTAC",0.0,18.2,0.005,0.948,1.0,0.0,0,0.0,18.09,17.95,0,2.0,1.48,0,0
2021-05-29,2021-08-26,2021-08-27,2021-09-02,GRANDE,Comercializador regulado,4,4,"CMMC,EPMC,CDSC,CSSC",-1.24,25.92,0.005,0.933,1.0,28.6,0,0.0,22.48,17.83,1,23.2,1.22,0,0
2021-05-29,2021-08-26,2021-08-27,2021-09-02,MEDIANO,Trader no regulado,5,4,"ECTC,CHVC,ENDC,ISGC,SOEC",-2.62,18.72,0.005,0.958,1.0,0.0,0,0.0,18.72,18.72,0,3.1,0.0,0,0
2021-05-29,2021-08-26,2021-08-27,2021-09-02,PEQUEÑO,Comercializador mixto con convocatoria,8,8,"TPLC,CQTC,EMPC,DLRC,EMEC,NMRC,PEEC,RTQC",-131.16,-161.56,0.005,1.03,0.0,0.0,1,1129.76,-167.88,-176.4,0,2.0,17.95,0,0
2021-05-29,2021-08-26,2021-08-27,2021-09-02,MEDIANO,Comercializador mixto con convocatoria,1,1,GNCC,-77.2,-59.15,0.5373,1.066,1.0,0.0,0,430.65,-71.9,-89.11,0,3.1,3.67,0,0
2021-05-29,2021-08-26,2021-08-27,2021-09-02,PEQUEÑO,Trader expuesto a bolsa (sin cobertura),6,1,"GSAC,GNYC,HIMC,NEUC,RPEC,ESOC",96.06,115.07,0.9552,0.997,0.985,100.0,0,0.0,59.71,-15.01,0,2.0,10.71,0,0
2021-06-28,2021-09-25,2021-09-26,2021-10-02,MEDIANO,Comercializador regulado,10,10,"EMIC,CHCC,CNSC,ESSC,EBSC,EDQC,EMSC,EPSC,CDNC,HLAC",7.18,26.51,0.005,0.848,0.964,100.0,0,0.0,20.54,12.47,0,3.1,2.0,1,1
2021-06-28,2021-09-25,2021-09-26,2021-10-02,PEQUEÑO,Trader no regulado,10,10,"GAPC,CBNC,VESC,FREC,ITLC,GECC,TRPC,CMXC,LESC,ESPC",3.96,-59.47,0.005,1.324,0.0,0.0,0,420.34,-86.18,-122.23,0,2.0,2.12,0,0
2021-06-28,2021-09-25,2021-09-26,2021-10-02,PEQUEÑO,Comercializador regulado,10,7,"ENIC,EDPC,EGVC,ASCC,CETC,EVSC,EBPC,EPTC,ETTC,RTAC",0.0,16.74,0.005,0.91,0.998,0.0,0,0.0,16.68,16.61,0,2.0,1.07,0,0
2021-06-28,2021-09-25,2021-09-26,2021-10-02,GRANDE,Comercializador regulado,4,4,"CMMC,EPMC,CDSC,CSSC",-0.73,22.7,0.005,0.853,0.995,0.0,0,0.0,19.7,15.65,1,23.1,1.35,0,0
2021-06-28,2021-09-25,2021-09-26,2021-10-02,MEDIANO,Trader no regulado,5,4,"ECTC,CHVC,ENDC,ISGC,SOEC",-3.4,17.45,0.005,0.92,0.999,0.0,0,0.0,17.59,17.77,0,3.1,0.0,0,0
2021-06-28,2021-09-25,2021-09-26,2021-10-02,PEQUEÑO,Comercializador mixto con convocatoria,8,8,"TPLC,CQTC,EMPC,DLRC,EMEC,NMRC,PEEC,RTQC",-103.83,-40.33,0.005,1.258,0.0,0.0,0,272.1,-47.52,-57.22,0,2.0,16.73,0,0
2021-06-28,2021-09-25,2021-09-26,2021-10-02,MEDIANO,Comercializador mixto con convocatoria,1,1,GNCC,-68.43,-51.37,0.5373,1.275,1.0,0.0,0,355.44,-67.03,-88.17,0,3.1,4.5,0,0
2021-06-28,2021-09-25,2021-09-26,2021-10-02,PEQUEÑO,Trader expuesto a bolsa (sin cobertura),6,1,"GNYC,HIMC,NEUC,RPEC,GSAC,ESOC",95.78,100.83,0.99,0.88,0.999,100.0,0,0.0,46.98,-25.69,0,2.0,10.71,0,0
2021-07-28,2021-10-25,2021-10-26,2021-11-01,PEQUEÑO,Trader no regulado,10,10,"GAPC,CBNC,VESC,FREC,ITLC,GECC,TRPC,CMXC,LESC,ESPC",7.77,-69.7,0.005,1.36,0.0,0.0,0,479.79,-98.03,-136.27,0,2.0,4.01,0,0
2021-07-28,2021-10-25,2021-10-26,2021-11-01,MEDIANO,Comercializador regulado,10,10,"EMIC,CHCC,ESSC,CNSC,EBSC,EDQC,CDNC,EMSC,CASC,EPSC",5.55,25.86,0.005,0.85,0.993,100.0,0,0.0,18.9,9.52,0,3.1,1.94,1,1
2021-07-28,2021-10-25,2021-10-26,2021-11-01,PEQUEÑO,Comercializador regulado,10,7,"ENIC,EDPC,EGVC,EBPC,ASCC,CETC,EVSC,EPTC,ETTC,RTAC",0.0,12.5,0.005,0.843,0.769,14.3,0,0.0,11.49,10.12,0,2.0,0.5,0,0
2021-07-28,2021-10-25,2021-10-26,2021-11-01,MEDIANO,Trader no regulado,5,5,"ECTC,CHVC,ISGC,ENDC,SOEC",-4.79,15.78,0.005,0.899,0.853,0.0,0,0.0,15.73,15.67,0,3.1,0.0,0,0
2021-07-28,2021-10-25,2021-10-26,2021-11-01,PEQUEÑO,Comercializador mixto con convocatoria,9,9,"TPLC,CQTC,EMPC,ENIC,DLRC,EMEC,NMRC,PEEC,RTQC",-8.65,-5.15,0.005,7.923,0.0,0.0,0,39.81,-12.12,-21.54,0,2.0,3.18,0,0
2021-07-28,2021-10-25,2021-10-26,2021-11-01,PEQUEÑO,Trader expuesto a bolsa (sin cobertura),6,1,"GSAC,GNYC,HIMC,NEUC,RPEC,ESOC",95.23,90.11,0.4975,0.796,1.0,100.0,0,0.0,35.32,-38.62,0,2.0,0.0,0,0
2021-07-28,2021-10-25,2021-10-26,2021-11-01,MEDIANO,Comercializador mixto con convocatoria,1,1,GNCC,-71.09,-54.71,0.5174,1.267,1.0,0.0,0,380.62,-71.01,-93.02,0,3.1,4.77,0,0
2021-07-28,2021-10-25,2021-10-26,2021-11-01,GRANDE,Comercializador regulado,4,4,"CMMC,EPMC,CDSC,CSSC",-0.47,22.19,0.9602,0.86,0.994,0.0,0,0.0,18.51,13.55,1,23.1,1.76,0,0
2021-08-27,2021-11-24,2021-11-25,2021-12-01,PEQUEÑO,Trader no regulado,10,10,"GAPC,CBNC,VESC,FREC,ITLC,GECC,TRPC,CMXC,LESC,ESPC",9.06,-68.34,0.005,1.098,0.0,0.0,0,478.47,-102.36,-148.28,0,1.9,2.91,0,0
2021-08-27,2021-11-24,2021-11-25,2021-12-01,MEDIANO,Comercializador regulado,10,10,"EMIC,CHCC,ESSC,CNSC,EBSC,EDQC,CDNC,CASC,EMSC,EPSC",6.07,24.3,0.005,0.892,1.0,100.0,0,0.0,16.88,6.86,0,3.1,1.63,1,1
2021-08-27,2021-11-24,2021-11-25,2021-12-01,PEQUEÑO,Comercializador regulado,10,7,"EDPC,EGVC,EBPC,ASCC,CETC,EVSC,EPTC,ETTC,RTAC,QIEC",0.0,3.94,0.005,0.546,0.897,0.0,0,0.0,-0.22,-5.82,0,1.9,3.05,0,0
2021-08-27,2021-11-24,2021-11-25,2021-12-01,MEDIANO,Trader no regulado,5,4,"CHVC,ECTC,ISGC,ENDC,SOEC",-5.22,12.63,0.005,0.799,0.863,0.0,0,0.0,12.64,12.65,0,3.1,0.0,0,0
2021-08-27,2021-11-24,2021-11-25,2021-12-01,PEQUEÑO,Comercializador mixto con convocatoria,9,9,"TPLC,CQTC,EMPC,ENIC,DLRC,EMEC,NMRC,PEEC,RTQC",-8.21,-5.52,0.005,2.498,0.0,0.0,0,38.59,-12.27,-21.38,0,1.9,1.87,0,0
2021-08-27,2021-11-24,2021-11-25,2021-12-01,PEQUEÑO,Trader expuesto a bolsa (sin cobertura),7,2,"TRPC,GNYC,HIMC,NEUC,RPEC,ESOC,GSAC",92.77,109.54,0.0348,1.019,1.0,100.0,0,0.0,46.84,-37.78,0,1.9,25.0,0,0
2021-08-27,2021-11-24,2021-11-25,2021-12-01,MEDIANO,Comercializador mixto con convocatoria,1,1,GNCC,-75.6,-59.0,0.5423,1.101,1.0,0.0,0,408.35,-74.36,-95.1,0,3.1,9.28,0,0
2021-08-27,2021-11-24,2021-11-25,2021-12-01,GRANDE,Comercializador regulado,4,4,"CDSC,CMMC,EPMC,CSSC",0.0,21.14,0.9353,0.878,1.0,28.6,0,0.0,16.26,9.67,1,23.1,2.71,0,0
2021-09-26,2021-12-24,2021-12-25,2021-12-31,PEQUEÑO,Trader no regulado,10,8,"CBNC,GAPC,VESC,FREC,ITLC,GECC,TRPC,CMXC,LESC,ESPC",9.71,-204.3,0.005,3.029,0.0,0.0,1,1415.04,-222.42,-246.87,0,1.9,17.08,0,0
2021-09-26,2021-12-24,2021-12-25,2021-12-31,MEDIANO,Comercializador regulado,10,3,"EMIC,CHCC,ESSC,CNSC,EBSC,EDQC,CASC,CDNC,EMSC,EPSC",5.96,-5.63,0.005,-0.219,0.0,85.7,0,45.43,-11.12,-18.54,0,3.1,1.95,0,0
2021-09-26,2021-12-24,2021-12-25,2021-12-31,PEQUEÑO,Comercializador regulado,10,3,"EDPC,EGVC,EBPC,ASCC,CETC,EVSC,EPTC,ETTC,RTAC,QIEC",0.0,-32.81,0.005,-16.005,0.0,100.0,0,233.89,-37.92,-44.82,0,1.9,2.85,0,0
2021-09-26,2021-12-24,2021-12-25,2021-12-31,MEDIANO,Trader no regulado,5,4,"CHVC,ECTC,ISGC,ENDC,SOEC",-4.86,7.94,0.005,0.616,0.98,100.0,0,0.0,8.2,8.56,0,3.1,0.0,1,1
2021-09-26,2021-12-24,2021-12-25,2021-12-31,PEQUEÑO,Comercializador mixto con convocatoria,9,8,"TPLC,CQTC,EMPC,ENIC,DLRC,EMEC,NMRC,PEEC,RTQC",-7.73,-53.48,0.005,162.061,0.0,85.7,0,374.19,-59.78,-68.29,0,1.9,1.76,0,0
2021-09-26,2021-12-24,2021-12-25,2021-12-31,PEQUEÑO,Trader expuesto a bolsa (sin cobertura),7,1,"TRPC,GSAC,ESOC,GNYC,HIMC,NEUC,RPEC",88.0,-126.83,0.0249,-1.244,0.0,0.0,1,868.15,-168.49,-224.72,0,1.9,10.71,0,0
2021-09-26,2021-12-24,2021-12-25,2021-12-31,MEDIANO,Comercializador mixto con convocatoria,1,1,GNCC,-94.48,-109.05,0.5672,1.438,1.0,0.0,1,756.72,-112.1,-116.22,0,3.1,7.48,0,0
2021-09-26,2021-12-24,2021-12-25,2021-12-31,GRANDE,Comercializador regulado,4,1,"CDSC,CMMC,EPMC,CSSC",0.0,-5.63,0.9602,-0.244,0.001,0.0,0,44.38,-10.78,-17.73,1,22.9,4.3,0,0
2021-10-26,2022-01-23,2022-01-24,2022-01-30,PEQUEÑO,Trader no regulado,10,9,"GAPC,CBNC,ITLC,FREC,VESC,GECC,TPLC,CMXC,LESC,TRPC",7.39,-168.92,0.005,2.842,0.0,0.0,1,1130.88,-183.09,-202.2,0,1.8,6.14,0,0
2021-10-26,2022-01-23,2022-01-24,2022-01-30,MEDIANO,Comercializador regulado,10,2,"EMIC,EDQC,CHCC,ESSC,CNSC,EBSC,CASC,EMSC,EPSC,HLAC",5.8,-14.93,0.005,-0.879,0.0,100.0,0,91.55,-19.38,-25.38,0,2.7,4.74,0,0
2021-10-26,2022-01-23,2022-01-24,2022-01-30,GRANDE,Comercializador regulado,3,1,"CDSC,CMMC,EPMC",0.0,-22.26,0.005,-1.332,0.0,42.9,0,139.82,-29.7,-39.74,1,33.6,3.32,0,0
2021-10-26,2022-01-23,2022-01-24,2022-01-30,PEQUEÑO,Comercializador regulado,10,8,"EDPC,EGVC,ENIC,EBPC,ASCC,CETC,EVSC,EPTC,ETTC,RTAC",0.0,-11.41,0.005,-27.829,0.0,100.0,0,133.57,-16.42,-23.17,0,1.8,1.19,0,0
2021-10-26,2022-01-23,2022-01-24,2022-01-30,MEDIANO,Trader no regulado,5,4,"CHVC,ECTC,ISGC,ENDC,SOEC",-1.03,8.47,0.005,0.849,0.998,100.0,0,0.0,8.68,8.96,0,2.7,0.0,1,1
2021-10-26,2022-01-23,2022-01-24,2022-01-30,PEQUEÑO,Comercializador mixto con convocatoria,10,8,"TPLC,CQTC,EMPC,EGVC,ENIC,DLRC,EVSC,EMEC,NMRC,PEEC",-3.66,-20.15,0.005,27.986,0.0,100.0,0,233.12,-27.98,-38.55,0,1.8,5.95,0,0
2021-10-26,2022-01-23,2022-01-24,2022-01-30,MEDIANO,Comercializador mixto con convocatoria,1,1,GNCC,-100.08,-112.94,0.5323,1.2,1.0,0.0,1,812.13,-115.09,-118.0,0,2.7,7.53,0,0
2021-10-26,2022-01-23,2022-01-24,2022-01-30,PEQUEÑO,Trader expuesto a bolsa (sin cobertura),7,1,"GSAC,ESOC,GNYC,NEUC,RPEC,HIMC,TENC",70.0,-191.07,0.7313,-3.107,0.0,0.0,1,1237.41,-225.9,-272.9,0,1.8,0.0,0,0
2021-11-25,2022-02-22,2022-02-23,2022-03-01,PEQUEÑO,Trader no regulado,10,9,"GECC,CBNC,ITLC,GAPC,VESC,TPLC,FREC,CMXC,LESC,RQEC",6.17,-91.61,0.005,0.911,0.0,0.0,1,630.66,-115.91,-148.71,0,1.8,3.88,0,0
2021-11-25,2022-02-22,2022-02-23,2022-03-01,MEDIANO,Comercializador regulado,10,1,"EPSC,CNSC,CSSC,EMIC,EMSC,ESSC,CASC,EDQC,EBSC,HLAC",3.45,5.42,0.005,2.367,0.701,57.1,0,0.0,-4.81,-18.61,0,2.7,2.64,0,0
2021-11-25,2022-02-22,2022-02-23,2022-03-01,GRANDE,Comercializador regulado,3,2,"EPMC,CDSC,CMMC",0.0,5.65,0.005,2.974,0.92,28.6,0,0.0,-3.9,-16.79,1,33.4,3.37,0,0
2021-11-25,2022-02-22,2022-02-23,2022-03-01,PEQUEÑO,Comercializador mixto con convocatoria,10,10,"EGVC,EMPC,ENIC,EVSC,TPLC,DLRC,CQTC,TENC,EMEC,NMRC",20.21,-2.39,0.01,0.265,0.0,57.1,0,34.06,-4.4,-7.12,0,1.8,6.08,0,0
2021-11-25,2022-02-22,2022-02-23,2022-03-01,MEDIANO,Trader no regulado,5,5,"ENDC,ISGC,ECTC,CHVC,SOEC",-1.28,5.7,0.01,0.672,0.78,42.9,0,0.0,6.2,6.88,0,2.7,0.0,0,0
2021-11-25,2022-02-22,2022-02-23,2022-03-01,PEQUEÑO,Comercializador regulado,10,10,"EVSC,ASCC,CETC,EGVC,EDPC,ENIC,EBPC,EPTC,ETTC,RTAC",33.34,-5.01,0.0149,1.373,0.0,28.6,0,34.66,-5.38,-5.88,0,1.8,1.97,0,0
2021-11-25,2022-02-22,2022-02-23,2022-03-01,MEDIANO,Comercializador mixto con convocatoria,1,1,GNCC,-102.27,-110.0,0.5473,0.941,1.0,0.0,1,799.54,-121.8,-137.73,0,2.7,4.87,0,0
2021-11-25,2022-02-22,2022-02-23,2022-03-01,PEQUEÑO,Trader expuesto a bolsa (sin cobertura),6,2,"GNYC,NEUC,RPEC,HIMC,ESOC,TENC",0.0,6.05,1.0,-0.159,0.738,85.7,0,4.96,-49.75,-125.06,0,1.8,0.0,0,0
2021-12-25,2022-03-24,2022-03-25,2022-03-31,PEQUEÑO,Trader no regulado,10,9,"GECC,GAPC,VESC,CBNC,ITLC,TPLC,FREC,CMXC,LESC,TRPC",7.45,-90.29,0.005,1.079,0.0,0.0,1,641.65,-119.06,-157.88,0,1.8,4.82,0,0
2021-12-25,2022-03-24,2022-03-25,2022-03-31,PEQUEÑO,Comercializador regulado,10,10,"ENIC,ASCC,EDPC,CETC,CQTC,EBPC,EPTC,ETTC,RTAC,QIEC",4.55,-16.48,0.005,1.286,0.0,14.3,0,116.74,-18.33,-20.82,0,1.8,1.18,0,0
2021-12-25,2022-03-24,2022-03-25,2022-03-31,PEQUEÑO,Trader expuesto a bolsa (sin cobertura),7,1,"UNGC,HIMC,ESOC,GNYC,NEUC,RPEC,TENC",1.63,-8.1,0.005,-5.87,0.008,57.1,0,85.0,-69.76,-152.98,0,1.8,0.0,0,0
2021-12-25,2022-03-24,2022-03-25,2022-03-31,MEDIANO,Comercializador regulado,10,1,"CNSC,EMIC,CSSC,ESSC,EPSC,CASC,EMSC,EBSC,EDQC,CHCC",1.21,0.27,0.005,0.064,0.164,85.7,0,4.18,-11.92,-28.37,0,2.7,2.37,0,0
2021-12-25,2022-03-24,2022-03-25,2022-03-31,GRANDE,Comercializador regulado,3,1,"EPMC,CDSC,CMMC",0.0,0.43,0.005,0.095,0.501,42.9,0,4.25,-11.02,-26.47,1,33.0,1.44,0,0
2021-12-25,2022-03-24,2022-03-25,2022-03-31,PEQUEÑO,Comercializador mixto con convocatoria,8,8,"EGVC,EMPC,DLRC,EVSC,TENC,EMEC,NMRC,RTQC",-7.29,-18.1,0.005,0.676,0.0,0.0,0,186.44,-22.38,-28.16,0,1.8,2.69,0,0
2021-12-25,2022-03-24,2022-03-25,2022-03-31,MEDIANO,Trader no regulado,5,4,"ENDC,ISGC,CHVC,ECTC,SOEC",0.0,2.36,0.0199,0.423,0.988,57.1,0,0.0,2.36,2.35,0,2.7,0.0,0,0
2021-12-25,2022-03-24,2022-03-25,2022-03-31,MEDIANO,Comercializador mixto con convocatoria,1,1,GNCC,-126.79,-145.98,0.5821,1.063,1.0,0.0,1,1016.82,-157.15,-172.23,0,2.7,2.65,0,0
2022-01-24,2022-04-23,2022-04-24,2022-04-30,PEQUEÑO,Trader no regulado,10,8,"GAPC,VESC,TPLC,ITLC,CBNC,GECC,FREC,TRPC,CMXC,LESC",8.4,-63.27,0.005,0.768,0.0,0.0,0,415.53,-98.13,-145.19,0,1.9,2.32,0,0
2022-01-24,2022-04-23,2022-04-24,2022-04-30,MEDIANO,Comercializador regulado,10,3,"ENDC,CNSC,ESSC,EMIC,CASC,EDQC,CHCC,EBSC,EMSC,CDNC",1.69,9.31,0.005,2.722,0.977,28.6,0,0.0,-6.44,-27.7,0,2.5,1.94,0,0
2022-01-24,2022-04-23,2022-04-24,2022-04-30,PEQUEÑO,Comercializador regulado,10,7,"ENIC,CQTC,EDPC,ASCC,CETC,EBPC,EPTC,ETTC,RTAC,QIEC",-0.76,-15.16,0.005,1.028,0.0,0.0,0,100.48,-17.88,-21.55,0,1.9,2.96,0,0
2022-01-24,2022-04-23,2022-04-24,2022-04-30,PEQUEÑO,Integrado/regional regulado,8,8,"EGVC,EMPC,EVSC,TENC,DLRC,EMEC,NMRC,RTQC",-7.96,-17.74,0.005,0.971,0.0,0.0,0,123.11,-22.64,-29.25,0,1.9,7.67,0,0
2022-01-24,2022-04-23,2022-04-24,2022-04-30,MEDIANO,Trader no regulado,5,5,"ENDC,ECTC,CHVC,ISGC,SOEC",0.52,-0.16,0.01,-0.059,0.0,0.0,0,1.07,-0.2,-0.26,0,2.5,8.46,0,0
2022-01-24,2022-04-23,2022-04-24,2022-04-30,PEQUEÑO,Trader expuesto a bolsa (sin cobertura),6,1,"UNGC,ESOC,GNYC,NEUC,RPEC,HIMC",14.25,54.64,0.0199,4.896,0.987,100.0,0,0.0,-20.24,-121.3,0,1.9,0.0,0,0
2022-01-24,2022-04-23,2022-04-24,2022-04-30,MEDIANO,Integrado/regional regulado,1,1,GNCC,-152.26,-153.95,0.5771,1.017,1.0,0.0,1,1066.23,-166.37,-183.13,0,2.5,2.9,0,0
2022-01-24,2022-04-23,2022-04-24,2022-04-30,GRANDE,Comercializador regulado,3,1,"CMMC,CSSC,EPMC",0.0,7.04,1.0,1.561,0.997,14.3,0,0.0,-4.1,-19.14,1,29.6,1.0,0,0
2022-02-23,2022-05-23,2022-05-24,2022-05-30,PEQUEÑO,Trader no regulado,10,10,"GAPC,VESC,FREC,ITLC,TPLC,CBNC,GECC,CMXC,TRPC,LESC",6.92,-30.64,0.005,0.64,0.0,0.0,0,218.93,-68.99,-120.75,0,1.9,4.24,0,0
2022-02-23,2022-05-23,2022-05-24,2022-05-30,MEDIANO,Comercializador regulado,10,4,"CHCC,EDQC,CNSC,CDSC,ESSC,CASC,EMIC,EBSC,HLAC,EMSC",2.66,16.76,0.005,1.496,0.966,100.0,0,0.0,-1.25,-25.55,0,3.4,0.88,0,0
2022-02-23,2022-05-23,2022-05-24,2022-05-30,GRANDE,Comercializador regulado,4,4,"ENDC,CMMC,EPMC,CSSC",-0.38,10.47,0.005,1.161,0.997,71.4,0,0.0,-1.04,-16.58,1,21.5,7.35,0,0
2022-02-23,2022-05-23,2022-05-24,2022-05-30,MEDIANO,Trader no regulado,4,4,"ECTC,CHVC,ISGC,SOEC",-0.86,-4.42,0.005,63.143,0.0,0.0,0,30.73,-4.41,-4.41,0,3.4,8.3,0,0
2022-02-23,2022-05-23,2022-05-24,2022-05-30,PEQUEÑO,Comercializador regulado,10,8,"CQTC,ENIC,EDPC,ASCC,CETC,EBPC,EPTC,ETTC,RTAC,QIEC",-5.84,-16.03,0.005,1.049,0.0,14.3,0,112.06,-23.23,-32.94,0,1.9,2.32,0,0
2022-02-23,2022-05-23,2022-05-24,2022-05-30,PEQUEÑO,Integrado/regional regulado,8,8,"EGVC,TENC,EVSC,EMPC,DLRC,EMEC,NMRC,RTQC",-11.52,-19.98,0.005,1.353,0.0,0.0,0,139.31,-25.14,-32.1,0,1.9,6.62,0,0
2022-02-23,2022-05-23,2022-05-24,2022-05-30,GRANDE,Trader no regulado,1,1,ENDC,-2.57,-4.42,0.5373,63.143,1.0,0.0,0,30.73,-4.41,-4.41,1,21.5,37.13,0,0
2022-02-23,2022-05-23,2022-05-24,2022-05-30,MEDIANO,Integrado/regional regulado,1,1,GNCC,-158.72,-151.23,0.5423,1.002,1.0,0.0,1,1058.62,-164.99,-183.57,0,3.4,3.59,0,0
2022-02-23,2022-05-23,2022-05-24,2022-05-30,PEQUEÑO,Trader expuesto a bolsa (sin cobertura),6,1,"UNGC,ESOC,GNYC,NEUC,RPEC,HIMC",77.45,111.61,0.8905,1.518,0.975,100.0,0,0.0,24.76,-92.46,0,1.9,0.0,0,0
2022-03-25,2022-06-22,2022-06-23,2022-06-29,PEQUEÑO,Trader no regulado,10,10,"GAPC,FREC,VESC,ITLC,CBNC,TPLC,GECC,LESC,CMXC,TRPC",7.79,-31.27,0.005,0.991,0.0,0.0,0,219.25,-68.67,-119.15,0,1.9,4.06,0,0
2022-03-25,2022-06-22,2022-06-23,2022-06-29,MEDIANO,Comercializador regulado,10,9,"EDQC,CHCC,CNSC,ESSC,EMIC,CASC,HLAC,CDNC,EPSC,EMSC",3.08,10.06,0.005,0.986,0.942,100.0,0,0.0,-6.11,-27.92,0,3.5,3.33,0,0
2022-03-25,2022-06-22,2022-06-23,2022-06-29,MEDIANO,Trader no regulado,4,4,"ECTC,CHVC,ISGC,SOEC",1.84,-4.95,0.005,1.179,0.0,28.6,0,34.73,-10.71,-18.5,0,3.5,2.71,0,0
2022-03-25,2022-06-22,2022-06-23,2022-06-29,GRANDE,Comercializador regulado,4,4,"ENDC,CMMC,EPMC,CSSC",-1.86,7.9,0.005,0.971,0.976,85.7,0,0.0,-2.67,-16.93,1,20.3,8.66,0,0
2022-03-25,2022-06-22,2022-06-23,2022-06-29,PEQUEÑO,Comercializador regulado,10,8,"CQTC,ENIC,EDPC,ASCC,CETC,EBPC,EPTC,ETTC,RTAC,QIEC",-5.29,-17.45,0.005,1.041,0.0,14.3,0,121.58,-25.72,-36.88,0,1.9,4.16,0,0
2022-03-25,2022-06-22,2022-06-23,2022-06-29,PEQUEÑO,Integrado/regional regulado,9,8,"NEUC,EGVC,TENC,EMPC,EVSC,DLRC,EMEC,NMRC,RTQC",-8.72,-20.38,0.005,1.057,0.0,14.3,0,142.15,-27.29,-36.61,0,1.9,1.21,0,0
2022-03-25,2022-06-22,2022-06-23,2022-06-29,PEQUEÑO,Trader expuesto a bolsa (sin cobertura),7,2,"ENBC,ESOC,GNYC,RPEC,UNGC,HIMC,NEUC",109.22,107.2,0.0249,1.026,0.97,100.0,0,0.0,20.82,-95.77,0,1.9,0.0,0,0
2022-03-25,2022-06-22,2022-06-23,2022-06-29,MEDIANO,Integrado/regional regulado,1,1,GNCC,-158.97,-156.7,0.5771,1.011,1.0,0.0,1,1096.16,-169.55,-186.89,0,3.5,3.93,0,0
2022-04-24,2022-07-22,2022-07-23,2022-07-29,PEQUEÑO,Trader no regulado,10,10,"GAPC,FREC,VESC,ITLC,CBNC,TPLC,GECC,LESC,CMXC,RTAC",8.15,-34.43,0.005,1.235,0.0,0.0,0,244.66,-64.04,-104.01,0,1.9,4.93,0,0
2022-04-24,2022-07-22,2022-07-23,2022-07-29,MEDIANO,Comercializador regulado,10,10,"EDQC,CHCC,CNSC,ESSC,EMIC,HLAC,CDNC,CASC,EPSC,EMSC",4.68,3.34,0.005,0.48,0.596,100.0,0,0.0,-10.14,-28.34,0,3.5,1.78,0,0
2022-04-24,2022-07-22,2022-07-23,2022-07-29,MEDIANO,Trader no regulado,4,4,"ECTC,CHVC,ISGC,SOEC",2.99,-9.23,0.005,1.865,0.0,0.0,0,65.39,-9.27,-9.32,0,3.5,2.65,0,0
2022-04-24,2022-07-22,2022-07-23,2022-07-29,GRANDE,Comercializador regulado,4,4,"ENDC,CMMC,EPMC,CSSC",-3.42,1.86,0.005,0.34,0.785,0.0,0,0.0,-7.69,-20.58,1,21.4,5.26,0,0
2022-04-24,2022-07-22,2022-07-23,2022-07-29,PEQUEÑO,Comercializador regulado,10,9,"CQTC,ENIC,EDPC,ASCC,CETC,EBPC,EPTC,ETTC,RTAC,QIEC",-5.75,-23.2,0.005,1.33,0.0,0.0,0,163.81,-30.58,-40.54,0,1.9,3.15,0,0
2022-04-24,2022-07-22,2022-07-23,2022-07-29,PEQUEÑO,Integrado/regional regulado,9,8,"NEUC,EGVC,TENC,EMPC,EVSC,DLRC,EMEC,NMRC,RTQC",-10.58,-27.4,0.005,1.263,0.0,0.0,0,193.3,-33.12,-40.84,0,1.9,1.17,0,0
2022-04-24,2022-07-22,2022-07-23,2022-07-29,PEQUEÑO,Trader expuesto a bolsa (sin cobertura),7,2,"ENBC,ESOC,GNYC,RPEC,UNGC,NEUC,HIMC",112.75,103.75,0.4179,0.972,0.857,100.0,0,0.0,11.46,-113.09,0,1.9,0.0,0,0
2022-04-24,2022-07-22,2022-07-23,2022-07-29,MEDIANO,Integrado/regional regulado,1,1,GNCC,-156.92,-163.03,0.5373,1.05,1.0,0.0,1,1142.71,-168.56,-176.03,0,3.5,6.58,0,0
2022-05-24,2022-08-21,2022-08-22,2022-08-28,PEQUEÑO,Trader no regulado,10,10,"GAPC,VESC,FREC,ITLC,CBNC,TPLC,GECC,GNYC,CMXC,LESC",8.57,-78.04,0.005,2.168,0.0,0.0,0,480.35,-104.64,-140.53,0,1.9,4.68,0,0
2022-05-24,2022-08-21,2022-08-22,2022-08-28,MEDIANO,Comercializador regulado,10,10,"EDQC,CHCC,CNSC,ESSC,CDNC,HLAC,EMIC,CASC,EPSC,EMSC",3.47,-9.48,0.005,-2.686,0.0,42.9,0,50.95,-20.89,-36.28,0,3.5,2.47,0,0
2022-05-24,2022-08-21,2022-08-22,2022-08-28,MEDIANO,Trader no regulado,4,4,"ECTC,CHVC,ISGC,SOEC",1.15,-9.13,0.005,1.082,0.0,14.3,0,63.37,-9.06,-8.97,0,3.5,1.68,0,0
2022-05-24,2022-08-21,2022-08-22,2022-08-28,GRANDE,Comercializador regulado,4,4,"ENDC,CMMC,EPMC,CSSC",-4.96,-7.62,0.005,-4.164,0.0,0.0,0,41.09,-16.13,-27.62,1,21.3,4.91,0,0
2022-05-24,2022-08-21,2022-08-22,2022-08-28,PEQUEÑO,Comercializador regulado,10,10,"CQTC,ENIC,EDPC,ASCC,CETC,EBPC,EPTC,ETTC,QIEC,NRCC",-5.58,-38.47,0.005,1.497,0.0,0.0,0,249.57,-46.3,-56.88,0,1.9,1.94,0,0
2022-05-24,2022-08-21,2022-08-22,2022-08-28,PEQUEÑO,Integrado/regional regulado,10,10,"TPLC,EGVC,NEUC,EMPC,TENC,EVSC,DLRC,EMEC,NMRC,RTQC",-8.9,-38.92,0.005,1.356,0.0,0.0,0,256.5,-45.05,-53.31,0,1.9,10.62,0,0
2022-05-24,2022-08-21,2022-08-22,2022-08-28,PEQUEÑO,Trader expuesto a bolsa (sin cobertura),6,3,"GNYC,ESOC,RPEC,UNGC,ENBC,HIMC",113.67,15.82,0.4677,0.151,0.859,100.0,0,6.81,-67.87,-180.82,0,1.9,0.0,0,0
2022-05-24,2022-08-21,2022-08-22,2022-08-28,MEDIANO,Integrado/regional regulado,1,1,GNCC,-153.91,-167.17,0.5174,1.054,1.0,0.0,1,1157.36,-172.09,-178.73,0,3.5,7.29,0,0
2022-06-23,2022-09-20,2022-09-21,2022-09-27,PEQUEÑO,Trader no regulado,10,9,"GAPC,VESC,TPLC,ITLC,CBNC,FREC,GNYC,LESC,CMXC,TRPC",9.45,-89.18,0.005,2.031,0.0,0.0,1,619.27,-128.92,-182.56,0,1.9,2.79,0,0
2022-06-23,2022-09-20,2022-09-21,2022-09-27,MEDIANO,Comercializador regulado,10,4,"EDQC,CHCC,CNSC,ESSC,CDNC,EMIC,CASC,EPSC,HLAC,EMSC",3.38,-8.76,0.005,-2.355,0.0,42.9,0,62.15,-21.48,-38.65,0,3.4,3.79,0,0
2022-06-23,2022-09-20,2022-09-21,2022-09-27,PEQUEÑO,Comercializador regulado,10,10,"CQTC,ENIC,EDPC,ASCC,CETC,EBPC,EPTC,ETTC,QIEC,NRCC",-1.32,-38.43,0.005,1.43,0.0,0.0,0,268.85,-49.35,-64.09,0,1.9,2.12,0,0
2022-06-23,2022-09-20,2022-09-21,2022-09-27,GRANDE,Comercializador regulado,4,2,"ENDC,CMMC,EPMC,CSSC",-4.32,-7.45,0.005,-5.246,0.0,14.3,0,53.65,-16.23,-28.08,1,21.3,4.58,0,0
2022-06-23,2022-09-20,2022-09-21,2022-09-27,MEDIANO,Trader no regulado,5,5,"ECTC,CHVC,ISGC,GECC,SOEC",-4.51,-10.1,0.005,1.078,0.0,14.3,0,71.63,-9.93,-9.7,0,3.4,1.74,0,0
2022-06-23,2022-09-20,2022-09-21,2022-09-27,PEQUEÑO,Integrado/regional regulado,10,10,"TPLC,CQTC,EGVC,EMPC,TENC,NEUC,EVSC,DLRC,EMEC,PEEC",-7.65,-34.78,0.005,1.414,0.0,0.0,0,243.42,-44.4,-57.38,0,1.9,1.41,0,0
2022-06-23,2022-09-20,2022-09-21,2022-09-27,PEQUEÑO,Trader expuesto a bolsa (sin cobertura),9,1,"GNYC,ENBC,ESOC,RPEC,UNGC,HIMC,BIAC,SCEC,EXEC",111.49,22.89,0.01,0.225,0.999,100.0,0,0.0,-61.55,-175.52,0,1.9,0.0,0,0
2022-06-23,2022-09-20,2022-09-21,2022-09-27,MEDIANO,Integrado/regional regulado,1,1,GNCC,-154.69,-169.21,0.5373,1.108,1.0,0.0,1,1184.13,-179.71,-193.88,0,3.4,4.54,0,0
2022-07-23,2022-10-20,2022-10-21,2022-10-27,PEQUEÑO,Comercializador regulado,10,9,"CQTC,ENIC,EDPC,ASCC,CETC,EBPC,EPTC,ETTC,QIEC,BIAC",4.3,-45.45,0.005,1.209,0.0,42.9,0,339.55,-50.64,-57.66,0,1.6,1.74,0,0
2022-07-23,2022-10-20,2022-10-21,2022-10-27,MEDIANO,Comercializador regulado,10,4,"CHCC,EDQC,ESSC,CNSC,CDNC,EMIC,EPSC,CASC,EMSC,HLAC",4.24,-12.67,0.005,1.992,0.0,57.1,0,111.22,-26.81,-45.88,0,3.4,4.31,0,0
2022-07-23,2022-10-20,2022-10-21,2022-10-27,MEDIANO,Trader no regulado,5,5,"ECTC,CHVC,ISGC,GECC,SOEC",0.0,-7.89,0.005,0.798,0.0,71.4,0,55.97,-13.15,-20.24,0,3.4,2.37,0,0
2022-07-23,2022-10-20,2022-10-21,2022-10-27,GRANDE,Comercializador regulado,4,2,"ENDC,CMMC,EPMC,CSSC",-0.76,-10.71,0.005,1.577,0.0,0.0,0,79.5,-17.86,-27.5,1,21.4,4.46,0,0
2022-07-23,2022-10-20,2022-10-21,2022-10-27,PEQUEÑO,Integrado/regional regulado,10,10,"TPLC,CQTC,EGVC,EMPC,TENC,EVSC,DLRC,EMEC,NEUC,PEEC",-6.05,-39.41,0.005,1.066,0.0,42.9,0,302.65,-47.83,-59.2,0,1.6,1.36,0,0
2022-07-23,2022-10-20,2022-10-21,2022-10-27,PEQUEÑO,Trader no regulado,10,9,"GAPC,VESC,TPLC,ITLC,CBNC,FREC,GNYC,CMXC,LESC,RQEC",-18.18,-99.08,0.005,1.217,0.0,0.0,1,762.62,-131.38,-174.98,0,1.6,1.4,0,0
2022-07-23,2022-10-20,2022-10-21,2022-10-27,MEDIANO,Integrado/regional regulado,1,1,GNCC,-162.07,-181.14,0.5572,1.055,1.0,0.0,1,1285.08,-189.5,-200.79,0,3.4,2.73,0,0
2022-07-23,2022-10-20,2022-10-21,2022-10-27,PEQUEÑO,Trader expuesto a bolsa (sin cobertura),8,2,"ENBC,ESOC,RPEC,UNGC,HIMC,BIAC,SCEC,EXEC",46.52,-12.21,0.8159,-0.413,0.001,57.1,0,273.98,-92.92,-201.85,0,1.6,0.0,0,0
2022-08-22,2022-11-19,2022-11-20,2022-11-26,PEQUEÑO,Comercializador regulado,10,10,"CQTC,ENIC,EDPC,ASCC,CETC,EBPC,EPTC,ETTC,QIEC,BIAC",8.72,-38.51,0.005,0.866,0.0,0.0,0,272.96,-44.45,-52.48,0,1.5,1.34,0,0
2022-08-22,2022-11-19,2022-11-20,2022-11-26,MEDIANO,Comercializador regulado,10,4,"CHCC,ESSC,EDQC,CNSC,EMIC,EPSC,CDNC,EMSC,CSSC,CASC",4.49,-2.82,0.005,0.424,0.0,85.7,0,22.79,-11.95,-24.26,0,2.8,3.5,0,0
2022-08-22,2022-11-19,2022-11-20,2022-11-26,MEDIANO,Trader no regulado,4,4,"GECC,CHVC,ISGC,SOEC",1.48,-8.91,0.005,0.889,0.0,0.0,0,63.88,-14.07,-21.03,0,2.8,1.38,0,0
2022-08-22,2022-11-19,2022-11-20,2022-11-26,GRANDE,Comercializador regulado,3,2,"ENDC,CMMC,EPMC",0.0,-3.2,0.005,0.524,0.0,28.6,0,24.48,-13.75,-27.99,1,33.9,0.78,0,0
2022-08-22,2022-11-19,2022-11-20,2022-11-26,PEQUEÑO,Integrado/regional regulado,10,10,"CQTC,EGVC,TPLC,EMPC,EVSC,TENC,DLRC,EMEC,NEUC,NMRC",-6.87,-33.11,0.005,0.867,0.0,0.0,0,234.24,-42.22,-54.51,0,1.5,1.62,0,0
2022-08-22,2022-11-19,2022-11-20,2022-11-26,PEQUEÑO,Trader no regulado,10,9,"GAPC,VESC,CBNC,ITLC,TPLC,GNYC,FREC,CMXC,LESC,RQEC",-21.71,-71.96,0.005,0.822,0.0,0.0,1,517.8,-107.16,-154.67,0,1.5,1.99,0,0
2022-08-22,2022-11-19,2022-11-20,2022-11-26,MEDIANO,Integrado/regional regulado,1,1,GNCC,-171.64,-177.47,0.5622,0.975,1.0,0.0,1,1245.58,-186.24,-198.07,0,2.8,2.29,0,0
2022-08-22,2022-11-19,2022-11-20,2022-11-26,PEQUEÑO,Trader expuesto a bolsa (sin cobertura),8,3,"ESOC,RPEC,SCEC,HIMC,UNGC,EXEC,BIAC,ENBC",32.93,46.54,0.9453,2.619,0.882,100.0,0,0.0,-40.42,-157.78,0,1.5,0.0,0,0
2022-09-21,2022-12-19,2022-12-20,2022-12-26,PEQUEÑO,Comercializador regulado,10,10,"ENIC,CQTC,EDPC,ASCC,CETC,EBPC,EPTC,BIAC,ETTC,ENBC",13.57,-46.43,0.005,1.4,0.0,100.0,0,311.95,-47.93,-49.96,0,1.5,2.2,0,0
2022-09-21,2022-12-19,2022-12-20,2022-12-26,MEDIANO,Comercializador regulado,10,5,"CHCC,ESSC,EDQC,EMIC,CNSC,CMMC,EPSC,CDNC,EMSC,CSSC",4.55,-31.22,0.005,4.422,0.0,100.0,0,200.96,-39.48,-50.62,0,2.5,3.15,0,0
2022-09-21,2022-12-19,2022-12-20,2022-12-26,PEQUEÑO,Trader no regulado,10,10,"GAPC,VESC,CBNC,ITLC,FREC,TPLC,GNYC,CMXC,TRPC,LESC",1.7,-141.71,0.005,1.648,0.0,14.3,1,947.33,-171.36,-211.37,0,1.5,6.04,0,0
2022-09-21,2022-12-19,2022-12-20,2022-12-26,MEDIANO,Trader no regulado,4,4,"GECC,CHVC,ISGC,SOEC",1.27,-10.9,0.005,1.133,0.0,100.0,0,76.72,-15.72,-22.23,0,2.5,2.87,0,0
2022-09-21,2022-12-19,2022-12-20,2022-12-26,PEQUEÑO,Integrado/regional regulado,10,10,"EXEC,EGVC,EMPC,TPLC,TENC,DLRC,EVSC,EMEC,NEUC,NMRC",-7.2,-56.2,0.005,1.411,0.0,100.0,0,383.01,-62.63,-71.31,0,1.5,2.63,0,0
2022-09-21,2022-12-19,2022-12-20,2022-12-26,MEDIANO,Integrado/regional regulado,1,1,GNCC,-172.29,-201.58,0.5672,1.102,1.0,0.0,1,1399.97,-207.58,-215.69,0,2.5,3.33,0,0
2022-09-21,2022-12-19,2022-12-20,2022-12-26,GRANDE,Comercializador regulado,2,1,"ENDC,EPMC",-0.69,-29.73,0.7861,4.595,0.0,42.9,0,191.56,-35.16,-42.48,1,45.6,5.87,0,0
2022-09-21,2022-12-19,2022-12-20,2022-12-26,PEQUEÑO,Trader expuesto a bolsa (sin cobertura),8,1,"EXEC,UNGC,GSAC,RPEC,SCEC,ESOC,HIMC,ENBC",34.43,-152.48,0.8706,-14.818,0.0,0.0,1,940.26,-214.02,-297.06,0,1.5,0.91,0,0
2022-10-21,2023-01-18,2023-01-19,2023-01-25,PEQUEÑO,Integrado/regional regulado,10,9,"EBPC,EXEC,EPTC,EGVC,EDPC,CQTC,EMPC,TENC,TPLC,DLRC",15.79,-35.04,0.005,1.022,0.0,0.0,0,242.09,-36.57,-38.64,0,1.4,5.52,0,0
2022-10-21,2023-01-18,2023-01-19,2023-01-25,PEQUEÑO,Trader no regulado,10,8,"GAPC,VESC,ITLC,CBNC,FREC,DRUC,GNYC,CMXC,RQEC,LESC",14.93,-85.18,0.005,1.022,0.0,0.0,1,582.46,-91.27,-99.49,0,1.4,4.51,0,0
2022-10-21,2023-01-18,2023-01-19,2023-01-25,MEDIANO,Comercializador regulado,10,2,"CHCC,EMIC,EDQC,CNSC,CDNC,EPSC,ESSC,CMMC,EMSC,CSSC",5.57,-7.33,0.005,0.912,0.0,42.9,0,49.69,-18.13,-32.7,0,2.6,4.64,0,0
2022-10-21,2023-01-18,2023-01-19,2023-01-25,MEDIANO,Trader no regulado,4,4,"GECC,ISGC,CHVC,SOEC",2.95,-10.36,0.005,1.07,0.0,14.3,0,72.34,-10.39,-10.43,0,2.6,2.84,0,0
2022-10-21,2023-01-18,2023-01-19,2023-01-25,MEDIANO,Integrado/regional regulado,2,2,"CDNC,GNCC",-91.81,-181.44,0.005,1.006,0.0,0.0,1,1266.33,-193.93,-210.79,0,2.6,16.97,0,0
2022-10-21,2023-01-18,2023-01-19,2023-01-25,PEQUEÑO,Trader expuesto a bolsa (sin cobertura),8,1,"UNGC,EXEC,GSAC,RPEC,SCEC,ESOC,HIMC,EMPC",24.58,12.3,0.0199,4.59,0.691,100.0,0,13.18,-61.21,-160.41,0,1.4,0.19,0,0
2022-10-21,2023-01-18,2023-01-19,2023-01-25,PEQUEÑO,Comercializador regulado,10,8,"ENIC,CQTC,EDPC,ASCC,CETC,EBPC,EMEC,TPLC,EPTC,BIAC",16.61,-25.03,0.0547,1.022,0.0,0.0,0,170.37,-34.96,-48.37,0,1.4,27.94,0,0
2022-10-21,2023-01-18,2023-01-19,2023-01-25,GRANDE,Comercializador regulado,2,1,"ENDC,EPMC",-0.86,-6.23,0.8209,0.912,0.0,14.3,0,41.14,-15.94,-29.04,1,46.2,4.95,0,0
2022-11-20,2023-02-17,2023-02-18,2023-02-24,PEQUEÑO,Comercializador regulado,10,5,"DLRC,ASCC,CETC,CQTC,EDPC,ENIC,EBPC,TPLC,EPTC,BIAC",24.06,-44.3,0.005,1.411,0.0,100.0,0,285.23,-45.75,-47.71,0,1.5,28.9,0,0
2022-11-20,2023-02-17,2023-02-18,2023-02-24,PEQUEÑO,Integrado/regional regulado,10,7,"EXEC,EBPC,EGVC,EPTC,EMPC,TENC,EDPC,DLRC,NEUC,CQTC",17.02,-47.08,0.005,1.482,0.0,100.0,0,317.26,-55.51,-66.89,0,1.5,7.31,0,0
2022-11-20,2023-02-17,2023-02-18,2023-02-24,PEQUEÑO,Trader no regulado,10,9,"ITLC,DRUC,CBNC,GAPC,VESC,FREC,GNYC,RQEC,CMXC,LESC",15.64,-99.76,0.005,1.495,0.0,14.3,1,659.82,-99.58,-99.34,0,1.5,3.58,0,0
2022-11-20,2023-02-17,2023-02-18,2023-02-24,MEDIANO,Comercializador regulado,10,2,"EPSC,CHCC,CNSC,EMSC,CSSC,EMIC,CDNC,EDQC,CASC,ESSC",4.66,-37.47,0.005,1.729,0.0,100.0,0,234.14,-48.05,-62.33,0,3.0,5.95,0,0
2022-11-20,2023-02-17,2023-02-18,2023-02-24,MEDIANO,Trader no regulado,4,4,"ISGC,CHVC,GECC,SOEC",1.25,-15.96,0.005,1.501,0.0,100.0,0,111.92,-16.89,-18.14,0,3.0,2.74,0,0
2022-11-20,2023-02-17,2023-02-18,2023-02-24,MEDIANO,Integrado/regional regulado,2,2,"CDNC,GNCC",-73.0,-191.49,0.005,1.111,0.0,0.0,1,1316.9,-198.15,-207.13,0,3.0,13.8,0,0
2022-11-20,2023-02-17,2023-02-18,2023-02-24,PEQUEÑO,Trader expuesto a bolsa (sin cobertura),7,1,"ESOC,HIMC,RPEC,SCEC,GSAC,EMPC,VESC",-6.65,-153.37,0.7612,1.873,0.0,0.0,1,910.8,-209.25,-284.66,0,1.5,9.89,0,0
2022-11-20,2023-02-17,2023-02-18,2023-02-24,GRANDE,Comercializador regulado,3,1,"CMMC,EPMC,ENDC",0.0,-38.98,1.0,1.732,0.0,85.7,0,242.94,-47.02,-57.87,1,33.2,7.31,0,0
2022-12-20,2023-03-19,2023-03-20,2023-03-26,PEQUEÑO,Comercializador regulado,10,8,"EGVC,EXEC,EBPC,EMPC,TENC,EPTC,DLRC,ENIC,NEUC,EDPC",24.93,-15.95,0.005,0.418,0.0,100.0,0,126.54,-27.66,-43.46,0,1.4,2.82,0,0
2022-12-20,2023-03-19,2023-03-20,2023-03-26,PEQUEÑO,Trader no regulado,10,10,"ITLC,CBNC,DRUC,GAPC,FREC,ENBC,CMXC,GNYC,LESC,TRPC",10.09,-42.4,0.005,0.798,0.0,42.9,0,278.49,-46.04,-50.96,0,1.4,3.05,0,0
2022-12-20,2023-03-19,2023-03-20,2023-03-26,MEDIANO,Comercializador regulado,10,2,"EPSC,CSSC,CHCC,CASC,CNSC,EMSC,EMIC,ESSC,EBSC,CDNC",8.85,-18.89,0.005,0.409,0.0,85.7,0,117.84,-32.09,-49.9,0,3.0,3.67,0,0
2022-12-20,2023-03-19,2023-03-20,2023-03-26,GRANDE,Comercializador regulado,3,1,"EPMC,CMMC,ENDC",0.0,-17.19,0.005,0.438,0.0,71.4,0,107.25,-27.52,-41.45,1,33.2,2.35,0,0
2022-12-20,2023-03-19,2023-03-20,2023-03-26,PEQUEÑO,Trader con sobrecobertura de contratos,10,8,"ASCC,CETC,DLRC,RQEC,ETTC,EMEC,TPLC,NRCC,RTAC,RTQC",-8.58,-58.42,0.005,0.9,0.0,28.6,0,451.78,-61.08,-64.66,0,1.4,8.38,0,0
2022-12-20,2023-03-19,2023-03-20,2023-03-26,MEDIANO,Trader no regulado,3,3,"ISGC,GECC,SOEC",-20.33,-14.02,0.005,1.02,0.0,57.1,0,96.42,-13.62,-13.08,0,3.0,0.0,0,0
2022-12-20,2023-03-19,2023-03-20,2023-03-26,MEDIANO,Trader con sobrecobertura de contratos,2,2,"CHVC,DCLC",-205.18,-408.72,0.005,1.455,0.0,0.0,1,2350.33,-377.57,-335.53,0,3.0,26.72,0,0
2022-12-20,2023-03-19,2023-03-20,2023-03-26,PEQUEÑO,Trader expuesto a bolsa (sin cobertura),9,1,"VICC,ENBC,VESC,HIMC,ESOC,RPEC,SCEC,EMPC,GSAC",-49.84,-33.7,0.1692,0.215,0.005,42.9,0,243.33,-102.31,-194.91,0,1.4,0.0,0,0
2023-01-19,2023-04-18,2023-04-19,2023-04-25,PEQUEÑO,Comercializador regulado,10,6,"EGVC,EXEC,EBPC,EPTC,NEUC,ENIC,EDPC,CQTC,EVSC,EMPC",15.93,-27.64,0.005,1.036,0.0,85.7,0,182.34,-40.93,-58.88,0,1.4,2.65,0,0
2023-01-19,2023-04-18,2023-04-19,2023-04-25,PEQUEÑO,Trader no regulado,10,9,"ITLC,CBNC,DRUC,FREC,GAPC,ENBC,CMXC,GNYC,LESC,TRPC",9.56,-39.15,0.005,0.979,0.0,71.4,0,274.99,-43.28,-48.86,0,1.4,3.29,0,0
2023-01-19,2023-04-18,2023-04-19,2023-04-25,MEDIANO,Comercializador regulado,10,1,"EPSC,CHCC,CASC,EMSC,CNSC,EMIC,ESSC,CDNC,EBSC,EDQC",4.86,-25.9,0.005,1.047,0.0,100.0,0,159.64,-39.42,-57.67,0,2.9,4.29,0,0
2023-01-19,2023-04-18,2023-04-19,2023-04-25,GRANDE,Comercializador regulado,3,1,"EPMC,CMMC,ENDC",0.0,-22.22,0.005,1.003,0.0,85.7,0,139.06,-31.76,-44.64,1,33.6,1.25,0,0
2023-01-19,2023-04-18,2023-04-19,2023-04-25,MEDIANO,Trader no regulado,3,3,"ISGC,GECC,SOEC",-1.16,-12.11,0.005,0.863,0.0,85.7,0,85.84,-12.49,-13.01,0,2.9,0.0,0,0
2023-01-19,2023-04-18,2023-04-19,2023-04-25,PEQUEÑO,Trader con sobrecobertura de contratos,10,8,"ASCC,DLRC,CETC,RQEC,ETTC,TPLC,EMEC,RTAC,RTQC,NRCC",-36.3,-49.34,0.005,0.688,0.0,71.4,0,393.05,-53.42,-58.93,0,1.4,5.19,0,0
2023-01-19,2023-04-18,2023-04-19,2023-04-25,MEDIANO,Trader con sobrecobertura de contratos,2,2,"CHVC,DCLC",-214.89,-72.2,0.005,0.775,0.0,0.0,1,574.44,-76.84,-83.11,0,2.9,34.83,0,0
2023-01-19,2023-04-18,2023-04-19,2023-04-25,PEQUEÑO,Trader expuesto a bolsa (sin cobertura),9,1,"VICC,HIMC,VESC,RPEC,SCEC,ESOC,GSAC,ENBC,EMPC",0.0,-68.47,0.2488,1.299,0.0,14.3,0,385.74,-128.56,-209.65,0,1.4,2.54,0,0
2023-02-18,2023-05-18,2023-05-19,2023-05-25,MEDIANO,Comercializador regulado,10,1,"EPSC,CHCC,EMSC,CNSC,CASC,ESSC,EDQC,EMIC,CDNC,EBSC",2.2,-123.04,0.005,6.04,0.0,71.4,1,750.47,-126.33,-130.76,0,3.8,3.45,0,0
2023-02-18,2023-05-18,2023-05-19,2023-05-25,GRANDE,Comercializador regulado,4,1,"EPMC,CMMC,ENDC,CSSC",0.0,-121.02,0.005,6.383,0.0,42.9,1,746.6,-124.01,-128.04,1,21.4,7.27,0,0
2023-02-18,2023-05-18,2023-05-19,2023-05-25,MEDIANO,Trader no regulado,3,3,"ISGC,GECC,SOEC",-2.71,-15.51,0.005,1.182,0.0,100.0,0,108.69,-15.53,-15.56,0,3.8,0.0,0,0
2023-02-18,2023-05-18,2023-05-19,2023-05-25,PEQUEÑO,Trader no regulado,10,8,"ITLC,DRUC,FREC,CBNC,GAPC,VESC,CMXC,GNYC,FERC,LESC",-17.04,-120.31,0.005,2.467,0.0,100.0,1,747.78,-123.12,-126.91,0,1.3,6.0,0,0
2023-02-18,2023-05-18,2023-05-19,2023-05-25,PEQUEÑO,Trader con sobrecobertura de contratos,10,10,"ASCC,DLRC,CETC,RQEC,ETTC,ENBC,TPLC,EMEC,DCLC,RTAC",-39.16,-84.24,0.005,1.58,0.0,100.0,1,587.45,-84.37,-84.54,0,1.3,6.47,0,0
2023-02-18,2023-05-18,2023-05-19,2023-05-25,PEQUEÑO,Comercializador regulado,10,4,"EGVC,ENIC,NEUC,EDPC,EXEC,CQTC,EPTC,EBPC,DLRC,EMPC",23.0,-165.98,0.01,6.728,0.0,100.0,1,1001.97,-170.7,-177.07,0,1.3,3.07,0,0
2023-02-18,2023-05-18,2023-05-19,2023-05-25,MEDIANO,Trader con sobrecobertura de contratos,1,1,CHVC,3.62,-70.54,0.5025,4.462,1.0,100.0,0,436.19,-72.27,-74.61,0,3.8,2.69,0,0
2023-02-18,2023-05-18,2023-05-19,2023-05-25,PEQUEÑO,Trader expuesto a bolsa (sin cobertura),10,2,"VESC,HIMC,ESOC,RPEC,SCEC,VICC,GSAC,EBPC,ESVC,ENBC",0.0,-492.63,0.8706,13.478,0.0,0.0,1,2937.51,-507.59,-527.77,0,1.3,0.18,0,0
2023-03-20,2023-06-17,2023-06-18,2023-06-24,PEQUEÑO,Trader no regulado,10,9,"GSAC,CBNC,ITLC,DRUC,FREC,GAPC,VESC,CMXC,GNYC,FERC",22.37,-83.78,0.005,2.692,0.0,100.0,1,599.88,-87.05,-91.45,0,1.4,8.04,0,0
2023-03-20,2023-06-17,2023-06-18,2023-06-24,MEDIANO,Comercializador regulado,10,1,"EPSC,CHCC,EMSC,EDQC,CASC,CNSC,CDNC,EMIC,ESSC,EBSC",1.78,-95.34,0.005,4.774,0.0,28.6,1,718.99,-101.16,-109.02,0,3.7,4.83,0,0
2023-03-20,2023-06-17,2023-06-18,2023-06-24,GRANDE,Comercializador regulado,4,1,"EPMC,ENDC,CMMC,CSSC",-0.06,-87.01,0.005,3.864,0.0,57.1,1,662.91,-92.38,-99.63,1,21.3,8.14,0,0
2023-03-20,2023-06-17,2023-06-18,2023-06-24,MEDIANO,Trader no regulado,3,3,"ISGC,GECC,SOEC",-2.29,-12.76,0.005,1.078,0.0,100.0,0,86.88,-12.8,-12.87,0,3.7,0.0,0,0
2023-03-20,2023-06-17,2023-06-18,2023-06-24,PEQUEÑO,Trader expuesto a bolsa (sin cobertura),10,4,"GSAC,VESC,HIMC,ESOC,RPEC,SCEC,VICC,BIAC,ESVC,EBPC",0.0,-347.06,0.01,8.176,0.0,0.0,1,2768.91,-377.51,-418.6,0,1.4,3.28,0,0
2023-03-20,2023-06-17,2023-06-18,2023-06-24,PEQUEÑO,Trader con sobrecobertura de contratos,10,10,"ASCC,CETC,DLRC,ETTC,RQEC,EMEC,TPLC,ENBC,QIEC,DCLC",-45.61,-48.36,0.01,0.869,0.0,100.0,0,392.88,-50.72,-53.91,0,1.4,7.44,0,0
2023-03-20,2023-06-17,2023-06-18,2023-06-24,PEQUEÑO,Comercializador regulado,10,4,"EGVC,ENIC,NEUC,EPTC,EDPC,CQTC,EXEC,EMPC,EVSC,DLRC",24.38,-108.55,0.0149,4.342,0.0,100.0,1,820.58,-115.42,-124.7,0,1.4,4.67,0,0
2023-03-20,2023-06-17,2023-06-18,2023-06-24,MEDIANO,Trader con sobrecobertura de contratos,1,1,CHVC,3.89,-58.73,0.4726,4.328,1.0,100.0,0,414.97,-60.88,-63.77,0,3.7,3.73,0,0
2023-04-19,2023-07-17,2023-07-18,2023-07-24,PEQUEÑO,Comercializador regulado,10,6,"EGVC,EVSC,EMPC,TENC,NEUC,EPTC,ENIC,EDPC,BIAC,CQTC",66.06,-55.29,0.005,0.896,0.0,100.0,0,361.54,-61.61,-70.13,0,1.5,4.32,0,0
2023-04-19,2023-07-17,2023-07-18,2023-07-24,PEQUEÑO,Trader con sobrecobertura de contratos,10,10,"ASCC,CETC,ETTC,DLRC,EMEC,RQEC,TPLC,QIEC,ENBC,NRCC",2.79,-69.35,0.005,0.974,0.0,100.0,0,463.99,-69.65,-70.05,0,1.5,6.04,0,0
2023-04-19,2023-07-17,2023-07-18,2023-07-24,MEDIANO,Comercializador regulado,10,1,"EPSC,EMSC,CHCC,CASC,EDQC,EBSC,CNSC,EMIC,CDNC,ESSC",0.64,-46.44,0.005,0.86,0.0,57.1,0,310.67,-55.31,-67.29,0,3.7,1.19,0,0
2023-04-19,2023-07-17,2023-07-18,2023-07-24,PEQUEÑO,Trader no regulado,10,10,"DRUC,CBNC,GAPC,ITLC,FREC,ENBC,VESC,CMXC,GNYC,GSAC",-2.16,-54.69,0.005,0.824,0.0,100.0,0,375.58,-59.95,-67.06,0,1.5,1.91,0,0
2023-04-19,2023-07-17,2023-07-18,2023-07-24,GRANDE,Comercializador regulado,4,1,"EPMC,ENDC,CMMC,CSSC",-3.27,-48.1,0.005,0.809,0.0,0.0,0,322.52,-56.66,-68.22,1,21.5,7.33,0,0
2023-04-19,2023-07-17,2023-07-18,2023-07-24,MEDIANO,Trader no regulado,3,3,"ISGC,GECC,SOEC",-28.87,-7.89,0.005,0.698,0.0,100.0,0,52.95,-8.06,-8.28,0,3.7,0.0,0,0
2023-04-19,2023-07-17,2023-07-18,2023-07-24,PEQUEÑO,Trader expuesto a bolsa (sin cobertura),8,1,"BIAC,SCEC,HIMC,ESOC,RPEC,VICC,ESVC,EBPC",-82.89,-194.37,0.01,0.831,0.0,0.0,1,1222.61,-233.83,-287.1,0,1.5,1.36,0,0
2023-04-19,2023-07-17,2023-07-18,2023-07-24,MEDIANO,Trader con sobrecobertura de contratos,1,1,CHVC,19.69,-25.12,0.4925,0.747,1.0,100.0,0,177.37,-29.96,-36.49,0,3.7,2.9,0,0
2023-05-19,2023-08-16,2023-08-17,2023-08-23,PEQUEÑO,Comercializador regulado,10,6,"EGVC,EVSC,EMPC,TENC,NEUC,EPTC,ENIC,EDPC,BIAC,CQTC",84.0,-52.17,0.005,0.813,0.0,85.7,0,470.65,-59.4,-69.15,0,1.5,5.49,0,0
2023-05-19,2023-08-16,2023-08-17,2023-08-23,PEQUEÑO,Trader no regulado,10,10,"CBNC,DRUC,GAPC,ITLC,FREC,ENBC,VESC,GNYC,CMXC,GSAC",7.21,-54.96,0.005,0.814,0.0,85.7,0,461.64,-61.08,-69.34,0,1.5,5.01,0,0
2023-05-19,2023-08-16,2023-08-17,2023-08-23,MEDIANO,Comercializador regulado,10,2,"EPSC,EMSC,CASC,CHCC,EBSC,EMIC,CDNC,EDQC,CNSC,ESSC",3.55,-45.04,0.005,0.731,0.0,85.7,0,442.95,-53.87,-65.79,0,3.5,2.07,0,0
2023-05-19,2023-08-16,2023-08-17,2023-08-23,GRANDE,Comercializador regulado,4,1,"EPMC,ENDC,CSSC,CMMC",-7.29,-53.65,0.005,0.812,0.0,0.0,0,487.6,-62.62,-74.72,1,21.6,7.04,0,0
2023-05-19,2023-08-16,2023-08-17,2023-08-23,MEDIANO,Trader no regulado,3,3,"ISGC,GECC,SOEC",-59.63,-10.56,0.005,1.024,0.0,85.7,0,82.53,-11.02,-11.64,0,3.5,0.0,0,0
2023-05-19,2023-08-16,2023-08-17,2023-08-23,PEQUEÑO,Trader expuesto a bolsa (sin cobertura),8,1,"ENBC,SCEC,EBPC,HIMC,ESVC,ESOC,RPEC,VICC",-96.93,-170.45,0.005,0.659,0.0,14.3,1,1791.58,-212.46,-269.16,0,1.5,1.18,0,0
2023-05-19,2023-08-16,2023-08-17,2023-08-23,PEQUEÑO,Trader con sobrecobertura de contratos,9,7,"ASCC,CETC,DLRC,EMEC,QIEC,ENBC,RTAC,PEEC,NRCC",-289.97,-29.85,0.005,0.31,0.0,71.4,1,512.37,-29.84,-29.82,0,1.5,8.01,0,0
2023-05-19,2023-08-16,2023-08-17,2023-08-23,MEDIANO,Trader con sobrecobertura de contratos,2,2,"CHVC,ETTC",11.16,-17.52,0.0647,1.079,0.0,57.1,0,267.05,-17.43,-17.32,0,3.5,10.38,0,0
2023-06-18,2023-09-15,2023-09-16,2023-09-22,PEQUEÑO,Comercializador regulado,10,5,"EGVC,EMPC,EVSC,TENC,NEUC,EPTC,ENIC,BIAC,EDPC,CQTC",100.58,-126.03,0.005,1.757,0.0,100.0,1,842.65,-125.76,-125.4,0,1.4,1.23,0,0
2023-06-18,2023-09-15,2023-09-16,2023-09-22,MEDIANO,Comercializador regulado,10,3,"EPSC,EMSC,CASC,CHCC,EBSC,EMIC,EDQC,CDNC,CNSC,ESSC",4.29,-163.99,0.005,2.356,0.0,85.7,1,1075.43,-160.29,-155.3,0,3.4,2.79,0,0
2023-06-18,2023-09-15,2023-09-16,2023-09-22,PEQUEÑO,Trader no regulado,10,10,"CBNC,DRUC,GAPC,ITLC,FREC,ENBC,VESC,GNYC,CMXC,LESC",4.19,-232.83,0.005,2.225,0.0,100.0,1,1547.44,-226.21,-217.26,0,1.4,5.27,0,0
2023-06-18,2023-09-15,2023-09-16,2023-09-22,GRANDE,Comercializador regulado,4,1,"EPMC,ENDC,CSSC,CMMC",-9.37,-165.41,0.005,2.22,0.001,14.3,1,1086.04,-162.67,-158.97,1,21.5,8.78,0,0
2023-06-18,2023-09-15,2023-09-16,2023-09-22,MEDIANO,Trader no regulado,3,2,"ISGC,GECC,SOEC",-82.8,-20.27,0.005,1.794,0.0,100.0,0,140.56,-20.16,-20.0,0,3.4,0.0,0,0
2023-06-18,2023-09-15,2023-09-16,2023-09-22,PEQUEÑO,Trader con sobrecobertura de contratos,8,6,"ASCC,CETC,DLRC,EMEC,QIEC,RTAC,PEEC,NRCC",-102.77,-20.27,0.005,0.271,0.0,100.0,0,140.56,-20.16,-20.0,0,1.4,8.32,0,0
2023-06-18,2023-09-15,2023-09-16,2023-09-22,PEQUEÑO,Trader expuesto a bolsa (sin cobertura),8,1,"ENBC,SCEC,HIMC,EBPC,ESOC,RPEC,VICC,ESVC",-111.11,-765.68,0.005,2.507,0.0,0.0,1,4994.78,-744.7,-716.39,0,1.4,2.3,0,0
2023-06-18,2023-09-15,2023-09-16,2023-09-22,MEDIANO,Trader con sobrecobertura de contratos,2,2,"CHVC,ETTC",25.73,-20.27,0.6866,1.231,0.001,100.0,0,140.56,-20.74,-21.37,0,3.4,8.54,0,0
2023-07-18,2023-10-15,2023-10-16,2023-10-22,PEQUEÑO,Comercializador regulado,10,6,"EGVC,EVSC,EMPC,NEUC,TENC,EPTC,ENIC,EDPC,BIAC,CQTC",166.03,-105.74,0.005,0.926,0.0,100.0,1,771.4,-106.18,-106.78,0,1.4,2.41,0,0
2023-07-18,2023-10-15,2023-10-16,2023-10-22,PEQUEÑO,Trader con sobrecobertura de contratos,7,6,"ASCC,CETC,DLRC,EMEC,QIEC,RTAC,PEEC",93.57,-19.83,0.005,0.913,0.0,100.0,0,136.1,-19.71,-19.55,0,1.4,7.72,0,0
2023-07-18,2023-10-15,2023-10-16,2023-10-22,MEDIANO,Trader con sobrecobertura de contratos,2,2,"ETTC,CHVC",89.7,-18.75,0.005,1.056,0.0,100.0,0,128.5,-19.25,-19.92,0,3.5,10.87,0,0
2023-07-18,2023-10-15,2023-10-16,2023-10-22,PEQUEÑO,Trader no regulado,10,9,"DRUC,CBNC,ITLC,GAPC,FREC,ENBC,CMXC,GNYC,VESC,LESC",45.61,-178.37,0.005,1.106,0.0,100.0,1,1321.32,-178.64,-179.0,0,1.4,4.64,0,0
2023-07-18,2023-10-15,2023-10-16,2023-10-22,MEDIANO,Comercializador regulado,10,2,"EPSC,CDNC,CASC,EDQC,EMSC,EBSC,CHCC,EMIC,CNSC,ESSC",8.46,-124.42,0.005,1.035,0.0,71.4,1,935.27,-125.9,-127.9,0,3.5,3.83,0,0
2023-07-18,2023-10-15,2023-10-16,2023-10-22,MEDIANO,Trader no regulado,3,3,"ISGC,SOEC,GECC",-1.8,-18.75,0.005,1.177,0.0,100.0,0,128.5,-18.75,-18.74,0,3.5,5.29,0,0
2023-07-18,2023-10-15,2023-10-16,2023-10-22,GRANDE,Comercializador regulado,4,1,"EPMC,ENDC,CSSC,CMMC",-14.13,-117.92,0.005,0.922,0.0,71.4,1,886.0,-121.01,-125.18,1,21.6,7.07,0,0
2023-07-18,2023-10-15,2023-10-16,2023-10-22,PEQUEÑO,Trader expuesto a bolsa (sin cobertura),9,1,"ENBC,SCEC,ESOC,EBPC,HIMC,RPEC,VICC,ESVC,TESC",-112.73,-560.93,0.005,1.076,0.0,0.0,1,4298.84,-564.77,-569.95,0,1.4,0.0,0,0
2023-08-17,2023-11-14,2023-11-15,2023-11-21,PEQUEÑO,Comercializador regulado,10,9,"EGVC,EVSC,EMPC,NEUC,TENC,EPTC,EMEC,DLRC,ENIC,EDPC",210.31,-46.5,0.005,0.397,0.0,100.0,0,388.53,-51.47,-58.17,0,1.4,1.88,0,0
2023-08-17,2023-11-14,2023-11-15,2023-11-21,PEQUEÑO,Trader no regulado,10,10,"CBNC,DRUC,ITLC,GAPC,EMEC,ENBC,FREC,CMXC,FERC,VESC",127.19,-46.75,0.005,0.239,0.0,100.0,1,515.08,-58.37,-74.06,0,1.4,9.39,0,0
2023-08-17,2023-11-14,2023-11-15,2023-11-21,MEDIANO,Trader con sobrecobertura de contratos,4,4,"ETTC,ISGC,CHVC,SOEC",109.64,-120.44,0.005,5.889,0.0,42.9,1,559.86,-110.39,-96.82,0,3.6,8.77,0,0
2023-08-17,2023-11-14,2023-11-15,2023-11-21,MEDIANO,Comercializador regulado,10,1,"EPSC,CDNC,EDQC,CASC,EBSC,EMSC,EMIC,CHCC,ETTC,CNSC",12.61,-36.01,0.005,0.243,0.0,100.0,0,420.13,-46.54,-60.75,0,3.6,2.06,0,0
2023-08-17,2023-11-14,2023-11-15,2023-11-21,GRANDE,Comercializador regulado,4,1,"EPMC,ENDC,CSSC,CMMC",-24.23,-38.16,0.005,0.265,0.0,0.0,0,439.38,-49.67,-65.2,1,22.0,9.48,0,0
2023-08-17,2023-11-14,2023-11-15,2023-11-21,PEQUEÑO,Trader con sobrecobertura de contratos,10,8,"ASCC,CETC,DRUC,EMEC,ENBC,CMXC,DLRC,GSAC,RTAC,PEEC",-31.54,-326.1,0.005,1.932,0.0,0.0,1,2486.41,-337.31,-352.44,0,1.4,9.9,0,0
2023-08-17,2023-11-14,2023-11-15,2023-11-21,MEDIANO,Trader no regulado,2,2,"CHVC,GECC",-104.89,-90.21,0.005,0.236,0.0,0.0,1,944.14,-114.54,-147.37,0,3.6,7.51,0,0
2023-08-17,2023-11-14,2023-11-15,2023-11-21,PEQUEÑO,Trader expuesto a bolsa (sin cobertura),8,1,"SCEC,ESOC,EBPC,HIMC,ESVC,RPEC,VICC,TESC",-102.92,-170.46,0.3881,0.232,0.0,14.3,1,1752.22,-215.84,-277.1,0,1.4,0.33,0,0
2023-09-16,2023-12-14,2023-12-15,2023-12-21,PEQUEÑO,Comercializador regulado,10,8,"EGVC,EVSC,EMPC,NEUC,TENC,EPTC,ENIC,EDPC,CQTC,BIAC",200.26,-144.57,0.005,1.107,0.0,100.0,1,928.28,-146.66,-149.47,0,1.4,3.29,0,0
2023-09-16,2023-12-14,2023-12-15,2023-12-21,MEDIANO,Trader con sobrecobertura de contratos,2,2,"ETTC,CHVC",127.9,-66.23,0.005,2.896,0.0,100.0,0,434.06,-67.28,-68.7,0,3.6,8.25,0,0
2023-09-16,2023-12-14,2023-12-15,2023-12-21,PEQUEÑO,Trader no regulado,10,10,"CBNC,ITLC,GAPC,ENBC,FREC,DRUC,CMXC,VESC,LESC,FERC",55.98,-119.54,0.005,0.865,0.0,100.0,1,783.02,-120.81,-122.52,0,1.4,11.08,0,0
2023-09-16,2023-12-14,2023-12-15,2023-12-21,MEDIANO,Comercializador regulado,10,4,"EPSC,CDNC,EDQC,CASC,EBSC,EMSC,EMIC,CHCC,ETTC,CNSC",16.15,-136.24,0.005,0.936,0.0,85.7,1,857.73,-138.83,-142.34,0,3.6,2.6,0,0
2023-09-16,2023-12-14,2023-12-15,2023-12-21,MEDIANO,Trader no regulado,4,4,"ISGC,SOEC,CHVC,GECC",9.96,-38.66,0.005,1.369,0.0,100.0,0,304.66,-38.65,-38.65,0,3.6,8.89,0,0
2023-09-16,2023-12-14,2023-12-15,2023-12-21,GRANDE,Comercializador regulado,4,1,"EPMC,ENDC,CSSC,CMMC",-4.98,-91.74,0.005,0.839,0.0,0.0,1,594.2,-93.38,-95.6,1,21.6,7.74,0,0
2023-09-16,2023-12-14,2023-12-15,2023-12-21,PEQUEÑO,Trader con sobrecobertura de contratos,10,6,"ASCC,CETC,EMEC,ENBC,GSAC,RTAC,PEEC,TRPC,QIEC,DLRC",-135.04,-392.58,0.005,1.312,0.0,0.0,1,2741.09,-392.67,-392.8,0,1.4,53.27,0,0
2023-09-16,2023-12-14,2023-12-15,2023-12-21,PEQUEÑO,Trader expuesto a bolsa (sin cobertura),8,1,"SCEC,EBPC,ESOC,HIMC,TESC,ESVC,RPEC,VICC",-83.2,-495.69,0.0995,0.839,0.0,0.0,1,3156.77,-506.47,-521.02,0,1.4,0.19,0,0
2023-10-16,2024-01-13,2024-01-14,2024-01-20,PEQUEÑO,Comercializador regulado,10,7,"ASCC,CETC,EGVC,EMPC,EVSC,NEUC,TENC,EPTC,EMEC,ENIC",163.58,-72.04,0.005,1.147,0.0,100.0,1,501.19,-73.01,-74.31,0,1.4,1.99,0,0
2023-10-16,2024-01-13,2024-01-14,2024-01-20,PEQUEÑO,Trader no regulado,10,10,"CBNC,ITLC,GAPC,FREC,ENBC,CMXC,VESC,DRUC,SCEC,PEEC",13.68,-81.11,0.005,0.654,0.0,100.0,1,560.28,-86.05,-92.72,0,1.4,5.48,0,0
2023-10-16,2024-01-13,2024-01-14,2024-01-20,MEDIANO,Comercializador regulado,10,6,"EPSC,CASC,EBSC,EMSC,CHCC,EDQC,EMIC,CDNC,CHVC,ETTC",7.96,-86.4,0.005,0.977,0.0,100.0,1,591.64,-93.43,-102.91,0,3.6,7.18,0,0
2023-10-16,2024-01-13,2024-01-14,2024-01-20,GRANDE,Comercializador regulado,4,2,"EPMC,CSSC,ENDC,CMMC",-1.4,-74.68,0.005,1.009,0.0,85.7,1,512.59,-77.84,-82.09,1,21.3,6.7,0,0
2023-10-16,2024-01-13,2024-01-14,2024-01-20,MEDIANO,Trader no regulado,3,3,"ISGC,SOEC,GECC",-19.47,-84.0,0.005,1.077,0.0,100.0,1,590.57,-82.64,-80.81,0,3.6,1.92,0,0
2023-10-16,2024-01-13,2024-01-14,2024-01-20,PEQUEÑO,Trader expuesto a bolsa (sin cobertura),7,1,"SCEC,EBPC,HIMC,ESVC,RPEC,VICC,ESOC",-53.87,-324.19,0.0149,0.881,0.0,0.0,1,2189.83,-353.22,-392.39,0,1.4,0.0,0,0
2023-11-15,2024-02-12,2024-02-13,2024-02-19,PEQUEÑO,Comercializador regulado,10,8,"EGVC,EVSC,EMPC,TENC,NEUC,ITLC,CQTC,EXEC,EDPC,EPTC",104.67,-95.83,0.005,1.012,0.0,100.0,1,665.07,-101.84,-109.96,0,1.5,2.42,0,0
2023-11-15,2024-02-12,2024-02-13,2024-02-19,PEQUEÑO,Comercializador mixto,9,7,"ASCC,CETC,EMEC,ENIC,ENBC,QIEC,DLRC,PEEC,RTAC",31.43,-200.93,0.005,1.039,0.0,85.7,1,1405.53,-200.2,-199.22,0,1.5,6.75,0,0
2023-11-15,2024-02-12,2024-02-13,2024-02-19,PEQUEÑO,Trader no regulado,10,10,"ITLC,CBNC,GAPC,FREC,CMXC,DRUC,VESC,SCEC,GSAC,LESC",29.57,-111.54,0.005,0.936,0.0,100.0,1,774.8,-117.27,-125.0,0,1.5,3.53,0,0
2023-11-15,2024-02-12,2024-02-13,2024-02-19,MEDIANO,Comercializador regulado,10,1,"EPSC,EBSC,CDNC,CNSC,CHCC,EMIC,EDQC,EMSC,ESSC,CEOC",0.41,-99.75,0.005,1.036,0.0,100.0,1,694.0,-107.57,-118.13,0,3.6,1.64,0,0
2023-11-15,2024-02-12,2024-02-13,2024-02-19,GRANDE,Comercializador regulado,4,2,"EPMC,CSSC,ENDC,CMMC",-4.03,-78.19,0.005,1.068,0.0,85.7,1,542.19,-81.1,-85.02,1,20.8,6.43,0,0
2023-11-15,2024-02-12,2024-02-13,2024-02-19,PEQUEÑO,Trader expuesto a bolsa (sin cobertura),9,3,"SCEC,EBPC,HIMC,VESC,ESVC,RPEC,VICC,ESOC,EVSC",-87.66,-309.04,0.005,0.978,0.0,0.0,1,2166.75,-337.89,-376.83,0,1.5,2.44,0,0
2023-11-15,2024-02-12,2024-02-13,2024-02-19,MEDIANO,Trader no regulado,3,3,"SOEC,ISGC,GECC",14.79,-64.89,0.01,1.033,0.0,100.0,0,452.14,-65.95,-67.38,0,3.6,2.19,0,0
2023-11-15,2024-02-12,2024-02-13,2024-02-19,MEDIANO,Comercializador mixto,3,3,"ETTC,CASC,CHVC",31.87,-72.05,0.0199,1.011,0.0,100.0,0,499.14,-78.66,-87.58,0,3.6,5.3,0,0
2023-12-15,2024-03-13,2024-03-14,2024-03-20,PEQUEÑO,Comercializador regulado,10,10,"EGVC,EMPC,EXEC,TENC,ITLC,CQTC,NEUC,EDPC,EBPC,EPTC",98.45,-103.38,0.005,1.113,0.0,100.0,1,730.28,-107.67,-113.46,0,1.6,2.31,0,0
2023-12-15,2024-03-13,2024-03-14,2024-03-20,MEDIANO,Comercializador mixto,2,2,"ETTC,CHVC",42.61,-45.86,0.005,1.284,0.0,100.0,0,324.69,-57.47,-73.13,0,3.6,8.7,0,0
2023-12-15,2024-03-13,2024-03-14,2024-03-20,PEQUEÑO,Trader no regulado,10,10,"CBNC,FREC,GAPC,CMXC,DRUC,VESC,SCEC,GSAC,LESC,TRPC",29.36,-109.48,0.005,1.029,0.0,100.0,1,773.02,-127.28,-151.31,0,1.6,4.08,0,0
2023-12-15,2024-03-13,2024-03-14,2024-03-20,PEQUEÑO,Comercializador mixto,10,8,"ASCC,CETC,EMEC,ENBC,ENIC,EBPC,QIEC,DLRC,PEEC,RTAC",20.75,-235.98,0.005,1.055,0.0,28.6,1,1659.88,-235.17,-234.08,0,1.6,3.75,0,0
2023-12-15,2024-03-13,2024-03-14,2024-03-20,MEDIANO,Trader no regulado,3,3,"SOEC,ISGC,GECC",4.96,-77.02,0.005,1.195,0.0,100.0,1,540.88,-76.84,-76.6,0,3.6,0.6,0,0
2023-12-15,2024-03-13,2024-03-14,2024-03-20,MEDIANO,Comercializador regulado,10,3,"EPSC,CDNC,CEOC,CNSC,EBSC,ESSC,EDQC,CHCC,HLAC,EMSC",3.23,-106.83,0.005,1.108,0.0,100.0,1,755.51,-112.04,-119.07,0,3.6,1.97,0,0
2023-12-15,2024-03-13,2024-03-14,2024-03-20,GRANDE,Comercializador regulado,4,2,"EPMC,CSSC,ENDC,CMMC",-0.53,-90.08,0.005,1.149,0.0,0.0,1,637.3,-91.69,-93.86,1,21.1,5.88,0,0
2023-12-15,2024-03-13,2024-03-14,2024-03-20,PEQUEÑO,Trader expuesto a bolsa (sin cobertura),8,2,"SCEC,VESC,EVSC,HIMC,ESVC,RPEC,VICC,ESOC",-77.81,-307.87,0.005,1.055,0.0,0.0,1,2172.86,-329.63,-359.01,0,1.6,1.11,0,0
2024-01-14,2024-04-12,2024-04-13,2024-04-19,PEQUEÑO,Comercializador regulado,10,10,"EGVC,EMPC,EXEC,TENC,ITLC,CQTC,NEUC,EBPC,EDPC,TPLC",101.81,-163.39,0.005,1.727,0.0,100.0,1,1149.26,-155.21,-144.16,0,1.5,1.29,0,0
2024-01-14,2024-04-12,2024-04-13,2024-04-19,PEQUEÑO,Comercializador mixto,10,9,"ASCC,CETC,CHVC,EMEC,ENBC,ENIC,EBPC,SCEC,QIEC,DLRC",38.95,-110.86,0.005,2.05,0.0,100.0,1,769.31,-108.83,-106.08,0,1.5,4.15,0,0
2024-01-14,2024-04-12,2024-04-13,2024-04-19,MEDIANO,Trader no regulado,3,3,"SOEC,ISGC,GECC",7.79,-82.69,0.005,1.244,0.0,100.0,1,573.49,-80.75,-78.14,0,4.0,0.1,0,0
2024-01-14,2024-04-12,2024-04-13,2024-04-19,MEDIANO,Comercializador regulado,10,2,"EPSC,CDNC,CEOC,EBSC,CNSC,EDQC,HLAC,ESSC,EMSC,CHCC",1.25,-214.08,0.005,2.071,0.0,85.7,1,1508.79,-204.86,-192.41,0,4.0,2.08,0,0
2024-01-14,2024-04-12,2024-04-13,2024-04-19,GRANDE,Comercializador regulado,4,1,"EPMC,ENDC,CSSC,CMMC",-2.69,-159.07,0.005,1.837,0.0,28.6,1,1118.97,-152.83,-144.4,1,21.3,4.46,0,0
2024-01-14,2024-04-12,2024-04-13,2024-04-19,PEQUEÑO,Trader no regulado,10,7,"CBNC,FREC,GAPC,DRUC,CMXC,TRPC,LESC,FERC,GNYC,GSAC",-102.79,-260.94,0.005,1.353,0.0,100.0,1,1835.96,-266.18,-273.26,0,1.5,8.29,0,0
2024-01-14,2024-04-12,2024-04-13,2024-04-19,PEQUEÑO,Trader expuesto a bolsa (sin cobertura),8,2,"SCEC,EVSC,VESC,HIMC,RPEC,VICC,ESVC,ESOC",-107.65,-774.07,0.005,2.478,0.0,0.0,1,5458.81,-742.69,-700.33,0,1.5,1.96,0,0
2024-01-14,2024-04-12,2024-04-13,2024-04-19,MEDIANO,Comercializador mixto,1,1,ETTC,75.84,-47.18,0.5871,1.507,1.0,100.0,0,325.37,-45.41,-43.01,0,4.0,0.23,0,0
2024-02-13,2024-05-12,2024-05-13,2024-05-19,PEQUEÑO,Comercializador regulado,10,7,"EGVC,EMPC,TENC,EXEC,ITLC,CQTC,EBPC,EDPC,NEUC,TPLC",93.52,-49.2,0.005,0.52,0.0,28.6,0,351.65,-54.06,-60.63,0,1.5,2.3,0,0
2024-02-13,2024-05-12,2024-05-13,2024-05-19,PEQUEÑO,Comercializador mixto,10,7,"ASCC,CETC,CHVC,ENBC,EMEC,ENIC,EVSC,EBPC,SCEC,QIEC",42.71,-38.15,0.005,0.649,0.0,85.7,0,264.72,-39.59,-41.54,0,1.5,2.69,0,0
2024-02-13,2024-05-12,2024-05-13,2024-05-19,PEQUEÑO,Trader no regulado,10,9,"CBNC,GAPC,FREC,DRUC,CMXC,VESC,TRPC,LESC,FERC,GNYC",22.05,-67.47,0.005,0.417,0.0,14.3,0,482.53,-94.59,-131.18,0,1.5,11.82,0,0
2024-02-13,2024-05-12,2024-05-13,2024-05-19,MEDIANO,Comercializador regulado,10,3,"EPSC,CDNC,CEOC,EBSC,EDQC,CNSC,HLAC,ESSC,EMSC,CHCC",2.94,-20.25,0.005,0.196,0.0,100.0,0,151.33,-33.13,-50.51,0,4.0,1.3,0,0
2024-02-13,2024-05-12,2024-05-13,2024-05-19,MEDIANO,Trader no regulado,3,3,"SOEC,ISGC,GECC",0.0,-70.21,0.005,0.917,0.0,0.0,0,492.67,-70.13,-70.03,0,4.0,0.03,0,0
2024-02-13,2024-05-12,2024-05-13,2024-05-19,GRANDE,Comercializador regulado,4,1,"EPMC,ENDC,CSSC,CMMC",-6.12,-25.34,0.005,0.293,0.0,0.0,0,184.96,-34.5,-46.87,1,21.3,5.95,0,0
2024-02-13,2024-05-12,2024-05-13,2024-05-19,PEQUEÑO,Trader expuesto a bolsa (sin cobertura),7,1,"EVSC,HIMC,VESC,RPEC,VICC,ESVC,ESOC",-111.38,28.09,0.4527,-0.091,0.769,100.0,0,6.18,-30.94,-110.62,0,1.5,2.53,0,0
2024-02-13,2024-05-12,2024-05-13,2024-05-19,MEDIANO,Comercializador mixto,1,1,ETTC,73.7,-34.02,0.5423,0.857,1.0,0.0,0,239.21,-34.13,-34.28,0,4.0,0.41,0,0
2024-03-14,2024-06-11,2024-06-12,2024-06-18,PEQUEÑO,Integrado/regional regulado,10,5,"EGVC,TENC,EXEC,CQTC,EMPC,EDPC,ITLC,EBPC,ESOC,NEUC",50.02,-59.78,0.005,0.945,0.0,71.4,0,416.53,-62.62,-66.44,0,1.5,1.21,0,0
2024-03-14,2024-06-11,2024-06-12,2024-06-18,PEQUEÑO,Comercializador regulado,10,9,"ENBC,ASCC,CETC,CHVC,ENIC,EVSC,EMEC,EBPC,RTAC,QIEC",26.29,-63.72,0.005,0.911,0.0,71.4,0,440.52,-65.22,-67.24,0,1.5,2.97,0,0
2024-03-14,2024-06-11,2024-06-12,2024-06-18,PEQUEÑO,Trader no regulado,10,9,"CBNC,DRUC,GAPC,FREC,VESC,CMXC,TRPC,LESC,FERC,GNYC",4.33,-130.22,0.005,0.905,0.0,0.0,1,833.83,-150.66,-178.25,0,1.5,6.76,0,0
2024-03-14,2024-06-11,2024-06-12,2024-06-18,MEDIANO,Comercializador regulado,9,2,"ETTC,EPSC,EBSC,CNSC,ESSC,EMSC,CHCC,EMIC,GNCC",0.61,-46.38,0.005,0.647,0.0,42.9,0,331.02,-59.12,-76.33,0,3.9,2.48,0,0
2024-03-14,2024-06-11,2024-06-12,2024-06-18,GRANDE,Comercializador regulado,4,1,"EPMC,ENDC,CMMC,CSSC",-3.15,-40.15,0.005,0.757,0.0,42.9,0,290.3,-47.74,-57.98,1,21.4,5.15,0,0
2024-03-14,2024-06-11,2024-06-12,2024-06-18,PEQUEÑO,Trader expuesto a bolsa (sin cobertura),8,1,"EXIC,HIMC,ESVC,RPEC,VICC,EVSC,ESOC,VESC",-4.22,-28.52,0.0398,0.163,0.0,57.1,0,314.0,-81.53,-153.07,0,1.5,1.45,0,0
2024-03-14,2024-06-11,2024-06-12,2024-06-18,MEDIANO,Integrado/regional regulado,7,2,"CEOC,EDQC,HLAC,CDNC,CASC,EEPC,GNCC",-9.77,-48.77,0.0498,0.74,0.0,0.0,0,355.88,-58.54,-71.72,0,3.9,5.91,0,0
2024-03-14,2024-06-11,2024-06-12,2024-06-18,MEDIANO,Trader no regulado,3,3,"SOEC,GECC,ISGC",-10.62,-77.12,0.1841,1.006,0.0,0.0,1,540.07,-76.31,-75.21,0,3.9,0.06,0,0
2024-04-13,2024-07-11,2024-07-12,2024-07-18,PEQUEÑO,Comercializador regulado,10,8,"ENBC,ENIC,ASCC,EVSC,CETC,EBPC,EMEC,RTAC,QIEC,SCEC",23.55,-41.25,0.005,0.996,0.0,100.0,0,296.4,-59.32,-83.7,0,1.6,6.5,0,0
2024-04-13,2024-07-11,2024-07-12,2024-07-18,PEQUEÑO,Integrado/regional regulado,10,7,"EXEC,EGVC,ESOC,ITLC,CQTC,EMPC,EDPC,TENC,EBPC,NEUC",18.16,-56.29,0.005,1.042,0.0,100.0,0,394.2,-64.03,-74.48,0,1.6,1.3,0,0
2024-04-13,2024-07-11,2024-07-12,2024-07-18,MEDIANO,Integrado/regional regulado,7,3,"EDQC,CASC,CEOC,HLAC,CDNC,EEPC,GNCC",-2.23,-61.47,0.005,1.126,0.0,0.0,0,415.82,-73.18,-88.98,0,3.6,4.32,0,0
2024-04-13,2024-07-11,2024-07-12,2024-07-18,PEQUEÑO,Trader no regulado,10,9,"DRUC,CBNC,FREC,GAPC,CMXC,VESC,TRPC,LESC,FERC,GNYC",-8.14,-127.32,0.005,1.038,0.0,28.6,1,893.23,-134.13,-143.32,0,1.6,15.92,0,0
2024-04-13,2024-07-11,2024-07-12,2024-07-18,MEDIANO,Trader no regulado,3,3,"GECC,SOEC,ISGC",-36.31,-77.18,0.005,1.013,0.0,0.0,1,541.09,-77.34,-77.57,0,3.6,0.7,0,0
2024-04-13,2024-07-11,2024-07-12,2024-07-18,MEDIANO,Comercializador regulado,10,3,"CHCC,CNSC,ESSC,EBSC,EMSC,ETTC,EPSC,EMIC,CHVC,GNCC",2.45,-45.39,0.0149,1.127,0.0,28.6,0,310.78,-59.35,-78.19,0,3.6,7.09,0,0
2024-04-13,2024-07-11,2024-07-12,2024-07-18,PEQUEÑO,Trader expuesto a bolsa (sin cobertura),5,3,"RPEC,VICC,HIMC,EXIC,ESVC",46.22,-28.23,0.9453,3.252,0.004,100.0,0,151.8,-83.12,-157.21,0,1.6,2.44,0,0
2024-04-13,2024-07-11,2024-07-12,2024-07-18,GRANDE,Comercializador regulado,4,1,"ENDC,EPMC,CMMC,CSSC",-1.2,-40.61,0.9502,1.111,0.0,28.6,0,281.03,-49.71,-61.98,1,21.5,4.93,0,0
2024-05-13,2024-08-10,2024-08-11,2024-08-17,PEQUEÑO,Integrado/regional regulado,10,10,"EGVC,ESOC,EXEC,ITLC,EMPC,CQTC,TENC,EDPC,ESVC,EBPC",33.39,-71.13,0.005,1.366,0.0,100.0,0,486.74,-72.64,-74.68,0,1.6,1.2,0,0
2024-05-13,2024-08-10,2024-08-11,2024-08-17,PEQUEÑO,Trader no regulado,10,8,"CBNC,DRUC,FREC,GAPC,EXIC,CMXC,VESC,GSAC,FERC,GNYC",0.13,-129.37,0.005,1.342,0.0,100.0,1,897.02,-131.71,-134.87,0,1.6,2.68,0,0
2024-05-13,2024-08-10,2024-08-11,2024-08-17,MEDIANO,Integrado/regional regulado,7,7,"EDQC,CASC,CEOC,HLAC,CDNC,EEPC,GNCC",-11.98,-74.37,0.005,1.122,0.0,71.4,1,532.5,-76.1,-78.43,0,3.6,3.16,0,0
2024-05-13,2024-08-10,2024-08-11,2024-08-17,PEQUEÑO,Comercializador regulado,9,8,"ASCC,CETC,ENIC,EVSC,EMEC,QIEC,DLRC,PEEC,SCEC",-29.09,-74.59,0.005,0.541,0.0,100.0,1,564.86,-75.5,-76.73,0,1.6,4.38,0,0
2024-05-13,2024-08-10,2024-08-11,2024-08-17,MEDIANO,Trader no regulado,3,3,"GECC,SOEC,ISGC",-33.97,-101.55,0.005,1.319,0.0,57.1,1,673.43,-101.17,-100.66,0,3.6,0.96,0,0
2024-05-13,2024-08-10,2024-08-11,2024-08-17,MEDIANO,Comercializador regulado,10,5,"EBSC,EMSC,ESSC,CNSC,ETTC,CHCC,EPSC,EMIC,CHVC,GNCC",3.94,-79.15,0.0249,1.575,0.0,71.4,1,555.36,-83.8,-90.08,0,3.6,7.38,0,0
2024-05-13,2024-08-10,2024-08-11,2024-08-17,PEQUEÑO,Trader expuesto a bolsa (sin cobertura),5,3,"RPEC,VICC,ESVC,EXIC,HIMC",38.45,-199.0,0.9502,4.822,0.0,0.0,1,1490.81,-236.54,-287.21,0,1.6,2.44,0,0
2024-05-13,2024-08-10,2024-08-11,2024-08-17,GRANDE,Comercializador regulado,4,1,"ENDC,EPMC,CMMC,CSSC",-1.59,-60.0,0.9602,1.402,0.0,71.4,0,425.36,-62.75,-66.47,1,21.7,5.03,0,0
2024-06-12,2024-09-09,2024-09-10,2024-09-16,PEQUEÑO,Integrado/regional regulado,10,10,"EGVC,ESOC,EMPC,ITLC,CQTC,EXEC,EDPC,TENC,ESVC,EBPC",49.28,-90.22,0.005,1.683,0.0,100.0,1,663.83,-90.94,-91.9,0,1.6,0.98,0,0
2024-06-12,2024-09-09,2024-09-10,2024-09-16,PEQUEÑO,Trader no regulado,10,8,"CBNC,FREC,DRUC,GAPC,EXIC,CMXC,VESC,GSAC,FERC,GNYC",6.12,-113.52,0.005,1.021,0.0,100.0,1,844.45,-115.16,-117.38,0,1.6,5.76,0,0
2024-06-12,2024-09-09,2024-09-10,2024-09-16,MEDIANO,Comercializador regulado,10,4,"ETTC,EPSC,EBSC,EMSC,CHCC,ESSC,CNSC,CHVC,EMIC,GNCC",2.19,-133.34,0.005,2.231,0.0,28.6,1,1030.36,-137.54,-143.2,0,3.6,7.32,0,0
2024-06-12,2024-09-09,2024-09-10,2024-09-16,PEQUEÑO,Comercializador regulado,9,8,"ASCC,CETC,ENIC,EVSC,EMEC,QIEC,DLRC,PEEC,SCEC",0.0,-110.18,0.005,1.053,0.0,100.0,1,810.53,-111.23,-112.65,0,1.6,4.06,0,0
2024-06-12,2024-09-09,2024-09-10,2024-09-16,GRANDE,Comercializador regulado,4,2,"ENDC,EPMC,CMMC,CSSC",-2.69,-76.49,0.005,1.61,0.0,57.1,1,581.23,-77.98,-79.98,1,21.7,4.32,0,0
2024-06-12,2024-09-09,2024-09-10,2024-09-16,MEDIANO,Trader no regulado,3,3,"GECC,SOEC,ISGC",-29.4,-105.5,0.005,1.325,0.0,100.0,1,737.65,-104.58,-103.34,0,3.6,1.49,0,0
2024-06-12,2024-09-09,2024-09-10,2024-09-16,MEDIANO,Integrado/regional regulado,7,7,"EDQC,CASC,CEOC,HLAC,CDNC,EEPC,GNCC",0.0,-78.75,0.01,1.029,0.0,100.0,1,603.01,-80.56,-83.0,0,3.6,4.11,0,0
2024-06-12,2024-09-09,2024-09-10,2024-09-16,PEQUEÑO,Trader expuesto a bolsa (sin cobertura),5,3,"EXIC,ESVC,HIMC,RPEC,VICC",2.95,-345.73,0.1095,3.069,0.0,0.0,1,2851.13,-367.66,-397.25,0,1.6,2.44,0,0
2024-07-12,2024-10-09,2024-10-10,2024-10-16,PEQUEÑO,Integrado/regional regulado,10,8,"ESOC,EGVC,EMPC,CQTC,EDPC,ITLC,TENC,ESVC,EXEC,EBPC",68.5,-113.56,0.005,1.677,0.0,100.0,1,817.59,-111.07,-107.72,0,1.6,2.19,0,0
2024-07-12,2024-10-09,2024-10-10,2024-10-16,PEQUEÑO,Trader no regulado,10,8,"CBNC,FREC,GAPC,DRUC,EXIC,CMXC,VESC,GSAC,TRPC,FERC",16.93,-167.52,0.005,1.55,0.0,100.0,1,1217.13,-161.53,-153.44,0,1.6,8.88,0,0
2024-07-12,2024-10-09,2024-10-10,2024-10-16,PEQUEÑO,Comercializador regulado,9,8,"ASCC,CETC,ENIC,EVSC,EMEC,QIEC,DLRC,PEEC,SCEC",16.77,-98.36,0.005,0.997,0.0,100.0,1,690.43,-98.08,-97.71,0,1.6,5.78,0,0
2024-07-12,2024-10-09,2024-10-10,2024-10-16,MEDIANO,Comercializador regulado,10,4,"ETTC,EPSC,EBSC,EDQC,CHVC,EMSC,CHCC,EMIC,CNSC,ESSC",7.64,-166.01,0.005,1.936,0.0,85.7,1,1216.72,-159.41,-150.5,0,2.9,7.7,0,0
2024-07-12,2024-10-09,2024-10-10,2024-10-16,MEDIANO,Integrado/regional regulado,7,5,"HLAC,CDNC,CEOC,CASC,EDQC,EEPC,GNCC",0.01,-129.46,0.005,1.421,0.0,100.0,1,936.21,-126.27,-121.96,0,2.9,3.06,0,0
2024-07-12,2024-10-09,2024-10-10,2024-10-16,GRANDE,Comercializador regulado,3,2,"ENDC,EPMC,CMMC",0.0,-127.44,0.005,1.774,0.0,100.0,1,929.3,-122.87,-116.69,1,33.4,0.93,0,0
2024-07-12,2024-10-09,2024-10-10,2024-10-16,MEDIANO,Trader no regulado,3,3,"SOEC,ISGC,GECC",-19.17,-84.65,0.01,1.002,0.0,100.0,1,593.0,-83.47,-81.88,0,2.9,0.12,0,0
2024-07-12,2024-10-09,2024-10-10,2024-10-16,PEQUEÑO,Trader expuesto a bolsa (sin cobertura),3,1,"HIMC,RPEC,VICC",-172.06,-1107.42,0.806,2.97,0.0,0.0,1,8236.55,-1048.3,-968.52,0,1.6,0.0,0,0
2024-08-11,2024-11-08,2024-11-09,2024-11-15,PEQUEÑO,Integrado/regional regulado,10,9,"ESOC,EGVC,EMPC,EDPC,ITLC,ESVC,CQTC,TENC,EBPC,EXEC",115.76,-98.82,0.005,1.005,0.0,100.0,1,692.04,-97.97,-96.81,0,1.6,2.23,0,0
2024-08-11,2024-11-08,2024-11-09,2024-11-15,PEQUEÑO,Trader no regulado,10,8,"CBNC,FREC,EXIC,GAPC,CMXC,DRUC,VESC,TRPC,FERC,GNYC",19.49,-148.0,0.005,0.887,0.0,100.0,1,1053.0,-146.42,-144.28,0,1.6,8.23,0,0
2024-08-11,2024-11-08,2024-11-09,2024-11-15,PEQUEÑO,Comercializador mixto,9,8,"ASCC,CETC,ENIC,EMEC,EVSC,QIEC,DLRC,PEEC,SCEC",15.71,-111.13,0.005,0.749,0.0,100.0,1,845.58,-109.56,-107.44,0,1.6,8.98,0,0
2024-08-11,2024-11-08,2024-11-09,2024-11-15,MEDIANO,Trader no regulado,3,3,"SOEC,ISGC,GECC",1.43,-82.86,0.005,0.967,0.0,100.0,1,584.26,-81.94,-80.69,0,3.0,0.08,0,0
2024-08-11,2024-11-08,2024-11-09,2024-11-15,GRANDE,Comercializador regulado,3,3,"ENDC,EPMC,CMMC",0.0,-92.62,0.005,0.947,0.0,0.0,1,663.82,-91.81,-90.72,1,33.5,1.62,0,0
2024-08-11,2024-11-08,2024-11-09,2024-11-15,MEDIANO,Comercializador regulado,10,4,"EPSC,EBSC,CHCC,EMSC,CSSC,CNSC,EMIC,ESSC,GNCC,CSIC",-39.03,-169.12,0.005,0.981,0.0,0.0,1,1204.46,-168.3,-167.2,0,3.0,4.88,0,0
2024-08-11,2024-11-08,2024-11-09,2024-11-15,MEDIANO,Integrado/regional regulado,7,6,"CDNC,HLAC,CASC,CEOC,EDQC,EEPC,GNCC",0.0,-105.35,0.01,0.947,0.0,100.0,1,756.79,-104.51,-103.39,0,3.0,3.81,0,0
2024-08-11,2024-11-08,2024-11-09,2024-11-15,MEDIANO,Comercializador mixto,3,3,"ETTC,EBSC,CHVC",47.91,-47.64,0.0149,0.931,0.0,100.0,0,340.76,-46.76,-45.58,0,3.0,2.3,0,0
2024-08-11,2024-11-08,2024-11-09,2024-11-15,PEQUEÑO,Trader expuesto a bolsa (sin cobertura),4,2,"EVSC,HIMC,RPEC,VICC",-185.01,-581.49,0.0945,0.882,0.0,0.0,1,4168.88,-578.33,-574.07,0,1.6,1.26,0,0
2024-09-10,2024-12-08,2024-12-09,2024-12-15,PEQUEÑO,Integrado/regional regulado,10,9,"ESOC,EGVC,EMPC,EDPC,ESVC,CQTC,ITLC,TENC,EBPC,EXEC",130.67,-104.24,0.005,1.049,0.0,100.0,1,731.02,-103.98,-103.63,0,1.6,2.38,0,0
2024-09-10,2024-12-08,2024-12-09,2024-12-15,PEQUEÑO,Trader no regulado,10,9,"CBNC,FREC,EXIC,GAPC,CMXC,DRUC,VESC,PEEC,TRPC,FERC",22.36,-163.58,0.005,0.953,0.0,100.0,1,1149.74,-163.18,-162.63,0,1.6,3.58,0,0
2024-09-10,2024-12-08,2024-12-09,2024-12-15,PEQUEÑO,Comercializador regulado,9,6,"ASCC,CETC,ENIC,EMEC,EVSC,QIEC,DLRC,SCEC,PEEC",11.83,-62.2,0.005,1.118,0.0,100.0,0,430.65,-62.3,-62.43,0,1.6,8.71,0,0
2024-09-10,2024-12-08,2024-12-09,2024-12-15,MEDIANO,Trader no regulado,3,3,"SOEC,ISGC,GECC",0.74,-89.53,0.005,1.065,0.0,100.0,1,626.82,-89.64,-89.8,0,3.7,0.12,0,0
2024-09-10,2024-12-08,2024-12-09,2024-12-15,MEDIANO,Comercializador regulado,10,5,"ETTC,EPSC,CHVC,EBSC,CHCC,EMSC,EMIC,CNSC,ESSC,GNCC",-1.73,-128.75,0.005,0.987,0.0,100.0,1,922.72,-127.85,-126.64,0,3.7,9.28,0,0
2024-09-10,2024-12-08,2024-12-09,2024-12-15,GRANDE,Comercializador regulado,4,4,"ENDC,EPMC,CMMC,CSIC",-2.92,-103.55,0.005,0.991,0.0,85.7,1,743.6,-102.94,-102.12,1,22.0,2.83,0,0
2024-09-10,2024-12-08,2024-12-09,2024-12-15,MEDIANO,Integrado/regional regulado,7,6,"CDNC,HLAC,CASC,CEOC,EDQC,EEPC,GNCC",-1.66,-118.53,0.01,1.026,0.0,100.0,1,838.74,-118.1,-117.52,0,3.7,4.41,0,0
2024-09-10,2024-12-08,2024-12-09,2024-12-15,PEQUEÑO,Trader expuesto a bolsa (sin cobertura),4,2,"EVSC,HIMC,RPEC,VICC",-199.28,-629.43,0.2438,0.944,0.0,0.0,1,4527.11,-620.49,-608.41,0,1.6,1.22,0,0
2024-10-10,2025-01-07,2025-01-08,2025-01-14,PEQUEÑO,Integrado/regional regulado,10,9,"ESOC,EMPC,ESVC,CQTC,EGVC,EDPC,ITLC,TENC,EBPC,EXEC",127.25,-45.3,0.005,0.431,0.0,100.0,0,331.92,-51.8,-60.58,0,1.6,4.01,0,0
2024-10-10,2025-01-07,2025-01-08,2025-01-14,PEQUEÑO,Trader no regulado,10,9,"CBNC,FREC,EXIC,ENBC,GAPC,CMXC,DRUC,VESC,PEEC,GSAC",48.03,-81.35,0.005,0.576,0.0,28.6,1,562.73,-87.67,-96.21,0,1.6,6.29,0,0
2024-10-10,2025-01-07,2025-01-08,2025-01-14,PEQUEÑO,Comercializador mixto,9,6,"CETC,ASCC,ENIC,EMEC,EVSC,QIEC,DLRC,SCEC,PEEC",39.07,-312.59,0.005,2.85,0.0,0.0,1,2240.56,-285.17,-248.17,0,1.6,17.88,0,0
2024-10-10,2025-01-07,2025-01-08,2025-01-14,MEDIANO,Trader no regulado,3,3,"SOEC,ISGC,GECC",0.0,-67.5,0.005,0.797,0.0,14.3,0,488.16,-70.0,-73.37,0,3.7,0.07,0,0
2024-10-10,2025-01-07,2025-01-08,2025-01-14,GRANDE,Comercializador regulado,4,4,"ENDC,EPMC,CMMC,CSIC",-0.39,-33.06,0.005,0.311,0.0,28.6,0,254.01,-40.51,-50.56,1,21.8,16.92,0,0
2024-10-10,2025-01-07,2025-01-08,2025-01-14,MEDIANO,Comercializador regulado,8,3,"EPSC,EBSC,CHCC,CNSC,EMIC,EMSC,ESSC,GNCC",-23.29,-29.33,0.005,0.201,0.0,71.4,0,242.95,-40.94,-56.6,0,3.7,12.15,0,0
2024-10-10,2025-01-07,2025-01-08,2025-01-14,PEQUEÑO,Trader expuesto a bolsa (sin cobertura),5,3,"EGVC,EVSC,HIMC,RPEC,VICC",-116.59,-3.78,0.01,0.006,0.004,71.4,0,330.79,-61.41,-139.18,0,1.6,2.28,0,0
2024-10-10,2025-01-07,2025-01-08,2025-01-14,MEDIANO,Integrado/regional regulado,7,6,"CDNC,HLAC,CASC,CEOC,EDQC,EEPC,GNCC",0.0,-31.83,0.0149,0.271,0.0,28.6,0,251.2,-40.89,-53.11,0,3.7,7.17,0,0
2024-10-10,2025-01-07,2025-01-08,2025-01-14,MEDIANO,Comercializador mixto,3,3,"ETTC,EBSC,CHVC",46.45,-41.18,0.0249,0.799,0.0,28.6,0,296.48,-42.47,-44.22,0,3.7,2.19,0,0
2024-11-09,2025-02-06,2025-02-07,2025-02-13,PEQUEÑO,Integrado/regional regulado,10,9,"ESOC,EGVC,CETC,CQTC,EVSC,EBPC,EMPC,TENC,EDPC,ESVC",92.0,-67.01,0.005,0.855,0.0,100.0,0,480.04,-68.67,-70.92,0,1.6,1.02,0,0
2024-11-09,2025-02-06,2025-02-07,2025-02-13,MEDIANO,Comercializador mixto,2,2,"ETTC,CHVC",53.12,-44.77,0.005,0.942,0.0,100.0,0,313.39,-45.02,-45.36,0,3.7,9.58,0,0
2024-11-09,2025-02-06,2025-02-07,2025-02-13,PEQUEÑO,Comercializador mixto,10,7,"CETC,ASCC,ENIC,EBPC,EVSC,EMEC,QIEC,DLRC,PEEC,SCEC",48.8,-284.44,0.005,1.016,0.0,0.0,1,1962.65,-274.96,-262.17,0,1.6,15.16,0,0
2024-11-09,2025-02-06,2025-02-07,2025-02-13,PEQUEÑO,Trader no regulado,10,10,"CBNC,ENBC,FREC,GAPC,EXIC,CMXC,DRUC,VESC,GSAC,TRPC",28.59,-88.73,0.005,0.824,0.0,100.0,1,649.52,-91.25,-94.66,0,1.6,2.99,0,0
2024-11-09,2025-02-06,2025-02-07,2025-02-13,GRANDE,Comercializador regulado,4,3,"ENDC,CMMC,EPMC,CSIC",-0.21,-81.41,0.005,0.821,0.0,14.3,1,556.43,-84.06,-87.63,1,21.1,13.29,0,0
2024-11-09,2025-02-06,2025-02-07,2025-02-13,MEDIANO,Comercializador regulado,8,4,"EPSC,EBSC,CHCC,CNSC,ESSC,EMSC,EMIC,GNCC",-0.9,-103.55,0.005,0.85,0.0,85.7,1,677.59,-107.08,-111.84,0,3.7,8.57,0,0
2024-11-09,2025-02-06,2025-02-07,2025-02-13,MEDIANO,Integrado/regional regulado,9,8,"CHCC,HLAC,EDQC,CDNC,CEOC,CASC,EBSC,EEPC,GNCC",-2.43,-84.77,0.005,0.853,0.0,100.0,1,553.97,-87.78,-91.84,0,3.7,2.27,0,0
2024-11-09,2025-02-06,2025-02-07,2025-02-13,MEDIANO,Trader no regulado,3,3,"SOEC,ISGC,GECC",-28.79,-80.4,0.005,0.956,0.0,85.7,1,560.6,-80.8,-81.34,0,3.7,0.88,0,0
2024-11-09,2025-02-06,2025-02-07,2025-02-13,PEQUEÑO,Trader expuesto a bolsa (sin cobertura),6,4,"EGVC,VESC,EVSC,HIMC,RPEC,VICC",-146.94,-321.86,0.4478,0.772,0.0,0.0,1,2035.5,-343.41,-372.5,0,1.6,0.2,0,0
2024-12-09,2025-03-08,2025-03-09,2025-03-15,PEQUEÑO,Integrado/regional regulado,10,6,"ESOC,CETC,EVSC,EBPC,ENIC,TENC,CQTC,EMPC,EDPC,EXEC",61.64,-46.22,0.005,0.543,0.0,100.0,0,326.97,-55.68,-68.44,0,1.7,1.12,0,0
2024-12-09,2025-03-08,2025-03-09,2025-03-15,PEQUEÑO,Trader no regulado,10,9,"ENBC,CBNC,FREC,GAPC,CMXC,EXIC,DRUC,VESC,FERC,GNYC",21.58,-83.79,0.005,0.653,0.0,28.6,1,585.44,-90.66,-99.94,0,1.7,4.37,0,0
2024-12-09,2025-03-08,2025-03-09,2025-03-15,MEDIANO,Comercializador regulado,6,3,"EBSC,EPSC,ESSC,CNSC,EMSC,EMIC",4.29,-23.29,0.005,0.272,0.0,85.7,0,169.55,-38.58,-59.21,0,3.3,2.95,0,0
2024-12-09,2025-03-08,2025-03-09,2025-03-15,MEDIANO,Integrado/regional regulado,10,4,"CHCC,EDQC,CDNC,HLAC,EBSC,CEOC,CASC,EEPC,BIAC,GNCC",-5.49,-28.66,0.005,0.4,0.0,71.4,0,204.94,-39.1,-53.2,0,3.3,1.87,0,0
2024-12-09,2025-03-08,2025-03-09,2025-03-15,PEQUEÑO,Trader con sobrecobertura de contratos,10,4,"CETC,ASCC,EBPC,EMEC,GSAC,TRPC,RTQC,DLRC,PEEC,SCEC",-318.55,-1128.54,0.005,0.939,0.0,0.0,1,8269.04,-1142.78,-1162.0,0,1.7,19.41,0,0
2024-12-09,2025-03-08,2025-03-09,2025-03-15,MEDIANO,Trader con sobrecobertura de contratos,2,2,"ETTC,CHVC",29.85,-33.16,0.01,0.728,0.0,14.3,0,233.51,-35.39,-38.39,0,3.3,8.93,0,0
2024-12-09,2025-03-08,2025-03-09,2025-03-15,MEDIANO,Trader no regulado,3,3,"SOEC,GECC,ISGC",-25.87,-69.27,0.0149,0.84,0.0,0.0,0,484.73,-71.88,-75.4,0,3.3,1.84,0,0
2024-12-09,2025-03-08,2025-03-09,2025-03-15,PEQUEÑO,Trader expuesto a bolsa (sin cobertura),7,1,"EGVC,HIMC,RPEC,VICC,VESC,EVSC,BEIC",-75.21,6.39,0.6368,-0.028,0.12,100.0,0,57.82,-48.67,-122.99,0,1.7,0.39,0,0
2024-12-09,2025-03-08,2025-03-09,2025-03-15,GRANDE,Comercializador regulado,4,2,"CMMC,ENDC,EPMC,CSIC",0.0,-26.84,0.9652,0.363,0.0,0.0,0,192.12,-36.69,-49.98,1,20.9,13.04,0,0
2025-01-08,2025-04-07,2025-04-08,2025-04-14,PEQUEÑO,Integrado/regional regulado,10,6,"ENIC,EVSC,ASCC,CETC,ESOC,EMPC,CQTC,TENC,EBPC,EDPC",46.64,-38.34,0.005,0.863,0.0,100.0,0,272.53,-43.52,-50.52,0,1.8,1.14,0,0
2025-01-08,2025-04-07,2025-04-08,2025-04-14,PEQUEÑO,Trader no regulado,10,9,"CBNC,FREC,CMXC,GAPC,EXIC,DRUC,VESC,BEIC,GSAC,FERC",-15.58,-51.47,0.005,0.812,0.0,100.0,0,353.29,-60.46,-72.6,0,1.8,5.25,0,0
2025-01-08,2025-04-07,2025-04-08,2025-04-14,MEDIANO,Trader no regulado,4,4,"GECC,CHVC,SOEC,ISGC",-23.18,-67.17,0.005,0.908,0.0,0.0,0,476.52,-67.16,-67.16,0,3.1,2.6,0,0
2025-01-08,2025-04-07,2025-04-08,2025-04-14,MEDIANO,Integrado/regional regulado,7,5,"EDQC,ETTC,HLAC,EEPC,BIAC,NEUC,GNCC",-42.56,-70.69,0.01,0.908,0.0,0.0,0,498.55,-75.97,-83.1,0,3.1,5.54,0,0
2025-01-08,2025-04-07,2025-04-08,2025-04-14,MEDIANO,Comercializador regulado,10,2,"ESSC,CDNC,CASC,EBSC,CNSC,EMSC,CHCC,EMIC,HLAC,CEOC",8.71,-12.25,0.0398,0.381,0.0,85.7,0,76.75,-28.63,-50.75,0,3.1,3.74,0,0
2025-01-08,2025-04-07,2025-04-08,2025-04-14,PEQUEÑO,Trader expuesto a bolsa (sin cobertura),6,2,"RPEC,VICC,HIMC,EGVC,VESC,BEIC",46.34,36.26,0.4328,-3.608,1.0,100.0,0,0.0,-21.69,-99.91,0,1.8,36.88,0,0
2025-01-08,2025-04-07,2025-04-08,2025-04-14,GRANDE,Comercializador regulado,4,1,"CMMC,EPMC,ENDC,CSIC",-0.24,-17.26,0.9701,0.543,0.0,14.3,0,114.51,-27.77,-41.96,1,21.6,8.2,0,0
2025-02-07,2025-05-07,2025-05-08,2025-05-14,PEQUEÑO,Integrado/regional regulado,10,6,"ENIC,EGVC,EMPC,EVSC,ASCC,CETC,ESOC,CQTC,TENC,EBPC",40.94,-30.29,0.005,0.766,0.0,100.0,0,222.38,-35.64,-42.85,0,1.8,0.82,0,0
2025-02-07,2025-05-07,2025-05-08,2025-05-14,MEDIANO,Comercializador regulado,10,2,"EBSC,CASC,CNSC,CDNC,ESSC,EMSC,EMIC,CHCC,CEOC,HLAC",13.2,4.51,0.005,-0.287,0.068,100.0,0,16.33,-14.21,-39.48,0,3.1,7.17,0,0
2025-02-07,2025-05-07,2025-05-08,2025-05-14,GRANDE,Comercializador regulado,4,1,"EPMC,CSIC,CMMC,ENDC",-0.52,-3.83,0.005,0.182,0.0,28.6,0,49.95,-15.81,-31.97,1,21.6,8.65,0,0
2025-02-07,2025-05-07,2025-05-08,2025-05-14,PEQUEÑO,Trader no regulado,10,10,"CBNC,FREC,GAPC,CMXC,DRUC,EXIC,VESC,BEIC,EMEC,GSAC",-7.86,-45.72,0.005,0.731,0.0,85.7,0,342.69,-58.78,-76.42,0,1.8,3.67,0,0
2025-02-07,2025-05-07,2025-05-08,2025-05-14,MEDIANO,Trader no regulado,4,4,"GECC,CHVC,SOEC,ISGC",-36.83,-65.6,0.005,0.938,0.0,0.0,0,460.57,-68.91,-73.38,0,3.1,0.99,0,0
2025-02-07,2025-05-07,2025-05-08,2025-05-14,MEDIANO,Integrado/regional regulado,7,6,"EDQC,ETTC,HLAC,EEPC,BIAC,GNCC,NEUC",-42.56,-65.05,0.005,0.88,0.0,0.0,0,463.82,-70.35,-77.51,0,3.1,4.16,0,0
2025-02-07,2025-05-07,2025-05-08,2025-05-14,PEQUEÑO,Trader expuesto a bolsa (sin cobertura),4,2,"RPEC,VICC,HIMC,EGVC",106.88,102.9,0.6269,2.974,0.999,100.0,0,0.0,36.92,-52.13,0,1.8,1.22,0,0
2025-03-09,2025-06-06,2025-06-07,2025-06-13,PEQUEÑO,Integrado/regional regulado,10,8,"ENIC,EMPC,EVSC,EGVC,ESOC,CETC,CQTC,TENC,EBPC,EXEC",38.05,-29.24,0.005,0.876,0.0,100.0,0,202.76,-34.57,-41.77,0,1.8,1.01,0,0
2025-03-09,2025-06-06,2025-06-07,2025-06-13,MEDIANO,Comercializador regulado,6,5,"CNSC,EBSC,ESSC,EMIC,EMSC,EPSC",23.75,4.11,0.005,-6.85,0.998,100.0,0,0.0,-13.29,-36.77,0,3.1,1.73,0,0
2025-03-09,2025-06-06,2025-06-07,2025-06-13,MEDIANO,Integrado/regional regulado,10,10,"EBSC,CASC,EDQC,CHCC,CDNC,CEOC,HLAC,EEPC,BIAC,GNCC",3.54,-24.78,0.005,0.827,0.0,100.0,0,171.76,-30.38,-37.95,0,3.1,3.05,0,0
2025-03-09,2025-06-06,2025-06-07,2025-06-13,PEQUEÑO,Trader no regulado,10,10,"GAPC,CMXC,CBNC,FREC,DRUC,EXIC,BEIC,VESC,LESC,TRPC",-15.07,-65.61,0.005,0.913,0.0,14.3,0,457.57,-80.78,-101.26,0,1.8,6.0,0,0
2025-03-09,2025-06-06,2025-06-07,2025-06-13,MEDIANO,Trader no regulado,3,3,"GECC,SOEC,ISGC",-39.03,-64.17,0.005,0.952,0.0,0.0,0,447.86,-67.84,-72.8,0,3.1,0.59,0,0
2025-03-09,2025-06-06,2025-06-07,2025-06-13,PEQUEÑO,Trader con sobrecobertura de contratos,8,3,"ASCC,EMEC,BCCC,DLRC,PEEC,SCEC,RTQC,TRPC",-430.04,-1162.1,0.005,0.99,0.0,0.0,1,8129.68,-1150.21,-1134.16,0,1.8,19.83,0,0
2025-03-09,2025-06-06,2025-06-07,2025-06-13,MEDIANO,Trader con sobrecobertura de contratos,2,2,"ETTC,CHVC",-19.61,-28.17,0.0149,0.905,0.0,85.7,0,195.96,-28.57,-29.12,0,3.1,18.04,0,0
2025-03-09,2025-06-06,2025-06-07,2025-06-13,PEQUEÑO,Trader expuesto a bolsa (sin cobertura),4,2,"RPEC,VICC,HIMC,EGVC",142.19,103.3,0.7214,1.16,0.981,100.0,0,0.0,39.69,-46.16,0,1.8,1.22,0,0
2025-03-09,2025-06-06,2025-06-07,2025-06-13,GRANDE,Comercializador regulado,4,3,"CSIC,EPMC,CMMC,ENDC",-0.62,-3.75,0.9502,0.469,0.0,85.7,0,25.48,-15.01,-30.2,1,21.9,11.56,0,0
2025-04-08,2025-07-06,2025-07-07,2025-07-13,PEQUEÑO,Integrado/regional regulado,10,9,"ENIC,EMPC,EVSC,TENC,CETC,ESOC,CQTC,EBPC,EDPC,EGVC",31.29,-30.6,0.005,1.081,0.0,100.0,0,216.23,-34.07,-38.76,0,1.8,1.08,0,0
2025-04-08,2025-07-06,2025-07-07,2025-07-13,MEDIANO,Integrado/regional regulado,10,10,"EBSC,CNSC,ESSC,EMIC,EDQC,CHCC,CASC,EMSC,CEOC,HLAC",23.21,-10.12,0.005,1.782,0.0,100.0,0,76.79,-19.57,-32.32,0,3.1,3.26,0,0
2025-04-08,2025-07-06,2025-07-07,2025-07-13,GRANDE,Integrado/regional regulado,4,4,"CSIC,EPMC,CMMC,ENDC",-1.04,-10.94,0.005,1.653,0.0,57.1,0,81.31,-19.13,-30.17,1,21.8,9.48,0,0
2025-04-08,2025-07-06,2025-07-07,2025-07-13,MEDIANO,Trader con sobrecobertura de contratos,4,4,"ETTC,SOEC,CHVC,ISGC",-41.38,-65.63,0.005,1.019,0.0,0.0,0,458.93,-66.1,-66.72,0,3.1,0.87,0,0
2025-04-08,2025-07-06,2025-07-07,2025-07-13,PEQUEÑO,Trader con sobrecobertura de contratos,10,6,"CBNC,ASCC,CMXC,EMEC,VESC,BCCC,FERC,PEEC,SCEC,TRPC",-432.32,-1347.84,0.005,1.004,0.0,0.0,1,9432.77,-1349.77,-1352.37,0,1.8,28.36,0,0
2025-04-08,2025-07-06,2025-07-07,2025-07-13,PEQUEÑO,Trader no regulado,10,10,"GAPC,CMXC,FREC,CBNC,VESC,DRUC,EXIC,BEIC,TRPC,LESC",8.63,-51.23,0.01,1.121,0.0,85.7,0,364.46,-61.3,-74.88,0,1.8,4.3,0,0
2025-04-08,2025-07-06,2025-07-07,2025-07-13,MEDIANO,Trader no regulado,1,1,GECC,30.8,-1.79,0.592,-0.628,1.0,100.0,0,21.21,-14.55,-31.77,0,3.1,0.86,0,0
2025-04-08,2025-07-06,2025-07-07,2025-07-13,PEQUEÑO,Trader expuesto a bolsa (sin cobertura),3,1,"RPEC,VICC,HIMC",159.92,80.15,0.7363,0.787,0.999,100.0,0,0.0,21.27,-58.19,0,1.8,0.0,0,0
2025-05-08,2025-08-05,2025-08-06,2025-08-12,PEQUEÑO,Integrado/regional regulado,10,8,"EMPC,ENIC,EVSC,TENC,ASCC,CETC,ESOC,EDPC,CQTC,EBPC",28.23,-36.89,0.005,1.149,0.0,100.0,0,256.09,-38.89,-41.58,0,1.8,0.54,0,0
2025-05-08,2025-08-05,2025-08-06,2025-08-12,MEDIANO,Integrado/regional regulado,10,10,"EBSC,ESSC,CNSC,EMIC,CHCC,EDQC,CASC,ETTC,EMSC,CEOC",26.37,-18.47,0.005,2.365,0.0,100.0,0,123.08,-26.92,-38.32,0,3.1,4.06,0,0
2025-05-08,2025-08-05,2025-08-06,2025-08-12,PEQUEÑO,Trader no regulado,10,10,"GAPC,FREC,CBNC,CMXC,DRUC,EXIC,BEIC,VESC,BCCC,LESC",-1.45,-69.7,0.005,1.165,0.0,57.1,0,482.38,-76.93,-86.69,0,1.8,4.58,0,0
2025-05-08,2025-08-05,2025-08-06,2025-08-12,GRANDE,Integrado/regional regulado,4,4,"CSIC,CMMC,ENDC,EPMC",-2.1,-19.32,0.005,1.851,0.0,57.1,0,130.25,-25.88,-34.73,1,22.0,9.27,0,0
2025-05-08,2025-08-05,2025-08-06,2025-08-12,MEDIANO,Trader no regulado,4,4,"GECC,SOEC,CHVC,ISGC",-35.38,-64.99,0.005,1.055,0.0,0.0,0,454.0,-64.98,-64.96,0,3.1,1.73,0,0
2025-05-08,2025-08-05,2025-08-06,2025-08-12,PEQUEÑO,Trader expuesto a bolsa (sin cobertura),3,1,"RPEC,VICC,HIMC",153.47,59.47,0.6468,0.6,1.0,100.0,0,0.0,2.12,-75.29,0,1.8,0.0,0,0
2025-06-07,2025-09-04,2025-09-05,2025-09-11,PEQUEÑO,Integrado/regional regulado,10,9,"EMPC,ENIC,CETC,EVSC,ESOC,EDPC,TENC,EBPC,EXEC,CQTC",32.12,-41.64,0.005,1.299,0.0,100.0,0,281.16,-44.3,-47.89,0,1.9,1.12,0,0
2025-06-07,2025-09-04,2025-09-05,2025-09-11,MEDIANO,Integrado/regional regulado,10,6,"EBSC,ESSC,CNSC,CHCC,EDQC,EMIC,CASC,EMSC,CEOC,EPSC",22.4,-30.83,0.005,2.597,0.0,100.0,0,188.04,-38.07,-47.85,0,3.0,2.92,0,0
2025-06-07,2025-09-04,2025-09-05,2025-09-11,PEQUEÑO,Trader no regulado,10,10,"FREC,GAPC,CBNC,EXIC,CMXC,DRUC,BEIC,VESC,TRPC,LESC",6.94,-92.2,0.005,1.258,0.0,14.3,1,622.02,-95.61,-100.21,0,1.9,4.37,0,0
2025-06-07,2025-09-04,2025-09-05,2025-09-11,GRANDE,Integrado/regional regulado,4,3,"CSIC,CMMC,ENDC,EPMC",-0.86,-30.01,0.005,1.96,0.0,14.3,0,190.28,-34.83,-41.34,1,22.2,8.92,0,0
2025-06-07,2025-09-04,2025-09-05,2025-09-11,MEDIANO,Trader no regulado,3,3,"GECC,SOEC,ISGC",-4.15,-44.88,0.005,1.115,0.0,71.4,0,312.45,-44.69,-44.44,0,3.0,0.03,0,0
2025-06-07,2025-09-04,2025-09-05,2025-09-11,MEDIANO,Trader con sobrecobertura de contratos,2,2,"ETTC,CHVC",-19.89,-38.09,0.005,1.136,0.0,85.7,0,264.95,-37.6,-36.95,0,3.0,11.42,0,0
2025-06-07,2025-09-04,2025-09-05,2025-09-11,PEQUEÑO,Trader con sobrecobertura de contratos,6,3,"ASCC,EMEC,RTQC,PEEC,SCEC,BCCC",-432.81,-1085.89,0.005,1.018,0.0,0.0,1,7594.95,-1062.57,-1031.1,0,1.9,16.36,0,0
2025-06-07,2025-09-04,2025-09-05,2025-09-11,PEQUEÑO,Trader expuesto a bolsa (sin cobertura),3,1,"RPEC,VICC,HIMC",134.8,7.26,0.8308,0.088,0.583,100.0,0,56.9,-44.54,-114.45,0,1.9,0.0,0,0
2025-07-07,2025-10-04,2025-10-05,2025-10-11,PEQUEÑO,Integrado/regional regulado,10,8,"ENIC,EVSC,EMPC,CETC,ESOC,TENC,EDPC,EBPC,EXEC,CQTC",33.65,-40.82,0.005,0.99,0.0,100.0,0,276.32,-42.4,-44.53,0,1.9,1.1,0,0
2025-07-07,2025-10-04,2025-10-05,2025-10-11,MEDIANO,Integrado/regional regulado,10,6,"CNSC,EBSC,ESSC,CHCC,EDQC,EMIC,EMSC,CASC,EPSC,CEOC",16.64,-27.42,0.005,0.997,0.0,100.0,0,169.24,-34.74,-44.62,0,3.0,2.07,0,0
2025-07-07,2025-10-04,2025-10-05,2025-10-11,MEDIANO,Trader no regulado,3,3,"GECC,SOEC,ISGC",0.0,-42.47,0.005,0.978,0.0,71.4,0,294.87,-42.42,-42.35,0,3.0,0.33,0,0
2025-07-07,2025-10-04,2025-10-05,2025-10-11,GRANDE,Integrado/regional regulado,4,1,"CSIC,EPMC,CMMC,ENDC",-0.33,-26.13,0.005,0.992,0.0,57.1,0,164.98,-32.17,-40.31,1,22.3,8.11,0,0
2025-07-07,2025-10-04,2025-10-05,2025-10-11,PEQUEÑO,Trader no regulado,10,10,"FREC,GAPC,CBNC,CMXC,EXIC,DRUC,BEIC,VESC,LESC,FERC",-1.86,-93.76,0.005,1.111,0.0,0.0,1,637.16,-98.25,-104.31,0,1.9,6.04,0,0
2025-07-07,2025-10-04,2025-10-05,2025-10-11,MEDIANO,Trader con sobrecobertura de contratos,2,2,"ETTC,CHVC",-19.65,-36.09,0.005,1.0,0.0,100.0,0,250.25,-39.55,-44.22,0,3.0,12.88,0,0
2025-07-07,2025-10-04,2025-10-05,2025-10-11,PEQUEÑO,Trader con sobrecobertura de contratos,5,3,"ASCC,EMEC,RTQC,PEEC,SCEC",-415.32,-1015.71,0.005,1.008,0.0,0.0,1,7101.48,-982.88,-938.56,0,1.9,13.87,0,0
2025-07-07,2025-10-04,2025-10-05,2025-10-11,PEQUEÑO,Trader expuesto a bolsa (sin cobertura),4,2,"RPEC,VICC,HIMC,GSAC",91.1,18.38,0.7015,0.866,0.992,100.0,0,2.59,-34.6,-106.11,0,1.9,11.03,0,0
2025-08-06,2025-11-03,2025-11-04,2025-11-10,PEQUEÑO,Integrado/regional regulado,10,8,"EMPC,ENIC,EVSC,CETC,ESOC,TENC,EDPC,CQTC,EBPC,EXEC",38.17,-36.29,0.005,0.809,0.0,100.0,0,256.35,-38.41,-41.28,0,1.7,1.67,0,0
2025-08-06,2025-11-03,2025-11-04,2025-11-10,MEDIANO,Integrado/regional regulado,10,6,"CNSC,EBSC,ESSC,CHCC,EDQC,EMIC,EMSC,EPSC,CEOC,CDNC",12.38,-15.92,0.005,0.56,0.0,100.0,0,116.5,-24.52,-36.13,0,3.1,1.57,0,0
2025-08-06,2025-11-03,2025-11-04,2025-11-10,PEQUEÑO,Trader no regulado,10,10,"FREC,GAPC,CMXC,CBNC,EXIC,DRUC,BEIC,VESC,LESC,FERC",0.48,-64.39,0.005,0.869,0.0,14.3,0,456.77,-72.07,-82.43,0,1.7,3.32,0,0
2025-08-06,2025-11-03,2025-11-04,2025-11-10,GRANDE,Integrado/regional regulado,4,1,"CSIC,EPMC,CMMC,ENDC",-0.52,-16.42,0.005,0.6,0.0,57.1,0,118.81,-23.54,-33.16,1,22.2,8.38,0,0
2025-08-06,2025-11-03,2025-11-04,2025-11-10,MEDIANO,Trader no regulado,3,3,"GECC,SOEC,ISGC",-2.07,-36.63,0.005,0.836,0.0,14.3,0,257.28,-37.27,-38.12,0,3.1,0.04,0,0
2025-08-06,2025-11-03,2025-11-04,2025-11-10,PEQUEÑO,Trader con sobrecobertura de contratos,6,4,"ASCC,EMEC,CHVC,DLRC,PEEC,SCEC",-233.66,-337.24,0.005,0.963,0.0,0.0,1,2362.18,-335.42,-332.97,0,1.7,57.28,0,0
2025-08-06,2025-11-03,2025-11-04,2025-11-10,MEDIANO,Trader con sobrecobertura de contratos,1,1,ETTC,9.57,-26.19,0.5522,0.79,1.0,100.0,0,184.16,-27.33,-28.88,0,3.1,0.8,0,0
2025-08-06,2025-11-03,2025-11-04,2025-11-10,PEQUEÑO,Trader expuesto a bolsa (sin cobertura),4,2,"RPEC,VICC,HIMC,GSAC",91.74,51.17,0.8209,3.163,0.984,100.0,0,0.0,-5.3,-81.52,0,1.7,25.0,0,0
2025-09-05,2025-12-03,2025-12-04,2025-12-10,PEQUEÑO,Integrado/regional regulado,10,9,"EMPC,ENIC,EVSC,CETC,ESOC,CQTC,TENC,EDPC,EBPC,EGVC",33.2,-34.64,0.005,0.85,0.0,71.4,0,241.35,-37.4,-41.12,0,1.7,3.57,0,0
2025-09-05,2025-12-03,2025-12-04,2025-12-10,MEDIANO,Integrado/regional regulado,10,6,"EBSC,CNSC,ESSC,EDQC,CHCC,EMIC,EMSC,EPSC,CEOC,CDNC",14.46,-14.37,0.005,0.599,0.0,100.0,0,97.67,-22.84,-34.27,0,3.2,1.92,0,0
2025-09-05,2025-12-03,2025-12-04,2025-12-10,MEDIANO,Trader no regulado,3,3,"GECC,SOEC,ISGC",-0.25,-34.73,0.005,0.86,0.0,0.0,0,243.23,-35.8,-37.24,0,3.2,0.07,0,0
2025-09-05,2025-12-03,2025-12-04,2025-12-10,PEQUEÑO,Trader no regulado,10,10,"CMXC,FREC,GAPC,CBNC,DRUC,EXIC,BEIC,VESC,LESC,FERC",-5.08,-56.93,0.005,0.854,0.0,28.6,0,394.78,-65.02,-75.94,0,1.7,9.93,0,0
2025-09-05,2025-12-03,2025-12-04,2025-12-10,PEQUEÑO,Trader con sobrecobertura de contratos,6,4,"ASCC,EMEC,CHVC,DLRC,PEEC,SCEC",-238.85,-327.59,0.005,0.978,0.0,0.0,1,2293.28,-327.19,-326.65,0,1.7,63.29,0,0
2025-09-05,2025-12-03,2025-12-04,2025-12-10,MEDIANO,Trader con sobrecobertura de contratos,1,1,ETTC,10.09,-23.87,0.5771,0.813,1.0,42.9,0,167.03,-25.44,-27.57,0,3.2,0.75,0,0
2025-09-05,2025-12-03,2025-12-04,2025-12-10,PEQUEÑO,Trader expuesto a bolsa (sin cobertura),4,2,"RPEC,VICC,HIMC,GSAC",90.6,45.47,0.801,2.578,0.998,100.0,0,0.0,-6.68,-77.06,0,1.7,25.0,0,0
2025-09-05,2025-12-03,2025-12-04,2025-12-10,GRANDE,Integrado/regional regulado,4,2,"CSIC,EPMC,ENDC,CMMC",-0.54,-16.48,0.9602,0.694,0.0,57.1,0,113.19,-23.38,-32.68,1,22.0,8.29,0,0
2025-10-05,2026-01-02,2026-01-03,2026-01-09,PEQUEÑO,Integrado/regional regulado,10,10,"EMPC,ENIC,EVSC,CETC,ESOC,CQTC,TENC,EDPC,EGVC,EBPC",34.59,-47.98,0.005,1.603,0.0,85.7,0,326.36,-51.1,-55.32,0,1.7,7.34,0,0
2025-10-05,2026-01-02,2026-01-03,2026-01-09,MEDIANO,Integrado/regional regulado,10,6,"EBSC,CNSC,ESSC,EDQC,CHCC,EMSC,EMIC,EPSC,CEOC,CDNC",14.23,-41.51,0.005,2.064,0.0,100.0,0,271.11,-46.57,-53.4,0,3.2,5.62,0,0
2025-10-05,2026-01-02,2026-01-03,2026-01-09,GRANDE,Integrado/regional regulado,4,4,"EPMC,CSIC,ENDC,CMMC",-0.52,-42.0,0.005,1.855,0.0,42.9,0,279.25,-44.0,-46.7,1,22.0,8.22,0,0
2025-10-05,2026-01-02,2026-01-03,2026-01-09,MEDIANO,Trader no regulado,3,3,"GECC,SOEC,ISGC",-2.73,-52.49,0.005,1.366,0.0,14.3,0,365.44,-51.4,-49.93,0,3.2,0.03,0,0
2025-10-05,2026-01-02,2026-01-03,2026-01-09,PEQUEÑO,Trader con sobrecobertura de contratos,7,5,"EBPC,ASCC,EMEC,CHVC,PEEC,DLRC,SCEC",-42.74,-115.49,0.005,0.562,0.0,14.3,1,1136.42,-114.45,-113.03,0,1.7,10.53,0,0
2025-10-05,2026-01-02,2026-01-03,2026-01-09,PEQUEÑO,Trader no regulado,10,10,"FREC,CMXC,CBNC,GAPC,DRUC,VESC,EXIC,BEIC,BCCC,SCEC",-49.85,-101.86,0.005,2.102,0.0,28.6,1,611.54,-104.84,-108.85,0,1.7,3.93,0,0
2025-10-05,2026-01-02,2026-01-03,2026-01-09,MEDIANO,Trader con sobrecobertura de contratos,1,1,ETTC,9.0,-42.06,0.5075,1.52,1.0,100.0,0,290.18,-41.24,-40.14,0,3.2,0.59,0,0
2025-10-05,2026-01-02,2026-01-03,2026-01-09,PEQUEÑO,Trader expuesto a bolsa (sin cobertura),4,2,"RPEC,VICC,HIMC,GSAC",87.28,-35.64,0.8458,-1.842,0.024,100.0,0,230.02,-75.39,-129.03,0,1.7,17.86,0,0
2025-11-04,2026-02-01,2026-02-02,2026-02-08,PEQUEÑO,Comercializador regulado,10,9,"EMPC,ENIC,EDPC,ESOC,CETC,EVSC,CQTC,TENC,EBPC,EGVC",31.17,-29.46,0.005,0.892,0.0,100.0,0,214.6,-33.91,-39.93,0,1.7,0.79,0,0
2025-11-04,2026-02-01,2026-02-02,2026-02-08,MEDIANO,Integrado/regional regulado,3,3,"ESSC,EMIC,EPSC",7.26,-26.18,0.005,0.937,0.0,100.0,0,191.67,-29.03,-32.88,0,3.1,3.21,0,0
2025-11-04,2026-02-01,2026-02-02,2026-02-08,MEDIANO,Comercializador regulado,10,7,"EDQC,CNSC,EMSC,CHCC,EBSC,CEOC,CASC,CDNC,HLAC,EEPC",1.0,-22.33,0.005,0.755,0.0,100.0,0,164.23,-28.63,-37.14,0,3.1,3.5,0,0
2025-11-04,2026-02-01,2026-02-02,2026-02-08,GRANDE,Integrado/regional regulado,4,4,"EPMC,CSIC,ENDC,CMMC",-0.54,-24.99,0.005,0.897,0.0,0.0,0,183.28,-28.09,-32.27,1,22.0,7.04,0,0
2025-11-04,2026-02-01,2026-02-02,2026-02-08,MEDIANO,Trader no regulado,3,3,"GECC,SOEC,ISGC",-3.27,-49.9,0.005,1.285,0.0,0.0,0,348.88,-48.49,-46.58,0,3.1,0.44,0,0
2025-11-04,2026-02-01,2026-02-02,2026-02-08,PEQUEÑO,Trader no regulado,10,10,"FREC,GAPC,CBNC,CMXC,DRUC,VESC,EXIC,BEIC,LESC,SCEC",-36.34,-100.04,0.005,0.905,0.0,0.0,1,710.0,-107.08,-116.58,0,1.7,5.59,0,0
2025-11-04,2026-02-01,2026-02-02,2026-02-08,PEQUEÑO,Trader con sobrecobertura de contratos,6,4,"ASCC,CHVC,EMEC,RTQC,PEEC,SCEC",-245.79,-143.16,0.005,1.123,0.0,0.0,1,1001.56,-137.52,-129.92,0,1.7,32.85,0,0
2025-11-04,2026-02-01,2026-02-02,2026-02-08,PEQUEÑO,Trader expuesto a bolsa (sin cobertura),6,2,"ESOC,TRPC,RPEC,VICC,HIMC,GSAC",78.4,87.18,0.0348,5.931,1.0,100.0,0,0.0,36.2,-32.61,0,1.7,0.0,0,0
2025-11-04,2026-02-01,2026-02-02,2026-02-08,MEDIANO,Trader con sobrecobertura de contratos,1,1,ETTC,7.7,-37.83,0.5622,1.328,1.0,100.0,0,265.36,-36.72,-35.22,0,3.1,0.7,0,0
2025-12-04,2026-03-03,2026-03-04,2026-03-10,PEQUEÑO,Comercializador regulado,10,7,"EDPC,ENIC,EMPC,ESOC,TENC,EVSC,CQTC,EGVC,ESVC,EBPC",37.58,-27.11,0.005,0.997,0.0,100.0,0,185.23,-32.74,-40.33,0,1.7,1.98,0,0
2025-12-04,2026-03-03,2026-03-04,2026-03-10,MEDIANO,Integrado/regional regulado,3,3,"ESSC,EMIC,EPSC",14.83,-23.26,0.005,0.944,0.0,71.4,0,160.54,-25.82,-29.27,0,2.9,4.02,0,0
2025-12-04,2026-03-03,2026-03-04,2026-03-10,MEDIANO,Comercializador regulado,10,8,"CASC,EMSC,EDQC,CNSC,CHCC,CEOC,EBSC,HLAC,EEPC,BIAC",9.15,-29.18,0.005,0.945,0.0,71.4,0,202.61,-35.62,-44.3,0,2.9,1.87,0,0
2025-12-04,2026-03-03,2026-03-04,2026-03-10,MEDIANO,Trader con sobrecobertura de contratos,4,4,"ETTC,SOEC,CHVC,ISGC",-15.65,-54.17,0.005,1.157,0.0,0.0,0,368.69,-52.23,-49.62,0,2.9,1.1,0,0
2025-12-04,2026-03-03,2026-03-04,2026-03-10,PEQUEÑO,Trader no regulado,10,10,"GAPC,FREC,CBNC,CMXC,DRUC,VESC,BEIC,EXIC,BCCC,SCEC",-21.26,-78.35,0.005,0.94,0.0,57.1,1,553.65,-83.91,-91.4,0,1.7,6.89,0,0
2025-12-04,2026-03-03,2026-03-04,2026-03-10,PEQUEÑO,Trader con sobrecobertura de contratos,9,7,"ASCC,CBNC,VESC,EMEC,BEIC,SCEC,TRPC,PEEC,FERC",-380.99,-463.31,0.005,1.013,0.0,0.0,1,3221.83,-494.25,-536.01,0,1.7,13.24,0,0
2025-12-04,2026-03-03,2026-03-04,2026-03-10,PEQUEÑO,Trader expuesto a bolsa (sin cobertura),6,3,"ESOC,TRPC,RPEC,VICC,HIMC,GSAC",114.82,99.45,0.0348,2.084,0.768,100.0,0,0.0,50.72,-15.05,0,1.7,14.29,0,0
2025-12-04,2026-03-03,2026-03-04,2026-03-10,MEDIANO,Trader no regulado,1,1,GECC,34.6,4.09,0.5124,-0.595,1.0,100.0,0,11.01,-7.79,-23.82,0,2.9,3.02,0,0
2025-12-04,2026-03-03,2026-03-04,2026-03-10,GRANDE,Integrado/regional regulado,4,4,"CSIC,ENDC,EPMC,CMMC",0.0,-18.09,0.9602,0.891,0.0,0.0,0,126.28,-21.56,-26.24,1,21.7,7.33,0,0
2026-01-03,2026-04-02,2026-04-03,2026-04-09,PEQUEÑO,Comercializador regulado,10,8,"EDPC,ENIC,EMPC,TENC,ESVC,EVSC,CQTC,EBPC,EGVC,CETC",27.93,-45.81,0.005,1.419,0.0,100.0,0,316.46,-52.77,-62.17,0,1.6,1.38,0,0
2026-01-03,2026-04-02,2026-04-03,2026-04-09,MEDIANO,Integrado/regional regulado,3,3,"ESSC,EMIC,EPSC",15.01,-40.12,0.005,1.571,0.0,100.0,0,274.15,-49.42,-61.98,0,2.9,5.36,0,0
2026-01-03,2026-04-02,2026-04-03,2026-04-09,MEDIANO,Comercializador regulado,10,8,"CASC,EDQC,EMSC,CNSC,CHCC,CEOC,EBSC,HLAC,EEPC,BIAC",12.14,-45.93,0.005,1.474,0.0,57.1,0,314.8,-54.36,-65.74,0,2.9,2.28,0,0
2026-01-03,2026-04-02,2026-04-03,2026-04-09,GRANDE,Integrado/regional regulado,4,4,"CSIC,ENDC,EPMC,CMMC",0.0,-37.23,0.005,1.685,0.0,14.3,0,252.64,-46.13,-58.13,1,22.0,4.22,0,0
2026-01-03,2026-04-02,2026-04-03,2026-04-09,MEDIANO,Trader con sobrecobertura de contratos,4,4,"ETTC,SOEC,CHVC,ISGC",-17.46,-62.54,0.005,1.191,0.0,14.3,0,439.86,-62.41,-62.24,0,2.9,5.97,0,0
2026-01-03,2026-04-02,2026-04-03,2026-04-09,PEQUEÑO,Trader no regulado,10,9,"GAPC,CBNC,CMXC,FREC,DRUC,VESC,EXIC,BEIC,BCCC,PEEC",-36.16,-111.47,0.005,1.21,0.0,42.9,1,768.2,-124.64,-142.42,0,1.6,17.21,0,0
2026-01-03,2026-04-02,2026-04-03,2026-04-09,PEQUEÑO,Trader con sobrecobertura de contratos,7,6,"ASCC,CBNC,DRUC,EMEC,BEIC,FERC,PEEC",-180.59,-367.67,0.005,1.055,0.0,0.0,1,2577.38,-349.52,-325.01,0,1.6,12.05,0,0
2026-01-03,2026-04-02,2026-04-03,2026-04-09,MEDIANO,Trader no regulado,1,1,GECC,36.78,-24.4,0.5771,5.422,1.0,100.0,0,158.85,-40.36,-61.9,0,2.9,1.28,0,0
2026-01-03,2026-04-02,2026-04-03,2026-04-09,PEQUEÑO,Trader expuesto a bolsa (sin cobertura),6,2,"ESOC,RPEC,TRPC,VICC,HIMC,GSAC",129.95,27.35,0.9104,0.391,0.61,100.0,0,46.02,-28.41,-103.66,0,1.6,7.14,0,0
2026-02-02,2026-05-02,2026-05-03,2026-05-09,PEQUEÑO,Comercializador regulado,10,9,"EDPC,ENIC,EMPC,TENC,EVSC,ESVC,CQTC,EGVC,EBPC,CETC",32.89,-57.24,0.005,1.413,0.0,100.0,0,386.68,-63.56,-72.1,0,1.6,1.41,0,0
2026-02-02,2026-05-02,2026-05-03,2026-05-09,MEDIANO,Integrado/regional regulado,3,3,"ESSC,EMIC,EPSC",10.16,-55.54,0.005,1.743,0.0,100.0,0,358.13,-65.58,-79.13,0,3.0,2.07,0,0
2026-02-02,2026-05-02,2026-05-03,2026-05-09,MEDIANO,Comercializador regulado,10,6,"CASC,EDQC,EMSC,CNSC,CHCC,CEOC,EBSC,HLAC,BIAC,EEPC",6.75,-63.18,0.005,1.617,0.0,28.6,0,410.01,-72.47,-85.0,0,3.0,1.37,0,0
2026-02-02,2026-05-02,2026-05-03,2026-05-09,GRANDE,Integrado/regional regulado,4,2,"CSIC,ENDC,EPMC,CMMC",0.0,-55.61,0.005,1.827,0.0,71.4,0,358.48,-64.67,-76.89,1,22.1,4.29,0,0
2026-02-02,2026-05-02,2026-05-03,2026-05-09,MEDIANO,Trader con sobrecobertura de contratos,4,3,"ETTC,SOEC,CHVC,ISGC",-17.05,-67.3,0.005,1.161,0.0,0.0,0,469.46,-67.16,-66.97,0,3.0,0.96,0,0
2026-02-02,2026-05-02,2026-05-03,2026-05-09,PEQUEÑO,Trader no regulado,10,9,"GAPC,CMXC,CBNC,FREC,DRUC,VESC,EXIC,BEIC,BCCC,GNYC",-53.87,-177.19,0.005,1.213,0.0,14.3,1,1213.37,-190.49,-208.44,0,1.6,9.0,0,0
2026-02-02,2026-05-02,2026-05-03,2026-05-09,PEQUEÑO,Trader con sobrecobertura de contratos,7,6,"ASCC,CBNC,DRUC,EMEC,BEIC,PEEC,FERC",-217.71,-377.02,0.005,1.066,0.0,0.0,1,2142.42,-359.12,-334.96,0,1.6,7.79,0,0
2026-02-02,2026-05-02,2026-05-03,2026-05-09,MEDIANO,Trader no regulado,1,1,GECC,31.38,-55.18,0.5522,2.965,1.0,100.0,0,335.05,-70.72,-91.69,0,3.0,3.38,0,0
2026-02-02,2026-05-02,2026-05-03,2026-05-09,PEQUEÑO,Trader expuesto a bolsa (sin cobertura),6,2,"ESOC,RPEC,TRPC,VICC,HIMC,GSAC",130.18,-52.41,0.8458,-1.212,0.005,100.0,0,292.72,-110.14,-188.06,0,1.6,25.58,0,0
2026-03-04,2026-06-01,2026-06-02,2026-06-08,PEQUEÑO,Comercializador regulado,10,8,"ESOC,EDPC,ENIC,EMPC,TENC,CETC,CQTC,EVSC,EGVC,EBPC",45.03,-75.26,0.005,1.451,0.0,100.0,1,525.34,-78.99,-84.03,0,1.6,1.56,0,0
2026-03-04,2026-06-01,2026-06-02,2026-06-08,MEDIANO,Comercializador regulado,10,4,"CNSC,CHCC,EDQC,CASC,EBSC,HLAC,CEOC,EMSC,CDNC,EEPC",2.39,-94.98,0.005,1.782,0.0,42.9,1,657.9,-100.91,-108.91,0,3.1,1.76,0,0
2026-03-04,2026-06-01,2026-06-02,2026-06-08,GRANDE,Integrado/regional regulado,4,2,"CSIC,ENDC,EPMC,CMMC",0.0,-86.18,0.005,1.792,0.0,0.0,1,599.5,-91.27,-98.15,1,22.7,4.86,0,0
2026-03-04,2026-06-01,2026-06-02,2026-06-08,MEDIANO,Trader con sobrecobertura de contratos,4,3,"ETTC,SOEC,CHVC,ISGC",-10.96,-68.45,0.005,1.083,0.0,100.0,0,477.74,-68.35,-68.22,0,3.1,0.08,0,0
2026-03-04,2026-06-01,2026-06-02,2026-06-08,PEQUEÑO,Trader no regulado,10,9,"GAPC,CBNC,CMXC,FREC,VESC,EXIC,BCCC,GNYC,LESC,BEIC",-173.58,-326.9,0.005,1.215,0.0,0.0,1,2224.55,-327.53,-328.38,0,1.6,20.18,0,0
2026-03-04,2026-06-01,2026-06-02,2026-06-08,PEQUEÑO,Trader con sobrecobertura de contratos,8,5,"ASCC,DRUC,CBNC,EMEC,GSAC,BEIC,PEEC,FERC",-207.24,-1310.0,0.005,3.501,0.001,0.0,1,8160.26,-1287.98,-1258.27,0,1.6,35.14,0,0
2026-03-04,2026-06-01,2026-06-02,2026-06-08,MEDIANO,Integrado/regional regulado,3,2,"ESSC,EMIC,EPSC",3.85,-92.9,0.2488,1.92,0.0,71.4,1,642.65,-99.75,-109.01,0,3.1,3.52,0,0
2026-03-04,2026-06-01,2026-06-02,2026-06-08,PEQUEÑO,Trader expuesto a bolsa (sin cobertura),6,3,"ESOC,GSAC,RPEC,VICC,TRPC,HIMC",53.79,-285.53,0.3582,8.435,0.0,14.3,1,1949.57,-323.2,-374.05,0,1.6,44.12,0,0
2026-03-04,2026-06-01,2026-06-02,2026-06-08,MEDIANO,Trader no regulado,1,1,GECC,5.84,-118.65,0.6169,2.555,1.0,0.0,1,816.8,-127.35,-139.09,0,3.1,9.02,0,0
2026-04-03,2026-07-01,2026-07-02,2026-07-08,PEQUEÑO,Comercializador regulado,10,10,"ESOC,CETC,TENC,EVSC,CQTC,EBPC,ENIC,ESVC,EGVC,EMPC",91.83,-102.68,0.005,1.503,0.0,100.0,1,725.04,-103.64,-104.94,0,1.6,1.37,0,0
2026-04-03,2026-07-01,2026-07-02,2026-07-08,MEDIANO,Trader con sobrecobertura de contratos,4,4,"ETTC,SOEC,CHVC,ISGC",5.21,-72.1,0.005,1.077,0.0,100.0,1,504.06,-71.66,-71.06,0,3.2,0.39,0,0
2026-04-03,2026-07-01,2026-07-02,2026-07-08,MEDIANO,Integrado/regional regulado,5,2,"EPSC,CNSC,EMIC,ESSC,GNCC",4.42,-145.52,0.005,1.692,0.0,28.6,1,1032.63,-148.07,-151.51,0,3.2,2.34,0,0
2026-04-03,2026-07-01,2026-07-02,2026-07-08,GRANDE,Integrado/regional regulado,4,1,"ENDC,EPMC,CMMC,CSIC",-4.75,-117.76,0.005,1.718,0.0,0.0,1,834.1,-119.49,-121.83,1,22.6,3.38,0,0
2026-04-03,2026-07-01,2026-07-02,2026-07-08,PEQUEÑO,Trader no regulado,9,8,"CBNC,GAPC,FREC,CMXC,VESC,EXIC,LESC,GNYC,BCCC",-138.91,-432.87,0.005,1.465,0.0,0.0,1,3050.27,-435.48,-439.01,0,1.6,6.81,0,0
2026-04-03,2026-07-01,2026-07-02,2026-07-08,PEQUEÑO,Trader con sobrecobertura de contratos,8,5,"ASCC,DRUC,CBNC,EMEC,GSAC,BEIC,PEEC,FERC",-205.35,-1120.56,0.005,1.129,0.0,0.0,1,7969.84,-1119.0,-1116.89,0,1.6,21.78,0,0
2026-04-03,2026-07-01,2026-07-02,2026-07-08,MEDIANO,Comercializador regulado,10,5,"CDNC,CHCC,EDQC,HLAC,CEOC,EBSC,CASC,EMSC,EEPC,BIAC",0.0,-139.31,0.01,1.783,0.0,57.1,1,978.8,-141.23,-143.81,0,3.2,2.43,0,0
2026-04-03,2026-07-01,2026-07-02,2026-07-08,PEQUEÑO,Trader expuesto a bolsa (sin cobertura),5,2,"ESOC,HIMC,RPEC,VICC,TRPC",0.0,-511.79,0.0149,3.197,0.0,0.0,1,3557.37,-525.39,-543.74,0,1.6,10.71,0,0
2026-04-03,2026-07-01,2026-07-02,2026-07-08,MEDIANO,Trader no regulado,2,2,"GECC,CHVC",0.0,-162.21,0.5124,2.155,0.0,0.0,1,1154.04,-165.8,-170.65,0,3.2,8.65,0,0
